# Blender v2.91.0 OBJ File: ''
# www.blender.org
mtllib flagmodel.mtl
o VA_FLAG_0000_VA_FLAG_0000_Flag_VA_FLAG_0000_VA_FLAG_0000_VA
v 1.003846 0.009469 1.479066
v 1.003846 0.009469 1.496454
v 1.036868 0.004172 1.497116
v 1.036868 0.004172 1.479825
v 1.003846 0.012469 1.479065
v 1.036868 0.007172 1.479825
v 1.036868 0.007172 1.497116
v 1.003846 0.012469 1.496453
v 0.013194 0.001403 1.476304
v 0.013194 0.001500 1.476304
v 0.013194 0.001500 1.493958
v 0.013194 0.001403 1.493958
v 0.046216 0.001403 0.961095
v 0.046216 0.001500 0.961095
v 0.013194 0.001500 0.961095
v 0.013194 0.001403 0.961095
v 1.036868 0.007075 0.974863
v 1.036868 0.007172 0.974863
v 1.036868 0.007172 0.957935
v 1.036868 0.007075 0.957935
v 1.003846 0.012372 1.496453
v 1.036868 0.007075 1.497116
v 0.046216 0.001500 1.489622
v 0.046216 0.001403 1.489623
v 0.079238 0.001500 1.484243
v 0.079238 0.001403 1.484244
v 0.112259 0.001500 1.478463
v 0.112259 0.001403 1.478464
v 0.145281 0.001500 1.472926
v 0.145281 0.001403 1.472927
v 0.178303 0.003107 1.468245
v 0.178303 0.003010 1.468246
v 0.211325 0.007172 1.465043
v 0.211325 0.007075 1.465043
v 0.244346 0.012469 1.463910
v 0.244346 0.012372 1.463909
v 0.277368 0.017771 1.463910
v 0.277368 0.017674 1.463909
v 0.310390 0.021852 1.465088
v 0.310390 0.021755 1.465087
v 0.343411 0.023485 1.468278
v 0.343411 0.023388 1.468276
v 0.376433 0.023485 1.472936
v 0.376433 0.023388 1.472934
v 0.409455 0.021852 1.478454
v 0.409455 0.021755 1.478454
v 0.442477 0.017771 1.484214
v 0.442477 0.017674 1.484214
v 0.475498 0.012469 1.489600
v 0.475498 0.012372 1.489600
v 0.508520 0.012469 1.489029
v 0.508520 0.012372 1.489029
v 0.541542 0.017771 1.483414
v 0.541542 0.017674 1.483414
v 0.574564 0.021852 1.477425
v 0.574564 0.021755 1.477425
v 0.607585 0.023485 1.471688
v 0.607585 0.023388 1.471687
v 0.640607 0.023485 1.466831
v 0.640607 0.023388 1.466830
v 0.673629 0.021852 1.463484
v 0.673629 0.021755 1.463483
v 0.706650 0.017771 1.462254
v 0.706650 0.017674 1.462254
v 0.739672 0.012469 1.462254
v 0.739672 0.012372 1.462254
v 0.772694 0.012469 1.463465
v 0.772694 0.012372 1.463465
v 0.805716 0.017771 1.466826
v 0.805716 0.017674 1.466826
v 0.838737 0.021852 1.471734
v 0.838737 0.021755 1.471733
v 0.871759 0.023485 1.477497
v 0.871759 0.023388 1.477496
v 0.904781 0.023485 1.483480
v 0.904781 0.023388 1.483479
v 0.937803 0.021852 1.489052
v 0.937803 0.021755 1.489052
v 0.970824 0.017771 1.493586
v 0.970824 0.017674 1.493586
v 0.013194 -0.001500 1.493971
v 0.013194 -0.001403 1.493971
v 0.046216 -0.001403 1.489643
v 0.046216 -0.001500 1.489644
v 0.013194 -0.001306 1.493970
v 0.046216 -0.001306 1.489642
v 0.013194 -0.001210 1.493969
v 0.046216 -0.001210 1.489641
v 0.013194 -0.001113 1.493969
v 0.046216 -0.001113 1.489640
v 0.013194 -0.001016 1.493969
v 0.046216 -0.001016 1.489640
v 0.013194 -0.000919 1.493968
v 0.046216 -0.000919 1.489639
v 0.013194 -0.000823 1.493968
v 0.046216 -0.000823 1.489638
v 0.013194 -0.000726 1.493967
v 0.046216 -0.000726 1.489637
v 0.013194 -0.000629 1.493967
v 0.046216 -0.000629 1.489637
v 0.013194 -0.000532 1.493966
v 0.046216 -0.000532 1.489636
v 0.013194 -0.000435 1.493966
v 0.046216 -0.000435 1.489635
v 0.013194 -0.000339 1.493965
v 0.046216 -0.000339 1.489634
v 0.013194 -0.000242 1.493965
v 0.046216 -0.000242 1.489634
v 0.013194 -0.000145 1.493965
v 0.046216 -0.000145 1.489633
v 0.013194 -0.000048 1.493964
v 0.046216 -0.000048 1.489632
v 0.013194 0.000048 1.493963
v 0.046216 0.000048 1.489632
v 0.013194 0.000145 1.493963
v 0.046216 0.000145 1.489631
v 0.013194 0.000242 1.493963
v 0.046216 0.000242 1.489630
v 0.013194 0.000339 1.493962
v 0.046216 0.000339 1.489630
v 0.013194 0.000435 1.493962
v 0.046216 0.000435 1.489629
v 0.013194 0.000532 1.493962
v 0.046216 0.000532 1.489628
v 0.013194 0.000629 1.493961
v 0.046216 0.000629 1.489628
v 0.013194 0.000726 1.493961
v 0.046216 0.000726 1.489627
v 0.013194 0.000823 1.493960
v 0.046216 0.000823 1.489626
v 0.013194 0.000919 1.493960
v 0.046216 0.000919 1.489626
v 0.013194 0.001016 1.493960
v 0.046216 0.001016 1.489625
v 0.013194 0.001113 1.493959
v 0.046216 0.001113 1.489624
v 0.013194 0.001210 1.493959
v 0.046216 0.001210 1.489624
v 0.013194 0.001306 1.493958
v 0.046216 0.001306 1.489623
v 0.079238 -0.001403 1.484271
v 0.079238 -0.001500 1.484272
v 0.079238 -0.001306 1.484270
v 0.079238 -0.001210 1.484269
v 0.079238 -0.001113 1.484268
v 0.079238 -0.001016 1.484267
v 0.079238 -0.000919 1.484266
v 0.079238 -0.000823 1.484265
v 0.079238 -0.000726 1.484264
v 0.079238 -0.000629 1.484263
v 0.079238 -0.000532 1.484262
v 0.079238 -0.000435 1.484261
v 0.079238 -0.000339 1.484260
v 0.079238 -0.000242 1.484259
v 0.079238 -0.000145 1.484258
v 0.079238 -0.000048 1.484257
v 0.079238 0.000048 1.484256
v 0.079238 0.000145 1.484255
v 0.079238 0.000242 1.484254
v 0.079238 0.000339 1.484253
v 0.079238 0.000435 1.484252
v 0.079238 0.000532 1.484251
v 0.079238 0.000629 1.484250
v 0.079238 0.000726 1.484249
v 0.079238 0.000823 1.484249
v 0.079238 0.000919 1.484248
v 0.079238 0.001016 1.484247
v 0.079238 0.001113 1.484246
v 0.079238 0.001210 1.484245
v 0.079238 0.001306 1.484244
v 0.112259 -0.001403 1.478499
v 0.112259 -0.001500 1.478501
v 0.112259 -0.001306 1.478498
v 0.112259 -0.001210 1.478497
v 0.112259 -0.001113 1.478495
v 0.112259 -0.001016 1.478494
v 0.112259 -0.000919 1.478493
v 0.112259 -0.000823 1.478491
v 0.112259 -0.000726 1.478490
v 0.112259 -0.000629 1.478489
v 0.112259 -0.000532 1.478487
v 0.112259 -0.000435 1.478486
v 0.112259 -0.000339 1.478485
v 0.112259 -0.000242 1.478484
v 0.112259 -0.000145 1.478482
v 0.112259 -0.000048 1.478481
v 0.112259 0.000048 1.478480
v 0.112259 0.000145 1.478479
v 0.112259 0.000242 1.478478
v 0.112259 0.000339 1.478476
v 0.112259 0.000435 1.478475
v 0.112259 0.000532 1.478474
v 0.112259 0.000629 1.478473
v 0.112259 0.000726 1.478472
v 0.112259 0.000823 1.478471
v 0.112259 0.000919 1.478470
v 0.112259 0.001016 1.478469
v 0.112259 0.001113 1.478467
v 0.112259 0.001210 1.478466
v 0.112259 0.001306 1.478465
v 0.145281 -0.001403 1.472969
v 0.145281 -0.001500 1.472971
v 0.145281 -0.001306 1.472967
v 0.145281 -0.001210 1.472966
v 0.145281 -0.001113 1.472964
v 0.145281 -0.001016 1.472963
v 0.145281 -0.000919 1.472961
v 0.145281 -0.000823 1.472959
v 0.145281 -0.000726 1.472958
v 0.145281 -0.000629 1.472956
v 0.145281 -0.000532 1.472955
v 0.145281 -0.000435 1.472953
v 0.145281 -0.000339 1.472952
v 0.145281 -0.000242 1.472950
v 0.145281 -0.000145 1.472949
v 0.145281 -0.000048 1.472947
v 0.145281 0.000048 1.472946
v 0.145281 0.000145 1.472944
v 0.145281 0.000242 1.472943
v 0.145281 0.000339 1.472941
v 0.145281 0.000435 1.472940
v 0.145281 0.000532 1.472939
v 0.145281 0.000629 1.472937
v 0.145281 0.000726 1.472936
v 0.145281 0.000823 1.472935
v 0.145281 0.000919 1.472933
v 0.145281 0.001016 1.472932
v 0.145281 0.001113 1.472931
v 0.145281 0.001210 1.472929
v 0.145281 0.001306 1.472928
v 0.178303 0.000203 1.468287
v 0.178303 0.000107 1.468288
v 0.178303 0.000300 1.468285
v 0.178303 0.000397 1.468283
v 0.178303 0.000494 1.468282
v 0.178303 0.000590 1.468280
v 0.178303 0.000687 1.468279
v 0.178303 0.000784 1.468277
v 0.178303 0.000881 1.468276
v 0.178303 0.000978 1.468274
v 0.178303 0.001074 1.468273
v 0.178303 0.001171 1.468271
v 0.178303 0.001268 1.468270
v 0.178303 0.001365 1.468268
v 0.178303 0.001461 1.468267
v 0.178303 0.001558 1.468265
v 0.178303 0.001655 1.468264
v 0.178303 0.001752 1.468263
v 0.178303 0.001848 1.468261
v 0.178303 0.001945 1.468260
v 0.178303 0.002042 1.468259
v 0.178303 0.002139 1.468257
v 0.178303 0.002236 1.468256
v 0.178303 0.002332 1.468255
v 0.178303 0.002429 1.468253
v 0.178303 0.002526 1.468252
v 0.178303 0.002623 1.468251
v 0.178303 0.002719 1.468250
v 0.178303 0.002816 1.468248
v 0.178303 0.002913 1.468247
v 0.211325 0.004268 1.465065
v 0.211325 0.004172 1.465066
v 0.211325 0.004365 1.465064
v 0.211325 0.004462 1.465063
v 0.211325 0.004559 1.465062
v 0.211325 0.004655 1.465061
v 0.211325 0.004752 1.465060
v 0.211325 0.004849 1.465059
v 0.211325 0.004946 1.465058
v 0.211325 0.005043 1.465057
v 0.211325 0.005139 1.465056
v 0.211325 0.005236 1.465056
v 0.211325 0.005333 1.465055
v 0.211325 0.005430 1.465054
v 0.211325 0.005526 1.465053
v 0.211325 0.005623 1.465052
v 0.211325 0.005720 1.465052
v 0.211325 0.005817 1.465051
v 0.211325 0.005914 1.465050
v 0.211325 0.006010 1.465050
v 0.211325 0.006107 1.465049
v 0.211325 0.006204 1.465048
v 0.211325 0.006301 1.465048
v 0.211325 0.006397 1.465047
v 0.211325 0.006494 1.465046
v 0.211325 0.006591 1.465046
v 0.211325 0.006688 1.465045
v 0.211325 0.006785 1.465045
v 0.211325 0.006881 1.465044
v 0.211325 0.006978 1.465044
v 0.244346 0.009565 1.463900
v 0.244346 0.009469 1.463900
v 0.244346 0.009662 1.463900
v 0.244346 0.009759 1.463900
v 0.244346 0.009856 1.463900
v 0.244346 0.009953 1.463900
v 0.244346 0.010049 1.463900
v 0.244346 0.010146 1.463900
v 0.244346 0.010243 1.463901
v 0.244346 0.010340 1.463901
v 0.244346 0.010436 1.463901
v 0.244346 0.010533 1.463901
v 0.244346 0.010630 1.463902
v 0.244346 0.010727 1.463902
v 0.244346 0.010824 1.463902
v 0.244346 0.010920 1.463902
v 0.244346 0.011017 1.463902
v 0.244346 0.011114 1.463903
v 0.244346 0.011211 1.463903
v 0.244346 0.011307 1.463904
v 0.244346 0.011404 1.463904
v 0.244346 0.011501 1.463904
v 0.244346 0.011598 1.463905
v 0.244346 0.011694 1.463905
v 0.244346 0.011791 1.463906
v 0.244346 0.011888 1.463906
v 0.244346 0.011985 1.463907
v 0.244346 0.012082 1.463907
v 0.244346 0.012178 1.463908
v 0.244346 0.012275 1.463908
v 0.277368 0.014868 1.463900
v 0.277368 0.014771 1.463900
v 0.277368 0.014965 1.463900
v 0.277368 0.015061 1.463900
v 0.277368 0.015158 1.463900
v 0.277368 0.015255 1.463900
v 0.277368 0.015352 1.463900
v 0.277368 0.015448 1.463900
v 0.277368 0.015545 1.463901
v 0.277368 0.015642 1.463901
v 0.277368 0.015739 1.463901
v 0.277368 0.015836 1.463901
v 0.277368 0.015932 1.463902
v 0.277368 0.016029 1.463902
v 0.277368 0.016126 1.463902
v 0.277368 0.016223 1.463902
v 0.277368 0.016319 1.463902
v 0.277368 0.016416 1.463903
v 0.277368 0.016513 1.463903
v 0.277368 0.016610 1.463904
v 0.277368 0.016707 1.463904
v 0.277368 0.016803 1.463904
v 0.277368 0.016900 1.463905
v 0.277368 0.016997 1.463905
v 0.277368 0.017094 1.463906
v 0.277368 0.017190 1.463906
v 0.277368 0.017287 1.463907
v 0.277368 0.017384 1.463907
v 0.277368 0.017481 1.463908
v 0.277368 0.017578 1.463908
v 0.310390 0.018949 1.465055
v 0.310390 0.018852 1.465054
v 0.310390 0.019046 1.465056
v 0.310390 0.019142 1.465057
v 0.310390 0.019239 1.465058
v 0.310390 0.019336 1.465059
v 0.310390 0.019433 1.465060
v 0.310390 0.019529 1.465060
v 0.310390 0.019626 1.465061
v 0.310390 0.019723 1.465062
v 0.310390 0.019820 1.465063
v 0.310390 0.019917 1.465064
v 0.310390 0.020013 1.465065
v 0.310390 0.020110 1.465066
v 0.310390 0.020207 1.465068
v 0.310390 0.020304 1.465069
v 0.310390 0.020400 1.465070
v 0.310390 0.020497 1.465071
v 0.310390 0.020594 1.465072
v 0.310390 0.020691 1.465073
v 0.310390 0.020788 1.465074
v 0.310390 0.020884 1.465075
v 0.310390 0.020981 1.465077
v 0.310390 0.021078 1.465078
v 0.310390 0.021175 1.465079
v 0.310390 0.021271 1.465080
v 0.310390 0.021368 1.465082
v 0.310390 0.021465 1.465083
v 0.310390 0.021562 1.465084
v 0.310390 0.021659 1.465086
v 0.343411 0.020582 1.468239
v 0.343411 0.020485 1.468238
v 0.343411 0.020679 1.468240
v 0.343411 0.020775 1.468241
v 0.343411 0.020872 1.468242
v 0.343411 0.020969 1.468243
v 0.343411 0.021066 1.468244
v 0.343411 0.021162 1.468245
v 0.343411 0.021259 1.468246
v 0.343411 0.021356 1.468248
v 0.343411 0.021453 1.468249
v 0.343411 0.021550 1.468250
v 0.343411 0.021646 1.468251
v 0.343411 0.021743 1.468252
v 0.343411 0.021840 1.468254
v 0.343411 0.021937 1.468255
v 0.343411 0.022033 1.468256
v 0.343411 0.022130 1.468258
v 0.343411 0.022227 1.468259
v 0.343411 0.022324 1.468260
v 0.343411 0.022420 1.468262
v 0.343411 0.022517 1.468263
v 0.343411 0.022614 1.468264
v 0.343411 0.022711 1.468266
v 0.343411 0.022808 1.468267
v 0.343411 0.022904 1.468269
v 0.343411 0.023001 1.468270
v 0.343411 0.023098 1.468271
v 0.343411 0.023195 1.468273
v 0.343411 0.023291 1.468274
v 0.376433 0.020582 1.472902
v 0.376433 0.020485 1.472901
v 0.376433 0.020679 1.472903
v 0.376433 0.020775 1.472904
v 0.376433 0.020872 1.472905
v 0.376433 0.020969 1.472906
v 0.376433 0.021066 1.472907
v 0.376433 0.021162 1.472908
v 0.376433 0.021259 1.472909
v 0.376433 0.021356 1.472910
v 0.376433 0.021453 1.472911
v 0.376433 0.021550 1.472912
v 0.376433 0.021646 1.472913
v 0.376433 0.021743 1.472914
v 0.376433 0.021840 1.472915
v 0.376433 0.021937 1.472916
v 0.376433 0.022033 1.472917
v 0.376433 0.022130 1.472918
v 0.376433 0.022227 1.472919
v 0.376433 0.022324 1.472921
v 0.376433 0.022420 1.472922
v 0.376433 0.022517 1.472923
v 0.376433 0.022614 1.472924
v 0.376433 0.022711 1.472925
v 0.376433 0.022808 1.472926
v 0.376433 0.022904 1.472928
v 0.376433 0.023001 1.472929
v 0.376433 0.023098 1.472930
v 0.376433 0.023195 1.472932
v 0.376433 0.023291 1.472933
v 0.409455 0.018949 1.478433
v 0.409455 0.018852 1.478432
v 0.409455 0.019046 1.478433
v 0.409455 0.019142 1.478434
v 0.409455 0.019239 1.478434
v 0.409455 0.019336 1.478435
v 0.409455 0.019433 1.478436
v 0.409455 0.019529 1.478436
v 0.409455 0.019626 1.478437
v 0.409455 0.019723 1.478438
v 0.409455 0.019820 1.478438
v 0.409455 0.019917 1.478439
v 0.409455 0.020013 1.478439
v 0.409455 0.020110 1.478440
v 0.409455 0.020207 1.478441
v 0.409455 0.020304 1.478441
v 0.409455 0.020400 1.478442
v 0.409455 0.020497 1.478443
v 0.409455 0.020594 1.478444
v 0.409455 0.020691 1.478444
v 0.409455 0.020788 1.478445
v 0.409455 0.020884 1.478446
v 0.409455 0.020981 1.478447
v 0.409455 0.021078 1.478448
v 0.409455 0.021175 1.478448
v 0.409455 0.021271 1.478449
v 0.409455 0.021368 1.478450
v 0.409455 0.021465 1.478451
v 0.409455 0.021562 1.478452
v 0.409455 0.021659 1.478453
v 0.442477 0.014868 1.484209
v 0.442477 0.014771 1.484209
v 0.442477 0.014965 1.484209
v 0.442477 0.015061 1.484209
v 0.442477 0.015158 1.484210
v 0.442477 0.015255 1.484210
v 0.442477 0.015352 1.484210
v 0.442477 0.015448 1.484210
v 0.442477 0.015545 1.484210
v 0.442477 0.015642 1.484210
v 0.442477 0.015739 1.484210
v 0.442477 0.015836 1.484210
v 0.442477 0.015932 1.484210
v 0.442477 0.016029 1.484210
v 0.442477 0.016126 1.484211
v 0.442477 0.016223 1.484211
v 0.442477 0.016319 1.484211
v 0.442477 0.016416 1.484211
v 0.442477 0.016513 1.484211
v 0.442477 0.016610 1.484211
v 0.442477 0.016707 1.484212
v 0.442477 0.016803 1.484212
v 0.442477 0.016900 1.484212
v 0.442477 0.016997 1.484212
v 0.442477 0.017094 1.484212
v 0.442477 0.017190 1.484213
v 0.442477 0.017287 1.484213
v 0.442477 0.017384 1.484213
v 0.442477 0.017481 1.484213
v 0.442477 0.017578 1.484214
v 0.475498 0.009565 1.489608
v 0.475498 0.009469 1.489609
v 0.475498 0.009662 1.489608
v 0.475498 0.009759 1.489607
v 0.475498 0.009856 1.489607
v 0.475498 0.009953 1.489607
v 0.475498 0.010049 1.489606
v 0.475498 0.010146 1.489606
v 0.475498 0.010243 1.489606
v 0.475498 0.010340 1.489605
v 0.475498 0.010436 1.489605
v 0.475498 0.010533 1.489605
v 0.475498 0.010630 1.489604
v 0.475498 0.010727 1.489604
v 0.475498 0.010824 1.489604
v 0.475498 0.010920 1.489604
v 0.475498 0.011017 1.489603
v 0.475498 0.011114 1.489603
v 0.475498 0.011211 1.489603
v 0.475498 0.011307 1.489602
v 0.475498 0.011404 1.489602
v 0.475498 0.011501 1.489602
v 0.475498 0.011598 1.489602
v 0.475498 0.011694 1.489601
v 0.475498 0.011791 1.489601
v 0.475498 0.011888 1.489601
v 0.475498 0.011985 1.489601
v 0.475498 0.012082 1.489601
v 0.475498 0.012178 1.489600
v 0.475498 0.012275 1.489600
v 0.508520 0.009565 1.489044
v 0.508520 0.009469 1.489045
v 0.508520 0.009662 1.489043
v 0.508520 0.009759 1.489043
v 0.508520 0.009856 1.489042
v 0.508520 0.009953 1.489042
v 0.508520 0.010049 1.489041
v 0.508520 0.010146 1.489040
v 0.508520 0.010243 1.489040
v 0.508520 0.010340 1.489039
v 0.508520 0.010436 1.489039
v 0.508520 0.010533 1.489038
v 0.508520 0.010630 1.489038
v 0.508520 0.010727 1.489037
v 0.508520 0.010824 1.489037
v 0.508520 0.010920 1.489036
v 0.508520 0.011017 1.489035
v 0.508520 0.011114 1.489035
v 0.508520 0.011211 1.489034
v 0.508520 0.011307 1.489034
v 0.508520 0.011404 1.489033
v 0.508520 0.011501 1.489033
v 0.508520 0.011598 1.489033
v 0.508520 0.011694 1.489032
v 0.508520 0.011791 1.489032
v 0.508520 0.011888 1.489031
v 0.508520 0.011985 1.489031
v 0.508520 0.012082 1.489030
v 0.508520 0.012178 1.489030
v 0.508520 0.012275 1.489029
v 0.541542 0.014868 1.483419
v 0.541542 0.014771 1.483419
v 0.541542 0.014965 1.483419
v 0.541542 0.015061 1.483418
v 0.541542 0.015158 1.483418
v 0.541542 0.015255 1.483418
v 0.541542 0.015352 1.483417
v 0.541542 0.015448 1.483417
v 0.541542 0.015545 1.483417
v 0.541542 0.015642 1.483417
v 0.541542 0.015739 1.483417
v 0.541542 0.015836 1.483416
v 0.541542 0.015932 1.483416
v 0.541542 0.016029 1.483416
v 0.541542 0.016126 1.483416
v 0.541542 0.016223 1.483416
v 0.541542 0.016319 1.483415
v 0.541542 0.016416 1.483415
v 0.541542 0.016513 1.483415
v 0.541542 0.016610 1.483415
v 0.541542 0.016707 1.483415
v 0.541542 0.016803 1.483415
v 0.541542 0.016900 1.483415
v 0.541542 0.016997 1.483414
v 0.541542 0.017094 1.483414
v 0.541542 0.017190 1.483414
v 0.541542 0.017287 1.483414
v 0.541542 0.017384 1.483414
v 0.541542 0.017481 1.483414
v 0.541542 0.017578 1.483414
v 0.574564 0.018949 1.477415
v 0.574564 0.018852 1.477415
v 0.574564 0.019046 1.477415
v 0.574564 0.019142 1.477415
v 0.574564 0.019239 1.477415
v 0.574564 0.019336 1.477416
v 0.574564 0.019433 1.477416
v 0.574564 0.019529 1.477416
v 0.574564 0.019626 1.477417
v 0.574564 0.019723 1.477417
v 0.574564 0.019820 1.477417
v 0.574564 0.019917 1.477417
v 0.574564 0.020013 1.477417
v 0.574564 0.020110 1.477418
v 0.574564 0.020207 1.477418
v 0.574564 0.020304 1.477418
v 0.574564 0.020400 1.477419
v 0.574564 0.020497 1.477419
v 0.574564 0.020594 1.477419
v 0.574564 0.020691 1.477420
v 0.574564 0.020788 1.477420
v 0.574564 0.020884 1.477421
v 0.574564 0.020981 1.477421
v 0.574564 0.021078 1.477422
v 0.574564 0.021175 1.477422
v 0.574564 0.021271 1.477422
v 0.574564 0.021368 1.477423
v 0.574564 0.021465 1.477423
v 0.574564 0.021562 1.477424
v 0.574564 0.021659 1.477424
v 0.607585 0.020582 1.471668
v 0.607585 0.020485 1.471667
v 0.607585 0.020679 1.471668
v 0.607585 0.020775 1.471669
v 0.607585 0.020872 1.471669
v 0.607585 0.020969 1.471670
v 0.607585 0.021066 1.471670
v 0.607585 0.021162 1.471671
v 0.607585 0.021259 1.471671
v 0.607585 0.021356 1.471672
v 0.607585 0.021453 1.471673
v 0.607585 0.021550 1.471673
v 0.607585 0.021646 1.471674
v 0.607585 0.021743 1.471674
v 0.607585 0.021840 1.471675
v 0.607585 0.021937 1.471676
v 0.607585 0.022033 1.471676
v 0.607585 0.022130 1.471677
v 0.607585 0.022227 1.471678
v 0.607585 0.022324 1.471678
v 0.607585 0.022420 1.471679
v 0.607585 0.022517 1.471680
v 0.607585 0.022614 1.471681
v 0.607585 0.022711 1.471682
v 0.607585 0.022808 1.471682
v 0.607585 0.022904 1.471683
v 0.607585 0.023001 1.471684
v 0.607585 0.023098 1.471685
v 0.607585 0.023195 1.471686
v 0.607585 0.023291 1.471687
v 0.640607 0.020582 1.466807
v 0.640607 0.020485 1.466807
v 0.640607 0.020679 1.466808
v 0.640607 0.020775 1.466808
v 0.640607 0.020872 1.466809
v 0.640607 0.020969 1.466809
v 0.640607 0.021066 1.466810
v 0.640607 0.021162 1.466810
v 0.640607 0.021259 1.466811
v 0.640607 0.021356 1.466812
v 0.640607 0.021453 1.466812
v 0.640607 0.021550 1.466813
v 0.640607 0.021646 1.466814
v 0.640607 0.021743 1.466815
v 0.640607 0.021840 1.466815
v 0.640607 0.021937 1.466816
v 0.640607 0.022033 1.466817
v 0.640607 0.022130 1.466818
v 0.640607 0.022227 1.466818
v 0.640607 0.022324 1.466819
v 0.640607 0.022420 1.466820
v 0.640607 0.022517 1.466821
v 0.640607 0.022614 1.466822
v 0.640607 0.022711 1.466823
v 0.640607 0.022808 1.466824
v 0.640607 0.022904 1.466825
v 0.640607 0.023001 1.466826
v 0.640607 0.023098 1.466827
v 0.640607 0.023195 1.466828
v 0.640607 0.023291 1.466829
v 0.673629 0.018949 1.463467
v 0.673629 0.018852 1.463467
v 0.673629 0.019046 1.463467
v 0.673629 0.019142 1.463467
v 0.673629 0.019239 1.463468
v 0.673629 0.019336 1.463468
v 0.673629 0.019433 1.463468
v 0.673629 0.019529 1.463469
v 0.673629 0.019626 1.463469
v 0.673629 0.019723 1.463470
v 0.673629 0.019820 1.463470
v 0.673629 0.019917 1.463470
v 0.673629 0.020013 1.463471
v 0.673629 0.020110 1.463471
v 0.673629 0.020207 1.463472
v 0.673629 0.020304 1.463472
v 0.673629 0.020400 1.463473
v 0.673629 0.020497 1.463474
v 0.673629 0.020594 1.463474
v 0.673629 0.020691 1.463475
v 0.673629 0.020788 1.463475
v 0.673629 0.020884 1.463476
v 0.673629 0.020981 1.463477
v 0.673629 0.021078 1.463477
v 0.673629 0.021175 1.463478
v 0.673629 0.021271 1.463479
v 0.673629 0.021368 1.463480
v 0.673629 0.021465 1.463480
v 0.673629 0.021562 1.463481
v 0.673629 0.021659 1.463482
v 0.706650 0.014868 1.462263
v 0.706650 0.014771 1.462264
v 0.706650 0.014965 1.462263
v 0.706650 0.015061 1.462262
v 0.706650 0.015158 1.462261
v 0.706650 0.015255 1.462261
v 0.706650 0.015352 1.462260
v 0.706650 0.015448 1.462260
v 0.706650 0.015545 1.462259
v 0.706650 0.015642 1.462259
v 0.706650 0.015739 1.462258
v 0.706650 0.015836 1.462258
v 0.706650 0.015932 1.462257
v 0.706650 0.016029 1.462257
v 0.706650 0.016126 1.462257
v 0.706650 0.016223 1.462256
v 0.706650 0.016319 1.462256
v 0.706650 0.016416 1.462256
v 0.706650 0.016513 1.462255
v 0.706650 0.016610 1.462255
v 0.706650 0.016707 1.462255
v 0.706650 0.016803 1.462255
v 0.706650 0.016900 1.462254
v 0.706650 0.016997 1.462254
v 0.706650 0.017094 1.462254
v 0.706650 0.017190 1.462254
v 0.706650 0.017287 1.462254
v 0.706650 0.017384 1.462254
v 0.706650 0.017481 1.462254
v 0.706650 0.017578 1.462254
v 0.739672 0.009565 1.462263
v 0.739672 0.009469 1.462264
v 0.739672 0.009662 1.462263
v 0.739672 0.009759 1.462262
v 0.739672 0.009856 1.462261
v 0.739672 0.009953 1.462261
v 0.739672 0.010049 1.462260
v 0.739672 0.010146 1.462260
v 0.739672 0.010243 1.462259
v 0.739672 0.010340 1.462259
v 0.739672 0.010436 1.462258
v 0.739672 0.010533 1.462258
v 0.739672 0.010630 1.462257
v 0.739672 0.010727 1.462257
v 0.739672 0.010824 1.462257
v 0.739672 0.010920 1.462256
v 0.739672 0.011017 1.462256
v 0.739672 0.011114 1.462256
v 0.739672 0.011211 1.462255
v 0.739672 0.011307 1.462255
v 0.739672 0.011404 1.462255
v 0.739672 0.011501 1.462255
v 0.739672 0.011598 1.462254
v 0.739672 0.011694 1.462254
v 0.739672 0.011791 1.462254
v 0.739672 0.011888 1.462254
v 0.739672 0.011985 1.462254
v 0.739672 0.012082 1.462254
v 0.739672 0.012178 1.462254
v 0.739672 0.012275 1.462254
v 0.772694 0.009565 1.463475
v 0.772694 0.009469 1.463475
v 0.772694 0.009662 1.463474
v 0.772694 0.009759 1.463473
v 0.772694 0.009856 1.463473
v 0.772694 0.009953 1.463472
v 0.772694 0.010049 1.463472
v 0.772694 0.010146 1.463471
v 0.772694 0.010243 1.463471
v 0.772694 0.010340 1.463470
v 0.772694 0.010436 1.463470
v 0.772694 0.010533 1.463470
v 0.772694 0.010630 1.463469
v 0.772694 0.010727 1.463469
v 0.772694 0.010824 1.463468
v 0.772694 0.010920 1.463468
v 0.772694 0.011017 1.463468
v 0.772694 0.011114 1.463467
v 0.772694 0.011211 1.463467
v 0.772694 0.011307 1.463467
v 0.772694 0.011404 1.463467
v 0.772694 0.011501 1.463467
v 0.772694 0.011598 1.463466
v 0.772694 0.011694 1.463466
v 0.772694 0.011791 1.463466
v 0.772694 0.011888 1.463466
v 0.772694 0.011985 1.463466
v 0.772694 0.012082 1.463466
v 0.772694 0.012178 1.463466
v 0.772694 0.012275 1.463465
v 0.805716 0.014868 1.466805
v 0.805716 0.014771 1.466805
v 0.805716 0.014965 1.466805
v 0.805716 0.015061 1.466806
v 0.805716 0.015158 1.466806
v 0.805716 0.015255 1.466807
v 0.805716 0.015352 1.466807
v 0.805716 0.015448 1.466808
v 0.805716 0.015545 1.466808
v 0.805716 0.015642 1.466809
v 0.805716 0.015739 1.466810
v 0.805716 0.015836 1.466810
v 0.805716 0.015932 1.466811
v 0.805716 0.016029 1.466812
v 0.805716 0.016126 1.466812
v 0.805716 0.016223 1.466813
v 0.805716 0.016319 1.466814
v 0.805716 0.016416 1.466814
v 0.805716 0.016513 1.466815
v 0.805716 0.016610 1.466816
v 0.805716 0.016707 1.466817
v 0.805716 0.016803 1.466817
v 0.805716 0.016900 1.466818
v 0.805716 0.016997 1.466819
v 0.805716 0.017094 1.466820
v 0.805716 0.017190 1.466821
v 0.805716 0.017287 1.466822
v 0.805716 0.017384 1.466823
v 0.805716 0.017481 1.466823
v 0.805716 0.017578 1.466825
v 0.838737 0.018949 1.471696
v 0.838737 0.018852 1.471695
v 0.838737 0.019046 1.471697
v 0.838737 0.019142 1.471698
v 0.838737 0.019239 1.471699
v 0.838737 0.019336 1.471700
v 0.838737 0.019433 1.471701
v 0.838737 0.019529 1.471702
v 0.838737 0.019626 1.471704
v 0.838737 0.019723 1.471705
v 0.838737 0.019820 1.471706
v 0.838737 0.019917 1.471707
v 0.838737 0.020013 1.471708
v 0.838737 0.020110 1.471710
v 0.838737 0.020207 1.471711
v 0.838737 0.020304 1.471712
v 0.838737 0.020400 1.471713
v 0.838737 0.020497 1.471715
v 0.838737 0.020594 1.471716
v 0.838737 0.020691 1.471717
v 0.838737 0.020788 1.471719
v 0.838737 0.020884 1.471720
v 0.838737 0.020981 1.471721
v 0.838737 0.021078 1.471723
v 0.838737 0.021175 1.471724
v 0.838737 0.021271 1.471725
v 0.838737 0.021368 1.471727
v 0.838737 0.021465 1.471728
v 0.838737 0.021562 1.471730
v 0.838737 0.021659 1.471731
v 0.871759 0.020582 1.477459
v 0.871759 0.020485 1.477458
v 0.871759 0.020679 1.477460
v 0.871759 0.020775 1.477461
v 0.871759 0.020872 1.477462
v 0.871759 0.020969 1.477463
v 0.871759 0.021066 1.477465
v 0.871759 0.021162 1.477466
v 0.871759 0.021259 1.477467
v 0.871759 0.021356 1.477468
v 0.871759 0.021453 1.477469
v 0.871759 0.021550 1.477471
v 0.871759 0.021646 1.477472
v 0.871759 0.021743 1.477473
v 0.871759 0.021840 1.477474
v 0.871759 0.021937 1.477475
v 0.871759 0.022033 1.477477
v 0.871759 0.022130 1.477478
v 0.871759 0.022227 1.477479
v 0.871759 0.022324 1.477481
v 0.871759 0.022420 1.477482
v 0.871759 0.022517 1.477483
v 0.871759 0.022614 1.477484
v 0.871759 0.022711 1.477486
v 0.871759 0.022808 1.477487
v 0.871759 0.022904 1.477489
v 0.871759 0.023001 1.477490
v 0.871759 0.023098 1.477491
v 0.871759 0.023195 1.477493
v 0.871759 0.023291 1.477494
v 0.904781 0.020582 1.483450
v 0.904781 0.020485 1.483449
v 0.904781 0.020679 1.483451
v 0.904781 0.020775 1.483451
v 0.904781 0.020872 1.483452
v 0.904781 0.020969 1.483453
v 0.904781 0.021066 1.483454
v 0.904781 0.021162 1.483455
v 0.904781 0.021259 1.483456
v 0.904781 0.021356 1.483457
v 0.904781 0.021453 1.483458
v 0.904781 0.021550 1.483459
v 0.904781 0.021646 1.483460
v 0.904781 0.021743 1.483461
v 0.904781 0.021840 1.483462
v 0.904781 0.021937 1.483463
v 0.904781 0.022033 1.483464
v 0.904781 0.022130 1.483465
v 0.904781 0.022227 1.483466
v 0.904781 0.022324 1.483467
v 0.904781 0.022420 1.483468
v 0.904781 0.022517 1.483469
v 0.904781 0.022614 1.483470
v 0.904781 0.022711 1.483471
v 0.904781 0.022808 1.483472
v 0.904781 0.022904 1.483473
v 0.904781 0.023001 1.483474
v 0.904781 0.023098 1.483475
v 0.904781 0.023195 1.483476
v 0.904781 0.023291 1.483477
v 0.937803 0.018949 1.489034
v 0.937803 0.018852 1.489033
v 0.937803 0.019046 1.489035
v 0.937803 0.019142 1.489035
v 0.937803 0.019239 1.489035
v 0.937803 0.019336 1.489036
v 0.937803 0.019433 1.489037
v 0.937803 0.019529 1.489037
v 0.937803 0.019626 1.489038
v 0.937803 0.019723 1.489038
v 0.937803 0.019820 1.489039
v 0.937803 0.019917 1.489039
v 0.937803 0.020013 1.489040
v 0.937803 0.020110 1.489040
v 0.937803 0.020207 1.489041
v 0.937803 0.020304 1.489042
v 0.937803 0.020400 1.489042
v 0.937803 0.020497 1.489043
v 0.937803 0.020594 1.489043
v 0.937803 0.020691 1.489044
v 0.937803 0.020788 1.489045
v 0.937803 0.020884 1.489045
v 0.937803 0.020981 1.489046
v 0.937803 0.021078 1.489047
v 0.937803 0.021175 1.489047
v 0.937803 0.021271 1.489048
v 0.937803 0.021368 1.489049
v 0.937803 0.021465 1.489049
v 0.937803 0.021562 1.489050
v 0.937803 0.021659 1.489051
v 0.970824 0.014868 1.493580
v 0.970824 0.014771 1.493580
v 0.970824 0.014965 1.493580
v 0.970824 0.015061 1.493580
v 0.970824 0.015158 1.493581
v 0.970824 0.015255 1.493581
v 0.970824 0.015352 1.493581
v 0.970824 0.015448 1.493581
v 0.970824 0.015545 1.493581
v 0.970824 0.015642 1.493581
v 0.970824 0.015739 1.493581
v 0.970824 0.015836 1.493582
v 0.970824 0.015932 1.493582
v 0.970824 0.016029 1.493582
v 0.970824 0.016126 1.493582
v 0.970824 0.016223 1.493582
v 0.970824 0.016319 1.493582
v 0.970824 0.016416 1.493583
v 0.970824 0.016513 1.493583
v 0.970824 0.016610 1.493583
v 0.970824 0.016707 1.493583
v 0.970824 0.016803 1.493583
v 0.970824 0.016900 1.493584
v 0.970824 0.016997 1.493584
v 0.970824 0.017094 1.493584
v 0.970824 0.017190 1.493584
v 0.970824 0.017287 1.493585
v 0.970824 0.017384 1.493585
v 0.970824 0.017481 1.493585
v 0.970824 0.017578 1.493585
v 1.003846 0.009565 1.496454
v 1.003846 0.009662 1.496454
v 1.003846 0.009759 1.496454
v 1.003846 0.009856 1.496454
v 1.003846 0.009953 1.496454
v 1.003846 0.010049 1.496454
v 1.003846 0.010146 1.496454
v 1.003846 0.010243 1.496454
v 1.003846 0.010340 1.496454
v 1.003846 0.010436 1.496454
v 1.003846 0.010533 1.496454
v 1.003846 0.010630 1.496454
v 1.003846 0.010727 1.496454
v 1.003846 0.010824 1.496454
v 1.003846 0.010920 1.496454
v 1.003846 0.011017 1.496454
v 1.003846 0.011114 1.496454
v 1.003846 0.011211 1.496453
v 1.003846 0.011307 1.496453
v 1.003846 0.011404 1.496453
v 1.003846 0.011501 1.496453
v 1.003846 0.011598 1.496453
v 1.003846 0.011694 1.496453
v 1.003846 0.011791 1.496453
v 1.003846 0.011888 1.496453
v 1.003846 0.011985 1.496453
v 1.003846 0.012082 1.496453
v 1.003846 0.012178 1.496453
v 1.003846 0.012275 1.496453
v 1.036868 0.004268 1.497116
v 1.036868 0.004365 1.497116
v 1.036868 0.004462 1.497116
v 1.036868 0.004559 1.497116
v 1.036868 0.004655 1.497116
v 1.036868 0.004752 1.497116
v 1.036868 0.004849 1.497116
v 1.036868 0.004946 1.497116
v 1.036868 0.005043 1.497116
v 1.036868 0.005139 1.497116
v 1.036868 0.005236 1.497116
v 1.036868 0.005333 1.497116
v 1.036868 0.005430 1.497116
v 1.036868 0.005526 1.497116
v 1.036868 0.005623 1.497116
v 1.036868 0.005720 1.497116
v 1.036868 0.005817 1.497116
v 1.036868 0.005914 1.497116
v 1.036868 0.006010 1.497116
v 1.036868 0.006107 1.497116
v 1.036868 0.006204 1.497116
v 1.036868 0.006301 1.497116
v 1.036868 0.006397 1.497116
v 1.036868 0.006494 1.497116
v 1.036868 0.006591 1.497116
v 1.036868 0.006688 1.497116
v 1.036868 0.006785 1.497116
v 1.036868 0.006881 1.497116
v 1.036868 0.006978 1.497116
v 1.036868 0.007075 1.479825
v 1.036868 0.007172 1.462534
v 1.036868 0.007075 1.462534
v 1.036868 0.007172 1.445017
v 1.036868 0.007075 1.445017
v 1.036868 0.007172 1.426972
v 1.036868 0.007075 1.426972
v 1.036868 0.007172 1.408485
v 1.036868 0.007075 1.408485
v 1.036868 0.007172 1.389645
v 1.036868 0.007075 1.389646
v 1.036868 0.007172 1.370542
v 1.036868 0.007075 1.370543
v 1.036868 0.007172 1.351264
v 1.036868 0.007075 1.351265
v 1.036868 0.007172 1.331895
v 1.036868 0.007075 1.331897
v 1.036868 0.007172 1.312522
v 1.036868 0.007075 1.312523
v 1.036868 0.007172 1.293224
v 1.036868 0.007075 1.293225
v 1.036868 0.007172 1.274078
v 1.036868 0.007075 1.274080
v 1.036868 0.007172 1.255156
v 1.036868 0.007075 1.255158
v 1.036868 0.007172 1.236523
v 1.036868 0.007075 1.236525
v 1.036868 0.007172 1.218231
v 1.036868 0.007075 1.218233
v 1.036868 0.007172 1.200322
v 1.036868 0.007075 1.200324
v 1.036868 0.007172 1.182822
v 1.036868 0.007075 1.182824
v 1.036868 0.007172 1.165531
v 1.036868 0.007075 1.165533
v 1.036868 0.007172 1.148449
v 1.036868 0.007075 1.148451
v 1.036868 0.007172 1.131776
v 1.036868 0.007075 1.131778
v 1.036868 0.007172 1.115485
v 1.036868 0.007075 1.115488
v 1.036868 0.007172 1.099537
v 1.036868 0.007075 1.099539
v 1.036868 0.007172 1.083877
v 1.036868 0.007075 1.083879
v 1.036868 0.007172 1.068440
v 1.036868 0.007075 1.068442
v 1.036868 0.007172 1.053156
v 1.036868 0.007075 1.053158
v 1.036868 0.007172 1.037948
v 1.036868 0.007075 1.037950
v 1.036868 0.007172 1.022734
v 1.036868 0.007075 1.022736
v 1.036868 0.007172 1.007431
v 1.036868 0.007075 1.007432
v 1.036868 0.007172 0.991925
v 1.036868 0.007075 0.991926
v 1.036868 0.004268 1.479825
v 1.036868 0.004365 1.479825
v 1.036868 0.004462 1.479825
v 1.036868 0.004559 1.479825
v 1.036868 0.004655 1.479825
v 1.036868 0.004752 1.479825
v 1.036868 0.004849 1.479825
v 1.036868 0.004945 1.479825
v 1.036868 0.005042 1.479825
v 1.036868 0.005139 1.479825
v 1.036868 0.005235 1.479825
v 1.036868 0.005332 1.479825
v 1.036868 0.005429 1.479825
v 1.036868 0.005525 1.479825
v 1.036868 0.005622 1.479825
v 1.036868 0.005719 1.479825
v 1.036868 0.005816 1.479825
v 1.036868 0.005913 1.479825
v 1.036868 0.006010 1.479825
v 1.036868 0.006106 1.479825
v 1.036868 0.006203 1.479825
v 1.036868 0.006300 1.479825
v 1.036868 0.006397 1.479825
v 1.036868 0.006494 1.479825
v 1.036868 0.006591 1.479825
v 1.036868 0.006688 1.479825
v 1.036868 0.006784 1.479825
v 1.036868 0.006881 1.479825
v 1.036868 0.006978 1.479825
v 1.036868 0.004268 1.462534
v 1.036868 0.004172 1.462534
v 1.036868 0.004365 1.462534
v 1.036868 0.004462 1.462534
v 1.036868 0.004559 1.462534
v 1.036868 0.004655 1.462534
v 1.036868 0.004752 1.462534
v 1.036868 0.004849 1.462534
v 1.036868 0.004945 1.462534
v 1.036868 0.005042 1.462534
v 1.036868 0.005139 1.462534
v 1.036868 0.005235 1.462534
v 1.036868 0.005332 1.462534
v 1.036868 0.005429 1.462534
v 1.036868 0.005525 1.462534
v 1.036868 0.005622 1.462534
v 1.036868 0.005719 1.462534
v 1.036868 0.005816 1.462534
v 1.036868 0.005913 1.462534
v 1.036868 0.006010 1.462534
v 1.036868 0.006106 1.462534
v 1.036868 0.006203 1.462534
v 1.036868 0.006300 1.462534
v 1.036868 0.006397 1.462534
v 1.036868 0.006494 1.462534
v 1.036868 0.006591 1.462534
v 1.036868 0.006688 1.462534
v 1.036868 0.006784 1.462534
v 1.036868 0.006881 1.462534
v 1.036868 0.006978 1.462534
v 1.036868 0.004268 1.445023
v 1.036868 0.004172 1.445023
v 1.036868 0.004365 1.445023
v 1.036868 0.004462 1.445023
v 1.036868 0.004559 1.445023
v 1.036868 0.004655 1.445023
v 1.036868 0.004752 1.445022
v 1.036868 0.004849 1.445022
v 1.036868 0.004945 1.445022
v 1.036868 0.005042 1.445022
v 1.036868 0.005139 1.445021
v 1.036868 0.005235 1.445021
v 1.036868 0.005332 1.445021
v 1.036868 0.005429 1.445021
v 1.036868 0.005525 1.445020
v 1.036868 0.005622 1.445020
v 1.036868 0.005719 1.445020
v 1.036868 0.005816 1.445020
v 1.036868 0.005913 1.445020
v 1.036868 0.006010 1.445020
v 1.036868 0.006106 1.445019
v 1.036868 0.006203 1.445019
v 1.036868 0.006300 1.445019
v 1.036868 0.006397 1.445019
v 1.036868 0.006494 1.445019
v 1.036868 0.006591 1.445018
v 1.036868 0.006688 1.445018
v 1.036868 0.006784 1.445018
v 1.036868 0.006881 1.445018
v 1.036868 0.006978 1.445017
v 1.036868 0.004268 1.426985
v 1.036868 0.004172 1.426986
v 1.036868 0.004365 1.426985
v 1.036868 0.004462 1.426984
v 1.036868 0.004559 1.426984
v 1.036868 0.004655 1.426983
v 1.036868 0.004752 1.426983
v 1.036868 0.004849 1.426982
v 1.036868 0.004945 1.426982
v 1.036868 0.005042 1.426981
v 1.036868 0.005139 1.426981
v 1.036868 0.005235 1.426980
v 1.036868 0.005332 1.426980
v 1.036868 0.005429 1.426980
v 1.036868 0.005525 1.426979
v 1.036868 0.005622 1.426979
v 1.036868 0.005719 1.426978
v 1.036868 0.005816 1.426978
v 1.036868 0.005913 1.426977
v 1.036868 0.006010 1.426977
v 1.036868 0.006106 1.426977
v 1.036868 0.006203 1.426976
v 1.036868 0.006300 1.426976
v 1.036868 0.006397 1.426975
v 1.036868 0.006494 1.426975
v 1.036868 0.006591 1.426975
v 1.036868 0.006688 1.426974
v 1.036868 0.006784 1.426974
v 1.036868 0.006881 1.426973
v 1.036868 0.006978 1.426973
v 1.036868 0.004268 1.408505
v 1.036868 0.004172 1.408505
v 1.036868 0.004365 1.408504
v 1.036868 0.004462 1.408503
v 1.036868 0.004559 1.408502
v 1.036868 0.004655 1.408502
v 1.036868 0.004752 1.408501
v 1.036868 0.004849 1.408500
v 1.036868 0.004945 1.408500
v 1.036868 0.005042 1.408499
v 1.036868 0.005139 1.408498
v 1.036868 0.005235 1.408498
v 1.036868 0.005332 1.408497
v 1.036868 0.005429 1.408496
v 1.036868 0.005525 1.408496
v 1.036868 0.005622 1.408495
v 1.036868 0.005719 1.408494
v 1.036868 0.005816 1.408494
v 1.036868 0.005913 1.408493
v 1.036868 0.006010 1.408492
v 1.036868 0.006106 1.408492
v 1.036868 0.006203 1.408491
v 1.036868 0.006300 1.408490
v 1.036868 0.006397 1.408490
v 1.036868 0.006494 1.408489
v 1.036868 0.006591 1.408488
v 1.036868 0.006688 1.408488
v 1.036868 0.006784 1.408487
v 1.036868 0.006881 1.408486
v 1.036868 0.006978 1.408486
v 1.036868 0.004268 1.389672
v 1.036868 0.004172 1.389673
v 1.036868 0.004365 1.389671
v 1.036868 0.004462 1.389670
v 1.036868 0.004559 1.389669
v 1.036868 0.004655 1.389668
v 1.036868 0.004752 1.389667
v 1.036868 0.004849 1.389666
v 1.036868 0.004945 1.389665
v 1.036868 0.005042 1.389664
v 1.036868 0.005139 1.389663
v 1.036868 0.005235 1.389663
v 1.036868 0.005332 1.389662
v 1.036868 0.005429 1.389661
v 1.036868 0.005525 1.389660
v 1.036868 0.005622 1.389659
v 1.036868 0.005719 1.389658
v 1.036868 0.005816 1.389657
v 1.036868 0.005913 1.389656
v 1.036868 0.006010 1.389655
v 1.036868 0.006106 1.389655
v 1.036868 0.006203 1.389654
v 1.036868 0.006300 1.389653
v 1.036868 0.006397 1.389652
v 1.036868 0.006494 1.389651
v 1.036868 0.006591 1.389650
v 1.036868 0.006688 1.389649
v 1.036868 0.006784 1.389649
v 1.036868 0.006881 1.389648
v 1.036868 0.006978 1.389647
v 1.036868 0.004268 1.370575
v 1.036868 0.004172 1.370577
v 1.036868 0.004365 1.370574
v 1.036868 0.004462 1.370573
v 1.036868 0.004559 1.370572
v 1.036868 0.004655 1.370571
v 1.036868 0.004752 1.370570
v 1.036868 0.004849 1.370568
v 1.036868 0.004945 1.370567
v 1.036868 0.005042 1.370566
v 1.036868 0.005139 1.370565
v 1.036868 0.005235 1.370564
v 1.036868 0.005332 1.370563
v 1.036868 0.005429 1.370562
v 1.036868 0.005525 1.370561
v 1.036868 0.005622 1.370559
v 1.036868 0.005719 1.370558
v 1.036868 0.005816 1.370557
v 1.036868 0.005913 1.370556
v 1.036868 0.006010 1.370555
v 1.036868 0.006106 1.370554
v 1.036868 0.006203 1.370553
v 1.036868 0.006300 1.370552
v 1.036868 0.006397 1.370551
v 1.036868 0.006494 1.370550
v 1.036868 0.006591 1.370549
v 1.036868 0.006688 1.370548
v 1.036868 0.006784 1.370547
v 1.036868 0.006881 1.370546
v 1.036868 0.006978 1.370544
v 1.036868 0.004268 1.351303
v 1.036868 0.004172 1.351304
v 1.036868 0.004365 1.351302
v 1.036868 0.004462 1.351300
v 1.036868 0.004559 1.351299
v 1.036868 0.004655 1.351297
v 1.036868 0.004752 1.351296
v 1.036868 0.004849 1.351295
v 1.036868 0.004945 1.351293
v 1.036868 0.005042 1.351292
v 1.036868 0.005139 1.351291
v 1.036868 0.005235 1.351289
v 1.036868 0.005332 1.351288
v 1.036868 0.005429 1.351287
v 1.036868 0.005525 1.351285
v 1.036868 0.005622 1.351284
v 1.036868 0.005719 1.351283
v 1.036868 0.005816 1.351281
v 1.036868 0.005913 1.351280
v 1.036868 0.006010 1.351279
v 1.036868 0.006106 1.351277
v 1.036868 0.006203 1.351276
v 1.036868 0.006300 1.351275
v 1.036868 0.006397 1.351274
v 1.036868 0.006494 1.351272
v 1.036868 0.006591 1.351271
v 1.036868 0.006688 1.351270
v 1.036868 0.006784 1.351269
v 1.036868 0.006881 1.351267
v 1.036868 0.006978 1.351266
v 1.036868 0.004268 1.331940
v 1.036868 0.004172 1.331942
v 1.036868 0.004365 1.331939
v 1.036868 0.004462 1.331937
v 1.036868 0.004559 1.331936
v 1.036868 0.004655 1.331934
v 1.036868 0.004752 1.331932
v 1.036868 0.004849 1.331931
v 1.036868 0.004945 1.331929
v 1.036868 0.005042 1.331928
v 1.036868 0.005139 1.331926
v 1.036868 0.005235 1.331925
v 1.036868 0.005332 1.331923
v 1.036868 0.005429 1.331922
v 1.036868 0.005525 1.331920
v 1.036868 0.005622 1.331919
v 1.036868 0.005719 1.331917
v 1.036868 0.005816 1.331915
v 1.036868 0.005913 1.331914
v 1.036868 0.006010 1.331913
v 1.036868 0.006106 1.331911
v 1.036868 0.006203 1.331910
v 1.036868 0.006300 1.331908
v 1.036868 0.006397 1.331907
v 1.036868 0.006494 1.331905
v 1.036868 0.006591 1.331904
v 1.036868 0.006688 1.331902
v 1.036868 0.006784 1.331901
v 1.036868 0.006881 1.331900
v 1.036868 0.006978 1.331898
v 1.036868 0.004268 1.312572
v 1.036868 0.004172 1.312574
v 1.036868 0.004365 1.312571
v 1.036868 0.004462 1.312569
v 1.036868 0.004559 1.312567
v 1.036868 0.004655 1.312565
v 1.036868 0.004752 1.312563
v 1.036868 0.004849 1.312562
v 1.036868 0.004945 1.312560
v 1.036868 0.005042 1.312558
v 1.036868 0.005139 1.312557
v 1.036868 0.005235 1.312555
v 1.036868 0.005332 1.312553
v 1.036868 0.005429 1.312551
v 1.036868 0.005525 1.312549
v 1.036868 0.005622 1.312548
v 1.036868 0.005719 1.312546
v 1.036868 0.005816 1.312544
v 1.036868 0.005913 1.312543
v 1.036868 0.006010 1.312541
v 1.036868 0.006106 1.312539
v 1.036868 0.006203 1.312538
v 1.036868 0.006300 1.312536
v 1.036868 0.006397 1.312534
v 1.036868 0.006494 1.312533
v 1.036868 0.006591 1.312531
v 1.036868 0.006688 1.312530
v 1.036868 0.006784 1.312528
v 1.036868 0.006881 1.312526
v 1.036868 0.006978 1.312525
v 1.036868 0.004268 1.293279
v 1.036868 0.004172 1.293281
v 1.036868 0.004365 1.293277
v 1.036868 0.004462 1.293275
v 1.036868 0.004559 1.293273
v 1.036868 0.004655 1.293271
v 1.036868 0.004752 1.293270
v 1.036868 0.004849 1.293267
v 1.036868 0.004945 1.293266
v 1.036868 0.005042 1.293264
v 1.036868 0.005139 1.293262
v 1.036868 0.005235 1.293260
v 1.036868 0.005332 1.293258
v 1.036868 0.005429 1.293256
v 1.036868 0.005525 1.293254
v 1.036868 0.005622 1.293252
v 1.036868 0.005719 1.293250
v 1.036868 0.005816 1.293249
v 1.036868 0.005913 1.293247
v 1.036868 0.006010 1.293245
v 1.036868 0.006106 1.293243
v 1.036868 0.006203 1.293241
v 1.036868 0.006300 1.293239
v 1.036868 0.006397 1.293238
v 1.036868 0.006494 1.293236
v 1.036868 0.006591 1.293234
v 1.036868 0.006688 1.293232
v 1.036868 0.006784 1.293231
v 1.036868 0.006881 1.293229
v 1.036868 0.006978 1.293227
v 1.036868 0.004268 1.274138
v 1.036868 0.004172 1.274141
v 1.036868 0.004365 1.274136
v 1.036868 0.004462 1.274134
v 1.036868 0.004559 1.274132
v 1.036868 0.004655 1.274130
v 1.036868 0.004752 1.274128
v 1.036868 0.004849 1.274126
v 1.036868 0.004945 1.274123
v 1.036868 0.005042 1.274121
v 1.036868 0.005139 1.274119
v 1.036868 0.005235 1.274117
v 1.036868 0.005332 1.274115
v 1.036868 0.005429 1.274113
v 1.036868 0.005525 1.274111
v 1.036868 0.005622 1.274109
v 1.036868 0.005719 1.274107
v 1.036868 0.005816 1.274105
v 1.036868 0.005913 1.274103
v 1.036868 0.006010 1.274101
v 1.036868 0.006106 1.274099
v 1.036868 0.006203 1.274097
v 1.036868 0.006300 1.274095
v 1.036868 0.006397 1.274093
v 1.036868 0.006494 1.274091
v 1.036868 0.006591 1.274089
v 1.036868 0.006688 1.274087
v 1.036868 0.006784 1.274085
v 1.036868 0.006881 1.274084
v 1.036868 0.006978 1.274082
v 1.036868 0.004268 1.255221
v 1.036868 0.004172 1.255223
v 1.036868 0.004365 1.255219
v 1.036868 0.004462 1.255216
v 1.036868 0.004559 1.255214
v 1.036868 0.004655 1.255212
v 1.036868 0.004752 1.255209
v 1.036868 0.004849 1.255207
v 1.036868 0.004945 1.255205
v 1.036868 0.005042 1.255203
v 1.036868 0.005139 1.255201
v 1.036868 0.005235 1.255198
v 1.036868 0.005332 1.255196
v 1.036868 0.005429 1.255194
v 1.036868 0.005525 1.255192
v 1.036868 0.005622 1.255189
v 1.036868 0.005719 1.255187
v 1.036868 0.005816 1.255185
v 1.036868 0.005913 1.255183
v 1.036868 0.006010 1.255181
v 1.036868 0.006106 1.255179
v 1.036868 0.006203 1.255177
v 1.036868 0.006300 1.255175
v 1.036868 0.006397 1.255172
v 1.036868 0.006494 1.255170
v 1.036868 0.006591 1.255168
v 1.036868 0.006688 1.255166
v 1.036868 0.006784 1.255164
v 1.036868 0.006881 1.255162
v 1.036868 0.006978 1.255160
v 1.036868 0.004268 1.236590
v 1.036868 0.004172 1.236593
v 1.036868 0.004365 1.236588
v 1.036868 0.004462 1.236585
v 1.036868 0.004559 1.236583
v 1.036868 0.004655 1.236581
v 1.036868 0.004752 1.236578
v 1.036868 0.004849 1.236576
v 1.036868 0.004945 1.236574
v 1.036868 0.005042 1.236571
v 1.036868 0.005139 1.236569
v 1.036868 0.005235 1.236567
v 1.036868 0.005332 1.236564
v 1.036868 0.005429 1.236562
v 1.036868 0.005525 1.236560
v 1.036868 0.005622 1.236558
v 1.036868 0.005719 1.236555
v 1.036868 0.005816 1.236553
v 1.036868 0.005913 1.236551
v 1.036868 0.006010 1.236548
v 1.036868 0.006106 1.236546
v 1.036868 0.006203 1.236544
v 1.036868 0.006300 1.236542
v 1.036868 0.006397 1.236540
v 1.036868 0.006494 1.236537
v 1.036868 0.006591 1.236535
v 1.036868 0.006688 1.236533
v 1.036868 0.006784 1.236531
v 1.036868 0.006881 1.236529
v 1.036868 0.006978 1.236527
v 1.036868 0.004268 1.218301
v 1.036868 0.004172 1.218304
v 1.036868 0.004365 1.218298
v 1.036868 0.004462 1.218296
v 1.036868 0.004559 1.218293
v 1.036868 0.004655 1.218291
v 1.036868 0.004752 1.218289
v 1.036868 0.004849 1.218286
v 1.036868 0.004945 1.218284
v 1.036868 0.005042 1.218281
v 1.036868 0.005139 1.218279
v 1.036868 0.005235 1.218276
v 1.036868 0.005332 1.218274
v 1.036868 0.005429 1.218272
v 1.036868 0.005525 1.218269
v 1.036868 0.005622 1.218267
v 1.036868 0.005719 1.218264
v 1.036868 0.005816 1.218262
v 1.036868 0.005913 1.218260
v 1.036868 0.006010 1.218258
v 1.036868 0.006106 1.218255
v 1.036868 0.006203 1.218253
v 1.036868 0.006300 1.218251
v 1.036868 0.006397 1.218248
v 1.036868 0.006494 1.218246
v 1.036868 0.006591 1.218244
v 1.036868 0.006688 1.218242
v 1.036868 0.006784 1.218239
v 1.036868 0.006881 1.218237
v 1.036868 0.006978 1.218235
v 1.036868 0.004268 1.200394
v 1.036868 0.004172 1.200396
v 1.036868 0.004365 1.200391
v 1.036868 0.004462 1.200388
v 1.036868 0.004559 1.200386
v 1.036868 0.004655 1.200383
v 1.036868 0.004752 1.200381
v 1.036868 0.004849 1.200378
v 1.036868 0.004945 1.200376
v 1.036868 0.005042 1.200373
v 1.036868 0.005139 1.200371
v 1.036868 0.005235 1.200368
v 1.036868 0.005332 1.200366
v 1.036868 0.005429 1.200363
v 1.036868 0.005525 1.200361
v 1.036868 0.005622 1.200359
v 1.036868 0.005719 1.200356
v 1.036868 0.005816 1.200354
v 1.036868 0.005913 1.200351
v 1.036868 0.006010 1.200349
v 1.036868 0.006106 1.200347
v 1.036868 0.006203 1.200344
v 1.036868 0.006300 1.200342
v 1.036868 0.006397 1.200340
v 1.036868 0.006494 1.200338
v 1.036868 0.006591 1.200335
v 1.036868 0.006688 1.200333
v 1.036868 0.006784 1.200331
v 1.036868 0.006881 1.200328
v 1.036868 0.006978 1.200326
v 1.036868 0.004268 1.182894
v 1.036868 0.004172 1.182897
v 1.036868 0.004365 1.182891
v 1.036868 0.004462 1.182889
v 1.036868 0.004559 1.182886
v 1.036868 0.004655 1.182884
v 1.036868 0.004752 1.182881
v 1.036868 0.004849 1.182879
v 1.036868 0.004945 1.182876
v 1.036868 0.005042 1.182874
v 1.036868 0.005139 1.182871
v 1.036868 0.005235 1.182869
v 1.036868 0.005332 1.182866
v 1.036868 0.005429 1.182864
v 1.036868 0.005525 1.182861
v 1.036868 0.005622 1.182859
v 1.036868 0.005719 1.182856
v 1.036868 0.005816 1.182854
v 1.036868 0.005913 1.182852
v 1.036868 0.006010 1.182849
v 1.036868 0.006106 1.182847
v 1.036868 0.006203 1.182845
v 1.036868 0.006300 1.182842
v 1.036868 0.006397 1.182840
v 1.036868 0.006494 1.182837
v 1.036868 0.006591 1.182835
v 1.036868 0.006688 1.182833
v 1.036868 0.006784 1.182831
v 1.036868 0.006881 1.182828
v 1.036868 0.006978 1.182826
v 1.036868 0.004268 1.165603
v 1.036868 0.004172 1.165606
v 1.036868 0.004365 1.165600
v 1.036868 0.004462 1.165598
v 1.036868 0.004559 1.165595
v 1.036868 0.004655 1.165593
v 1.036868 0.004752 1.165590
v 1.036868 0.004849 1.165588
v 1.036868 0.004945 1.165585
v 1.036868 0.005042 1.165583
v 1.036868 0.005139 1.165580
v 1.036868 0.005235 1.165578
v 1.036868 0.005332 1.165575
v 1.036868 0.005429 1.165573
v 1.036868 0.005525 1.165570
v 1.036868 0.005622 1.165568
v 1.036868 0.005719 1.165566
v 1.036868 0.005816 1.165563
v 1.036868 0.005913 1.165561
v 1.036868 0.006010 1.165558
v 1.036868 0.006106 1.165556
v 1.036868 0.006203 1.165554
v 1.036868 0.006300 1.165551
v 1.036868 0.006397 1.165549
v 1.036868 0.006494 1.165547
v 1.036868 0.006591 1.165544
v 1.036868 0.006688 1.165542
v 1.036868 0.006784 1.165540
v 1.036868 0.006881 1.165537
v 1.036868 0.006978 1.165535
v 1.036868 0.004268 1.148520
v 1.036868 0.004172 1.148523
v 1.036868 0.004365 1.148518
v 1.036868 0.004462 1.148515
v 1.036868 0.004559 1.148513
v 1.036868 0.004655 1.148510
v 1.036868 0.004752 1.148508
v 1.036868 0.004849 1.148505
v 1.036868 0.004945 1.148503
v 1.036868 0.005042 1.148500
v 1.036868 0.005139 1.148498
v 1.036868 0.005235 1.148495
v 1.036868 0.005332 1.148493
v 1.036868 0.005429 1.148491
v 1.036868 0.005525 1.148488
v 1.036868 0.005622 1.148486
v 1.036868 0.005719 1.148483
v 1.036868 0.005816 1.148481
v 1.036868 0.005913 1.148478
v 1.036868 0.006010 1.148476
v 1.036868 0.006106 1.148474
v 1.036868 0.006203 1.148471
v 1.036868 0.006300 1.148469
v 1.036868 0.006397 1.148467
v 1.036868 0.006494 1.148464
v 1.036868 0.006591 1.148462
v 1.036868 0.006688 1.148460
v 1.036868 0.006784 1.148458
v 1.036868 0.006881 1.148455
v 1.036868 0.006978 1.148453
v 1.036868 0.004268 1.131846
v 1.036868 0.004172 1.131848
v 1.036868 0.004365 1.131843
v 1.036868 0.004462 1.131841
v 1.036868 0.004559 1.131838
v 1.036868 0.004655 1.131836
v 1.036868 0.004752 1.131833
v 1.036868 0.004849 1.131831
v 1.036868 0.004945 1.131828
v 1.036868 0.005042 1.131826
v 1.036868 0.005139 1.131824
v 1.036868 0.005235 1.131821
v 1.036868 0.005332 1.131819
v 1.036868 0.005429 1.131816
v 1.036868 0.005525 1.131814
v 1.036868 0.005622 1.131812
v 1.036868 0.005719 1.131809
v 1.036868 0.005816 1.131807
v 1.036868 0.005913 1.131805
v 1.036868 0.006010 1.131802
v 1.036868 0.006106 1.131800
v 1.036868 0.006203 1.131798
v 1.036868 0.006300 1.131796
v 1.036868 0.006397 1.131793
v 1.036868 0.006494 1.131791
v 1.036868 0.006591 1.131789
v 1.036868 0.006688 1.131787
v 1.036868 0.006784 1.131784
v 1.036868 0.006881 1.131782
v 1.036868 0.006978 1.131780
v 1.036868 0.004268 1.115553
v 1.036868 0.004172 1.115556
v 1.036868 0.004365 1.115551
v 1.036868 0.004462 1.115548
v 1.036868 0.004559 1.115546
v 1.036868 0.004655 1.115544
v 1.036868 0.004752 1.115541
v 1.036868 0.004849 1.115539
v 1.036868 0.004945 1.115536
v 1.036868 0.005042 1.115534
v 1.036868 0.005139 1.115532
v 1.036868 0.005235 1.115529
v 1.036868 0.005332 1.115527
v 1.036868 0.005429 1.115525
v 1.036868 0.005525 1.115523
v 1.036868 0.005622 1.115520
v 1.036868 0.005719 1.115518
v 1.036868 0.005816 1.115516
v 1.036868 0.005913 1.115514
v 1.036868 0.006010 1.115511
v 1.036868 0.006106 1.115509
v 1.036868 0.006203 1.115507
v 1.036868 0.006300 1.115505
v 1.036868 0.006397 1.115502
v 1.036868 0.006494 1.115500
v 1.036868 0.006591 1.115498
v 1.036868 0.006688 1.115496
v 1.036868 0.006784 1.115494
v 1.036868 0.006881 1.115492
v 1.036868 0.006978 1.115490
v 1.036868 0.004268 1.099602
v 1.036868 0.004172 1.099604
v 1.036868 0.004365 1.099599
v 1.036868 0.004462 1.099597
v 1.036868 0.004559 1.099595
v 1.036868 0.004655 1.099592
v 1.036868 0.004752 1.099590
v 1.036868 0.004849 1.099588
v 1.036868 0.004945 1.099586
v 1.036868 0.005042 1.099584
v 1.036868 0.005139 1.099581
v 1.036868 0.005235 1.099579
v 1.036868 0.005332 1.099577
v 1.036868 0.005429 1.099575
v 1.036868 0.005525 1.099573
v 1.036868 0.005622 1.099570
v 1.036868 0.005719 1.099568
v 1.036868 0.005816 1.099566
v 1.036868 0.005913 1.099564
v 1.036868 0.006010 1.099562
v 1.036868 0.006106 1.099560
v 1.036868 0.006203 1.099558
v 1.036868 0.006300 1.099555
v 1.036868 0.006397 1.099553
v 1.036868 0.006494 1.099551
v 1.036868 0.006591 1.099549
v 1.036868 0.006688 1.099547
v 1.036868 0.006784 1.099545
v 1.036868 0.006881 1.099543
v 1.036868 0.006978 1.099541
v 1.036868 0.004268 1.083937
v 1.036868 0.004172 1.083939
v 1.036868 0.004365 1.083935
v 1.036868 0.004462 1.083933
v 1.036868 0.004559 1.083931
v 1.036868 0.004655 1.083929
v 1.036868 0.004752 1.083927
v 1.036868 0.004849 1.083925
v 1.036868 0.004945 1.083922
v 1.036868 0.005042 1.083920
v 1.036868 0.005139 1.083918
v 1.036868 0.005235 1.083916
v 1.036868 0.005332 1.083914
v 1.036868 0.005429 1.083912
v 1.036868 0.005525 1.083910
v 1.036868 0.005622 1.083908
v 1.036868 0.005719 1.083906
v 1.036868 0.005816 1.083904
v 1.036868 0.005913 1.083902
v 1.036868 0.006010 1.083900
v 1.036868 0.006106 1.083898
v 1.036868 0.006203 1.083896
v 1.036868 0.006300 1.083894
v 1.036868 0.006397 1.083892
v 1.036868 0.006494 1.083890
v 1.036868 0.006591 1.083888
v 1.036868 0.006688 1.083886
v 1.036868 0.006784 1.083884
v 1.036868 0.006881 1.083882
v 1.036868 0.006978 1.083881
v 1.036868 0.004268 1.068496
v 1.036868 0.004172 1.068498
v 1.036868 0.004365 1.068494
v 1.036868 0.004462 1.068492
v 1.036868 0.004559 1.068490
v 1.036868 0.004655 1.068488
v 1.036868 0.004752 1.068486
v 1.036868 0.004849 1.068484
v 1.036868 0.004945 1.068482
v 1.036868 0.005042 1.068480
v 1.036868 0.005139 1.068478
v 1.036868 0.005235 1.068477
v 1.036868 0.005332 1.068475
v 1.036868 0.005429 1.068473
v 1.036868 0.005525 1.068471
v 1.036868 0.005622 1.068469
v 1.036868 0.005719 1.068467
v 1.036868 0.005816 1.068465
v 1.036868 0.005913 1.068463
v 1.036868 0.006010 1.068462
v 1.036868 0.006106 1.068460
v 1.036868 0.006203 1.068458
v 1.036868 0.006300 1.068456
v 1.036868 0.006397 1.068454
v 1.036868 0.006494 1.068453
v 1.036868 0.006591 1.068451
v 1.036868 0.006688 1.068449
v 1.036868 0.006784 1.068447
v 1.036868 0.006881 1.068446
v 1.036868 0.006978 1.068444
v 1.036868 0.004268 1.053207
v 1.036868 0.004172 1.053209
v 1.036868 0.004365 1.053205
v 1.036868 0.004462 1.053203
v 1.036868 0.004559 1.053202
v 1.036868 0.004655 1.053200
v 1.036868 0.004752 1.053198
v 1.036868 0.004849 1.053196
v 1.036868 0.004945 1.053195
v 1.036868 0.005042 1.053193
v 1.036868 0.005139 1.053191
v 1.036868 0.005235 1.053189
v 1.036868 0.005332 1.053188
v 1.036868 0.005429 1.053186
v 1.036868 0.005525 1.053184
v 1.036868 0.005622 1.053182
v 1.036868 0.005719 1.053181
v 1.036868 0.005816 1.053179
v 1.036868 0.005913 1.053177
v 1.036868 0.006010 1.053176
v 1.036868 0.006106 1.053174
v 1.036868 0.006203 1.053172
v 1.036868 0.006300 1.053171
v 1.036868 0.006397 1.053169
v 1.036868 0.006494 1.053168
v 1.036868 0.006591 1.053166
v 1.036868 0.006688 1.053164
v 1.036868 0.006784 1.053163
v 1.036868 0.006881 1.053161
v 1.036868 0.006978 1.053160
v 1.036868 0.004268 1.037993
v 1.036868 0.004172 1.037995
v 1.036868 0.004365 1.037992
v 1.036868 0.004462 1.037990
v 1.036868 0.004559 1.037988
v 1.036868 0.004655 1.037987
v 1.036868 0.004752 1.037985
v 1.036868 0.004849 1.037984
v 1.036868 0.004945 1.037982
v 1.036868 0.005042 1.037980
v 1.036868 0.005139 1.037979
v 1.036868 0.005235 1.037977
v 1.036868 0.005332 1.037976
v 1.036868 0.005429 1.037974
v 1.036868 0.005525 1.037973
v 1.036868 0.005622 1.037971
v 1.036868 0.005719 1.037970
v 1.036868 0.005816 1.037968
v 1.036868 0.005913 1.037967
v 1.036868 0.006010 1.037965
v 1.036868 0.006106 1.037964
v 1.036868 0.006203 1.037962
v 1.036868 0.006300 1.037961
v 1.036868 0.006397 1.037959
v 1.036868 0.006494 1.037958
v 1.036868 0.006591 1.037957
v 1.036868 0.006688 1.037955
v 1.036868 0.006784 1.037954
v 1.036868 0.006881 1.037952
v 1.036868 0.006978 1.037951
v 1.036868 0.004268 1.022773
v 1.036868 0.004172 1.022775
v 1.036868 0.004365 1.022772
v 1.036868 0.004462 1.022771
v 1.036868 0.004559 1.022769
v 1.036868 0.004655 1.022768
v 1.036868 0.004752 1.022766
v 1.036868 0.004849 1.022765
v 1.036868 0.004945 1.022764
v 1.036868 0.005042 1.022762
v 1.036868 0.005139 1.022761
v 1.036868 0.005235 1.022760
v 1.036868 0.005332 1.022758
v 1.036868 0.005429 1.022757
v 1.036868 0.005525 1.022756
v 1.036868 0.005622 1.022754
v 1.036868 0.005719 1.022753
v 1.036868 0.005816 1.022752
v 1.036868 0.005913 1.022750
v 1.036868 0.006010 1.022749
v 1.036868 0.006106 1.022748
v 1.036868 0.006203 1.022747
v 1.036868 0.006300 1.022745
v 1.036868 0.006397 1.022744
v 1.036868 0.006494 1.022743
v 1.036868 0.006591 1.022742
v 1.036868 0.006688 1.022740
v 1.036868 0.006784 1.022739
v 1.036868 0.006881 1.022738
v 1.036868 0.006978 1.022737
v 1.036868 0.004268 1.007464
v 1.036868 0.004172 1.007465
v 1.036868 0.004365 1.007463
v 1.036868 0.004462 1.007461
v 1.036868 0.004559 1.007460
v 1.036868 0.004655 1.007459
v 1.036868 0.004752 1.007458
v 1.036868 0.004849 1.007457
v 1.036868 0.004945 1.007456
v 1.036868 0.005042 1.007455
v 1.036868 0.005139 1.007453
v 1.036868 0.005235 1.007452
v 1.036868 0.005332 1.007451
v 1.036868 0.005429 1.007450
v 1.036868 0.005525 1.007449
v 1.036868 0.005622 1.007448
v 1.036868 0.005719 1.007447
v 1.036868 0.005816 1.007446
v 1.036868 0.005913 1.007444
v 1.036868 0.006010 1.007443
v 1.036868 0.006106 1.007442
v 1.036868 0.006203 1.007441
v 1.036868 0.006300 1.007440
v 1.036868 0.006397 1.007439
v 1.036868 0.006494 1.007438
v 1.036868 0.006591 1.007437
v 1.036868 0.006688 1.007436
v 1.036868 0.006784 1.007435
v 1.036868 0.006881 1.007434
v 1.036868 0.006978 1.007433
v 1.036868 0.004268 0.991939
v 1.036868 0.004172 0.991940
v 1.036868 0.004365 0.991939
v 1.036868 0.004462 0.991938
v 1.036868 0.004559 0.991938
v 1.036868 0.004655 0.991937
v 1.036868 0.004752 0.991937
v 1.036868 0.004849 0.991936
v 1.036868 0.004945 0.991935
v 1.036868 0.005042 0.991935
v 1.036868 0.005139 0.991935
v 1.036868 0.005235 0.991934
v 1.036868 0.005332 0.991934
v 1.036868 0.005429 0.991933
v 1.036868 0.005525 0.991933
v 1.036868 0.005622 0.991932
v 1.036868 0.005719 0.991932
v 1.036868 0.005816 0.991931
v 1.036868 0.005913 0.991931
v 1.036868 0.006010 0.991930
v 1.036868 0.006106 0.991930
v 1.036868 0.006203 0.991930
v 1.036868 0.006300 0.991929
v 1.036868 0.006397 0.991929
v 1.036868 0.006494 0.991928
v 1.036868 0.006591 0.991928
v 1.036868 0.006688 0.991927
v 1.036868 0.006784 0.991927
v 1.036868 0.006881 0.991927
v 1.036868 0.006978 0.991926
v 1.036868 0.004268 0.974876
v 1.036868 0.004172 0.974876
v 1.036868 0.004365 0.974875
v 1.036868 0.004462 0.974875
v 1.036868 0.004559 0.974874
v 1.036868 0.004655 0.974874
v 1.036868 0.004752 0.974873
v 1.036868 0.004849 0.974873
v 1.036868 0.004945 0.974872
v 1.036868 0.005042 0.974872
v 1.036868 0.005139 0.974871
v 1.036868 0.005235 0.974871
v 1.036868 0.005332 0.974871
v 1.036868 0.005429 0.974870
v 1.036868 0.005525 0.974870
v 1.036868 0.005622 0.974869
v 1.036868 0.005719 0.974869
v 1.036868 0.005816 0.974868
v 1.036868 0.005913 0.974868
v 1.036868 0.006010 0.974867
v 1.036868 0.006106 0.974867
v 1.036868 0.006203 0.974867
v 1.036868 0.006300 0.974866
v 1.036868 0.006397 0.974866
v 1.036868 0.006494 0.974865
v 1.036868 0.006591 0.974865
v 1.036868 0.006688 0.974865
v 1.036868 0.006784 0.974864
v 1.036868 0.006881 0.974864
v 1.036868 0.006978 0.974863
v 1.036868 0.004268 0.957947
v 1.036868 0.004172 0.957948
v 1.036868 0.004365 0.957947
v 1.036868 0.004462 0.957946
v 1.036868 0.004559 0.957946
v 1.036868 0.004655 0.957945
v 1.036868 0.004752 0.957945
v 1.036868 0.004849 0.957944
v 1.036868 0.004946 0.957944
v 1.036868 0.005043 0.957943
v 1.036868 0.005139 0.957943
v 1.036868 0.005236 0.957943
v 1.036868 0.005333 0.957942
v 1.036868 0.005430 0.957942
v 1.036868 0.005526 0.957941
v 1.036868 0.005623 0.957941
v 1.036868 0.005720 0.957940
v 1.036868 0.005817 0.957940
v 1.036868 0.005914 0.957940
v 1.036868 0.006010 0.957939
v 1.036868 0.006107 0.957939
v 1.036868 0.006204 0.957938
v 1.036868 0.006301 0.957938
v 1.036868 0.006397 0.957938
v 1.036868 0.006494 0.957937
v 1.036868 0.006591 0.957937
v 1.036868 0.006688 0.957937
v 1.036868 0.006785 0.957936
v 1.036868 0.006881 0.957936
v 1.036868 0.006978 0.957935
v 1.003846 0.012469 0.953578
v 1.003846 0.012372 0.953579
v 0.970824 0.017771 0.948193
v 0.970824 0.017674 0.948192
v 0.937803 0.021852 0.942433
v 0.937803 0.021755 0.942432
v 0.904781 0.023485 0.936914
v 0.904781 0.023388 0.936913
v 0.871759 0.023485 0.932256
v 0.871759 0.023388 0.932254
v 0.838737 0.021852 0.929067
v 0.838737 0.021755 0.929065
v 0.805716 0.017771 0.927888
v 0.805716 0.017674 0.927887
v 0.772694 0.012469 0.927888
v 0.772694 0.012372 0.927887
v 0.739672 0.012469 0.929025
v 0.739672 0.012372 0.929024
v 0.706651 0.017771 0.932249
v 0.706651 0.017674 0.932248
v 0.673629 0.021852 0.936975
v 0.673629 0.021755 0.936973
v 0.640607 0.023485 0.942529
v 0.640607 0.023388 0.942528
v 0.607585 0.023485 0.937010
v 0.607585 0.023388 0.937007
v 0.574564 0.021852 0.932327
v 0.574564 0.021755 0.932325
v 0.541542 0.017771 0.929086
v 0.541542 0.017674 0.929084
v 0.508520 0.012469 0.927888
v 0.508520 0.012372 0.927887
v 0.475498 0.012469 0.927888
v 0.475498 0.012372 0.927887
v 0.442477 0.017771 0.929086
v 0.442477 0.017674 0.929084
v 0.409455 0.021852 0.932327
v 0.409455 0.021755 0.932325
v 0.376433 0.023485 0.937010
v 0.376433 0.023388 0.937007
v 0.343412 0.023485 0.942529
v 0.343412 0.023388 0.942528
v 0.310390 0.021852 0.948268
v 0.310390 0.021755 0.948267
v 0.277368 0.017771 0.953602
v 0.277368 0.017674 0.953602
v 0.244346 0.012469 0.955508
v 0.244346 0.012372 0.955508
v 0.211325 0.007172 0.957138
v 0.211325 0.007075 0.957138
v 0.178303 0.003107 0.958915
v 0.178303 0.003010 0.958915
v 0.145281 0.001500 0.960393
v 0.145281 0.001403 0.960393
v 0.112259 0.001500 0.961088
v 0.112259 0.001403 0.961088
v 0.079238 0.001500 0.961095
v 0.079238 0.001403 0.961095
v 1.003846 0.009565 0.953587
v 1.003846 0.009469 0.953587
v 1.003846 0.009662 0.953586
v 1.003846 0.009759 0.953586
v 1.003846 0.009856 0.953586
v 1.003846 0.009953 0.953585
v 1.003846 0.010049 0.953585
v 1.003846 0.010146 0.953584
v 1.003846 0.010243 0.953584
v 1.003846 0.010340 0.953584
v 1.003846 0.010436 0.953583
v 1.003846 0.010533 0.953583
v 1.003846 0.010630 0.953583
v 1.003846 0.010727 0.953583
v 1.003846 0.010824 0.953582
v 1.003846 0.010920 0.953582
v 1.003846 0.011017 0.953582
v 1.003846 0.011114 0.953581
v 1.003846 0.011211 0.953581
v 1.003846 0.011307 0.953581
v 1.003846 0.011404 0.953581
v 1.003846 0.011501 0.953580
v 1.003846 0.011598 0.953580
v 1.003846 0.011694 0.953580
v 1.003846 0.011791 0.953580
v 1.003846 0.011888 0.953579
v 1.003846 0.011985 0.953579
v 1.003846 0.012082 0.953579
v 1.003846 0.012178 0.953579
v 1.003846 0.012275 0.953579
v 0.970824 0.014868 0.948188
v 0.970824 0.014771 0.948188
v 0.970824 0.014965 0.948188
v 0.970824 0.015061 0.948188
v 0.970824 0.015158 0.948188
v 0.970824 0.015255 0.948188
v 0.970824 0.015352 0.948188
v 0.970824 0.015448 0.948188
v 0.970824 0.015545 0.948188
v 0.970824 0.015642 0.948188
v 0.970824 0.015739 0.948188
v 0.970824 0.015836 0.948188
v 0.970824 0.015932 0.948189
v 0.970824 0.016029 0.948189
v 0.970824 0.016126 0.948189
v 0.970824 0.016223 0.948189
v 0.970824 0.016319 0.948189
v 0.970824 0.016416 0.948189
v 0.970824 0.016513 0.948189
v 0.970824 0.016610 0.948190
v 0.970824 0.016707 0.948190
v 0.970824 0.016803 0.948190
v 0.970824 0.016900 0.948190
v 0.970824 0.016997 0.948191
v 0.970824 0.017094 0.948191
v 0.970824 0.017190 0.948191
v 0.970824 0.017287 0.948191
v 0.970824 0.017384 0.948191
v 0.970824 0.017481 0.948192
v 0.970824 0.017578 0.948192
v 0.937803 0.018949 0.942411
v 0.937803 0.018852 0.942411
v 0.937803 0.019046 0.942412
v 0.937803 0.019142 0.942412
v 0.937803 0.019239 0.942413
v 0.937803 0.019336 0.942413
v 0.937803 0.019433 0.942414
v 0.937803 0.019529 0.942415
v 0.937803 0.019626 0.942415
v 0.937803 0.019723 0.942416
v 0.937803 0.019820 0.942416
v 0.937803 0.019917 0.942417
v 0.937803 0.020013 0.942418
v 0.937803 0.020110 0.942419
v 0.937803 0.020207 0.942419
v 0.937803 0.020304 0.942420
v 0.937803 0.020400 0.942421
v 0.937803 0.020497 0.942421
v 0.937803 0.020594 0.942422
v 0.937803 0.020691 0.942423
v 0.937803 0.020788 0.942424
v 0.937803 0.020884 0.942424
v 0.937803 0.020981 0.942425
v 0.937803 0.021078 0.942426
v 0.937803 0.021175 0.942427
v 0.937803 0.021271 0.942428
v 0.937803 0.021368 0.942428
v 0.937803 0.021465 0.942429
v 0.937803 0.021562 0.942430
v 0.937803 0.021659 0.942431
v 0.904781 0.020582 0.936880
v 0.904781 0.020485 0.936880
v 0.904781 0.020679 0.936881
v 0.904781 0.020775 0.936882
v 0.904781 0.020872 0.936883
v 0.904781 0.020969 0.936884
v 0.904781 0.021066 0.936885
v 0.904781 0.021162 0.936886
v 0.904781 0.021259 0.936887
v 0.904781 0.021356 0.936888
v 0.904781 0.021453 0.936889
v 0.904781 0.021550 0.936890
v 0.904781 0.021646 0.936891
v 0.904781 0.021743 0.936892
v 0.904781 0.021840 0.936893
v 0.904781 0.021937 0.936894
v 0.904781 0.022033 0.936895
v 0.904781 0.022130 0.936897
v 0.904781 0.022227 0.936898
v 0.904781 0.022324 0.936899
v 0.904781 0.022420 0.936900
v 0.904781 0.022517 0.936901
v 0.904781 0.022614 0.936902
v 0.904781 0.022711 0.936904
v 0.904781 0.022808 0.936905
v 0.904781 0.022904 0.936906
v 0.904781 0.023001 0.936907
v 0.904781 0.023098 0.936909
v 0.904781 0.023195 0.936910
v 0.904781 0.023291 0.936911
v 0.871759 0.020582 0.932217
v 0.871759 0.020485 0.932216
v 0.871759 0.020679 0.932218
v 0.871759 0.020775 0.932219
v 0.871759 0.020872 0.932220
v 0.871759 0.020969 0.932221
v 0.871759 0.021066 0.932223
v 0.871759 0.021162 0.932224
v 0.871759 0.021259 0.932225
v 0.871759 0.021356 0.932226
v 0.871759 0.021453 0.932227
v 0.871759 0.021550 0.932228
v 0.871759 0.021646 0.932230
v 0.871759 0.021743 0.932231
v 0.871759 0.021840 0.932232
v 0.871759 0.021937 0.932233
v 0.871759 0.022033 0.932235
v 0.871759 0.022130 0.932236
v 0.871759 0.022227 0.932237
v 0.871759 0.022324 0.932239
v 0.871759 0.022420 0.932240
v 0.871759 0.022517 0.932241
v 0.871759 0.022614 0.932243
v 0.871759 0.022711 0.932244
v 0.871759 0.022808 0.932245
v 0.871759 0.022904 0.932247
v 0.871759 0.023001 0.932248
v 0.871759 0.023098 0.932250
v 0.871759 0.023195 0.932251
v 0.871759 0.023291 0.932253
v 0.838737 0.018949 0.929034
v 0.838737 0.018852 0.929033
v 0.838737 0.019046 0.929034
v 0.838737 0.019142 0.929035
v 0.838737 0.019239 0.929036
v 0.838737 0.019336 0.929037
v 0.838737 0.019433 0.929038
v 0.838737 0.019529 0.929039
v 0.838737 0.019626 0.929040
v 0.838737 0.019723 0.929041
v 0.838737 0.019820 0.929042
v 0.838737 0.019917 0.929043
v 0.838737 0.020013 0.929044
v 0.838737 0.020110 0.929045
v 0.838737 0.020207 0.929046
v 0.838737 0.020304 0.929047
v 0.838737 0.020400 0.929048
v 0.838737 0.020497 0.929049
v 0.838737 0.020594 0.929050
v 0.838737 0.020691 0.929051
v 0.838737 0.020788 0.929053
v 0.838737 0.020884 0.929054
v 0.838737 0.020981 0.929055
v 0.838737 0.021078 0.929056
v 0.838737 0.021175 0.929058
v 0.838737 0.021271 0.929059
v 0.838737 0.021368 0.929060
v 0.838737 0.021465 0.929061
v 0.838737 0.021562 0.929063
v 0.838737 0.021659 0.929064
v 0.805716 0.014868 0.927878
v 0.805716 0.014771 0.927878
v 0.805716 0.014965 0.927878
v 0.805716 0.015061 0.927878
v 0.805716 0.015158 0.927878
v 0.805716 0.015255 0.927878
v 0.805716 0.015352 0.927879
v 0.805716 0.015448 0.927879
v 0.805716 0.015545 0.927879
v 0.805716 0.015642 0.927879
v 0.805716 0.015739 0.927879
v 0.805716 0.015836 0.927879
v 0.805716 0.015932 0.927880
v 0.805716 0.016029 0.927880
v 0.805716 0.016126 0.927880
v 0.805716 0.016223 0.927881
v 0.805716 0.016319 0.927881
v 0.805716 0.016416 0.927881
v 0.805716 0.016513 0.927882
v 0.805716 0.016610 0.927882
v 0.805716 0.016707 0.927882
v 0.805716 0.016803 0.927883
v 0.805716 0.016900 0.927883
v 0.805716 0.016997 0.927884
v 0.805716 0.017094 0.927884
v 0.805716 0.017190 0.927885
v 0.805716 0.017287 0.927885
v 0.805716 0.017384 0.927886
v 0.805716 0.017481 0.927886
v 0.805716 0.017578 0.927887
v 0.772694 0.009565 0.927878
v 0.772694 0.009469 0.927878
v 0.772694 0.009662 0.927878
v 0.772694 0.009759 0.927878
v 0.772694 0.009856 0.927878
v 0.772694 0.009953 0.927878
v 0.772694 0.010049 0.927879
v 0.772694 0.010146 0.927879
v 0.772694 0.010243 0.927879
v 0.772694 0.010340 0.927879
v 0.772694 0.010436 0.927879
v 0.772694 0.010533 0.927879
v 0.772694 0.010630 0.927880
v 0.772694 0.010727 0.927880
v 0.772694 0.010824 0.927880
v 0.772694 0.010920 0.927881
v 0.772694 0.011017 0.927881
v 0.772694 0.011114 0.927881
v 0.772694 0.011211 0.927882
v 0.772694 0.011307 0.927882
v 0.772694 0.011404 0.927882
v 0.772694 0.011501 0.927883
v 0.772694 0.011598 0.927883
v 0.772694 0.011694 0.927884
v 0.772694 0.011791 0.927884
v 0.772694 0.011888 0.927885
v 0.772694 0.011985 0.927885
v 0.772694 0.012082 0.927886
v 0.772694 0.012178 0.927886
v 0.772694 0.012275 0.927887
v 0.739672 0.009565 0.929016
v 0.739672 0.009469 0.929016
v 0.739672 0.009662 0.929016
v 0.739672 0.009759 0.929016
v 0.739672 0.009856 0.929016
v 0.739672 0.009953 0.929016
v 0.739672 0.010049 0.929016
v 0.739672 0.010146 0.929016
v 0.739672 0.010243 0.929016
v 0.739672 0.010340 0.929016
v 0.739672 0.010436 0.929017
v 0.739672 0.010533 0.929017
v 0.739672 0.010630 0.929017
v 0.739672 0.010727 0.929017
v 0.739672 0.010824 0.929018
v 0.739672 0.010920 0.929018
v 0.739672 0.011017 0.929018
v 0.739672 0.011114 0.929018
v 0.739672 0.011211 0.929019
v 0.739672 0.011307 0.929019
v 0.739672 0.011404 0.929020
v 0.739672 0.011501 0.929020
v 0.739672 0.011598 0.929020
v 0.739672 0.011694 0.929021
v 0.739672 0.011791 0.929021
v 0.739672 0.011888 0.929022
v 0.739672 0.011985 0.929022
v 0.739672 0.012082 0.929023
v 0.739672 0.012178 0.929023
v 0.739672 0.012275 0.929024
v 0.706651 0.014868 0.932213
v 0.706651 0.014771 0.932212
v 0.706651 0.014965 0.932214
v 0.706651 0.015061 0.932215
v 0.706651 0.015158 0.932216
v 0.706651 0.015255 0.932217
v 0.706651 0.015352 0.932218
v 0.706651 0.015448 0.932219
v 0.706651 0.015545 0.932220
v 0.706651 0.015642 0.932221
v 0.706651 0.015739 0.932222
v 0.706651 0.015836 0.932223
v 0.706651 0.015932 0.932225
v 0.706651 0.016029 0.932226
v 0.706651 0.016126 0.932227
v 0.706651 0.016223 0.932228
v 0.706651 0.016319 0.932229
v 0.706651 0.016416 0.932230
v 0.706651 0.016513 0.932232
v 0.706651 0.016610 0.932233
v 0.706651 0.016707 0.932234
v 0.706651 0.016803 0.932236
v 0.706651 0.016900 0.932237
v 0.706651 0.016997 0.932238
v 0.706651 0.017094 0.932240
v 0.706651 0.017190 0.932241
v 0.706651 0.017287 0.932242
v 0.706651 0.017384 0.932244
v 0.706651 0.017481 0.932245
v 0.706651 0.017578 0.932247
v 0.673629 0.018949 0.936925
v 0.673629 0.018852 0.936924
v 0.673629 0.019046 0.936926
v 0.673629 0.019142 0.936928
v 0.673629 0.019239 0.936929
v 0.673629 0.019336 0.936931
v 0.673629 0.019433 0.936933
v 0.673629 0.019529 0.936934
v 0.673629 0.019626 0.936936
v 0.673629 0.019723 0.936937
v 0.673629 0.019820 0.936939
v 0.673629 0.019917 0.936940
v 0.673629 0.020013 0.936942
v 0.673629 0.020110 0.936944
v 0.673629 0.020207 0.936945
v 0.673629 0.020304 0.936947
v 0.673629 0.020400 0.936948
v 0.673629 0.020497 0.936950
v 0.673629 0.020594 0.936952
v 0.673629 0.020691 0.936954
v 0.673629 0.020788 0.936955
v 0.673629 0.020884 0.936957
v 0.673629 0.020981 0.936959
v 0.673629 0.021078 0.936961
v 0.673629 0.021175 0.936962
v 0.673629 0.021271 0.936964
v 0.673629 0.021368 0.936966
v 0.673629 0.021465 0.936968
v 0.673629 0.021562 0.936970
v 0.673629 0.021659 0.936972
v 0.640607 0.020582 0.942481
v 0.640607 0.020485 0.942480
v 0.640607 0.020679 0.942483
v 0.640607 0.020775 0.942484
v 0.640607 0.020872 0.942486
v 0.640607 0.020969 0.942487
v 0.640607 0.021066 0.942489
v 0.640607 0.021162 0.942490
v 0.640607 0.021259 0.942492
v 0.640607 0.021356 0.942493
v 0.640607 0.021453 0.942495
v 0.640607 0.021550 0.942496
v 0.640607 0.021646 0.942498
v 0.640607 0.021743 0.942499
v 0.640607 0.021840 0.942501
v 0.640607 0.021937 0.942502
v 0.640607 0.022033 0.942504
v 0.640607 0.022130 0.942506
v 0.640607 0.022227 0.942507
v 0.640607 0.022324 0.942509
v 0.640607 0.022420 0.942510
v 0.640607 0.022517 0.942512
v 0.640607 0.022614 0.942514
v 0.640607 0.022711 0.942515
v 0.640607 0.022808 0.942517
v 0.640607 0.022904 0.942519
v 0.640607 0.023001 0.942521
v 0.640607 0.023098 0.942522
v 0.640607 0.023195 0.942524
v 0.640607 0.023291 0.942526
v 0.607585 0.020582 0.936952
v 0.607585 0.020485 0.936950
v 0.607585 0.020679 0.936953
v 0.607585 0.020775 0.936955
v 0.607585 0.020872 0.936957
v 0.607585 0.020969 0.936959
v 0.607585 0.021066 0.936960
v 0.607585 0.021162 0.936962
v 0.607585 0.021259 0.936964
v 0.607585 0.021356 0.936966
v 0.607585 0.021453 0.936968
v 0.607585 0.021550 0.936970
v 0.607585 0.021646 0.936971
v 0.607585 0.021743 0.936973
v 0.607585 0.021840 0.936975
v 0.607585 0.021937 0.936977
v 0.607585 0.022033 0.936979
v 0.607585 0.022130 0.936981
v 0.607585 0.022227 0.936983
v 0.607585 0.022324 0.936985
v 0.607585 0.022420 0.936987
v 0.607585 0.022517 0.936989
v 0.607585 0.022614 0.936991
v 0.607585 0.022711 0.936993
v 0.607585 0.022808 0.936995
v 0.607585 0.022904 0.936997
v 0.607585 0.023001 0.936999
v 0.607585 0.023098 0.937001
v 0.607585 0.023195 0.937003
v 0.607585 0.023291 0.937005
v 0.574564 0.018949 0.932269
v 0.574564 0.018852 0.932267
v 0.574564 0.019046 0.932271
v 0.574564 0.019142 0.932272
v 0.574564 0.019239 0.932274
v 0.574564 0.019336 0.932276
v 0.574564 0.019433 0.932277
v 0.574564 0.019529 0.932279
v 0.574564 0.019626 0.932281
v 0.574564 0.019723 0.932283
v 0.574564 0.019820 0.932285
v 0.574564 0.019917 0.932287
v 0.574564 0.020013 0.932288
v 0.574564 0.020110 0.932290
v 0.574564 0.020207 0.932292
v 0.574564 0.020304 0.932294
v 0.574564 0.020400 0.932296
v 0.574564 0.020497 0.932298
v 0.574564 0.020594 0.932300
v 0.574564 0.020691 0.932302
v 0.574564 0.020788 0.932304
v 0.574564 0.020884 0.932306
v 0.574564 0.020981 0.932308
v 0.574564 0.021078 0.932310
v 0.574564 0.021175 0.932312
v 0.574564 0.021271 0.932314
v 0.574564 0.021368 0.932316
v 0.574564 0.021465 0.932318
v 0.574564 0.021562 0.932321
v 0.574564 0.021659 0.932323
v 0.541542 0.014868 0.929045
v 0.541542 0.014771 0.929044
v 0.541542 0.014965 0.929047
v 0.541542 0.015061 0.929048
v 0.541542 0.015158 0.929049
v 0.541542 0.015255 0.929050
v 0.541542 0.015352 0.929051
v 0.541542 0.015448 0.929052
v 0.541542 0.015545 0.929053
v 0.541542 0.015642 0.929055
v 0.541542 0.015739 0.929056
v 0.541542 0.015836 0.929057
v 0.541542 0.015932 0.929058
v 0.541542 0.016029 0.929060
v 0.541542 0.016126 0.929061
v 0.541542 0.016223 0.929062
v 0.541542 0.016319 0.929064
v 0.541542 0.016416 0.929065
v 0.541542 0.016513 0.929066
v 0.541542 0.016610 0.929068
v 0.541542 0.016707 0.929069
v 0.541542 0.016803 0.929071
v 0.541542 0.016900 0.929072
v 0.541542 0.016997 0.929074
v 0.541542 0.017094 0.929075
v 0.541542 0.017190 0.929077
v 0.541542 0.017287 0.929078
v 0.541542 0.017384 0.929080
v 0.541542 0.017481 0.929081
v 0.541542 0.017578 0.929083
v 0.508520 0.009565 0.927878
v 0.508520 0.009469 0.927878
v 0.508520 0.009662 0.927878
v 0.508520 0.009759 0.927878
v 0.508520 0.009856 0.927878
v 0.508520 0.009953 0.927878
v 0.508520 0.010049 0.927879
v 0.508520 0.010146 0.927879
v 0.508520 0.010243 0.927879
v 0.508520 0.010340 0.927879
v 0.508520 0.010436 0.927879
v 0.508520 0.010533 0.927879
v 0.508520 0.010630 0.927880
v 0.508520 0.010727 0.927880
v 0.508520 0.010824 0.927880
v 0.508520 0.010920 0.927881
v 0.508520 0.011017 0.927881
v 0.508520 0.011114 0.927881
v 0.508520 0.011211 0.927882
v 0.508520 0.011307 0.927882
v 0.508520 0.011404 0.927882
v 0.508520 0.011501 0.927883
v 0.508520 0.011598 0.927883
v 0.508520 0.011694 0.927884
v 0.508520 0.011791 0.927884
v 0.508520 0.011888 0.927885
v 0.508520 0.011985 0.927885
v 0.508520 0.012082 0.927886
v 0.508520 0.012178 0.927886
v 0.508520 0.012275 0.927887
v 0.475498 0.009565 0.927878
v 0.475498 0.009469 0.927878
v 0.475498 0.009662 0.927878
v 0.475498 0.009759 0.927878
v 0.475498 0.009856 0.927878
v 0.475498 0.009953 0.927878
v 0.475498 0.010049 0.927879
v 0.475498 0.010146 0.927879
v 0.475498 0.010243 0.927879
v 0.475498 0.010340 0.927879
v 0.475498 0.010436 0.927879
v 0.475498 0.010533 0.927879
v 0.475498 0.010630 0.927880
v 0.475498 0.010727 0.927880
v 0.475498 0.010824 0.927880
v 0.475498 0.010920 0.927881
v 0.475498 0.011017 0.927881
v 0.475498 0.011114 0.927881
v 0.475498 0.011211 0.927882
v 0.475498 0.011307 0.927882
v 0.475498 0.011404 0.927882
v 0.475498 0.011501 0.927883
v 0.475498 0.011598 0.927883
v 0.475498 0.011694 0.927884
v 0.475498 0.011791 0.927884
v 0.475498 0.011888 0.927885
v 0.475498 0.011985 0.927885
v 0.475498 0.012082 0.927886
v 0.475498 0.012178 0.927886
v 0.475498 0.012275 0.927887
v 0.442477 0.014868 0.929045
v 0.442477 0.014771 0.929044
v 0.442477 0.014965 0.929047
v 0.442477 0.015061 0.929048
v 0.442477 0.015158 0.929049
v 0.442477 0.015255 0.929050
v 0.442477 0.015352 0.929051
v 0.442477 0.015448 0.929052
v 0.442477 0.015545 0.929053
v 0.442477 0.015642 0.929055
v 0.442477 0.015739 0.929056
v 0.442477 0.015836 0.929057
v 0.442477 0.015932 0.929058
v 0.442477 0.016029 0.929060
v 0.442477 0.016126 0.929061
v 0.442477 0.016223 0.929062
v 0.442477 0.016319 0.929064
v 0.442477 0.016416 0.929065
v 0.442477 0.016513 0.929066
v 0.442477 0.016610 0.929068
v 0.442477 0.016707 0.929069
v 0.442477 0.016803 0.929071
v 0.442477 0.016900 0.929072
v 0.442477 0.016997 0.929074
v 0.442477 0.017094 0.929075
v 0.442477 0.017190 0.929077
v 0.442477 0.017287 0.929078
v 0.442477 0.017384 0.929080
v 0.442477 0.017481 0.929081
v 0.442477 0.017578 0.929083
v 0.409455 0.018949 0.932269
v 0.409455 0.018852 0.932267
v 0.409455 0.019046 0.932271
v 0.409455 0.019142 0.932272
v 0.409455 0.019239 0.932274
v 0.409455 0.019336 0.932276
v 0.409455 0.019433 0.932277
v 0.409455 0.019529 0.932279
v 0.409455 0.019626 0.932281
v 0.409455 0.019723 0.932283
v 0.409455 0.019820 0.932285
v 0.409455 0.019917 0.932287
v 0.409455 0.020013 0.932288
v 0.409455 0.020110 0.932290
v 0.409455 0.020207 0.932292
v 0.409455 0.020304 0.932294
v 0.409455 0.020400 0.932296
v 0.409455 0.020497 0.932298
v 0.409455 0.020594 0.932300
v 0.409455 0.020691 0.932302
v 0.409455 0.020788 0.932304
v 0.409455 0.020884 0.932306
v 0.409455 0.020981 0.932308
v 0.409455 0.021078 0.932310
v 0.409455 0.021175 0.932312
v 0.409455 0.021271 0.932314
v 0.409455 0.021368 0.932316
v 0.409455 0.021465 0.932318
v 0.409455 0.021562 0.932321
v 0.409455 0.021659 0.932323
v 0.376433 0.020582 0.936952
v 0.376433 0.020485 0.936950
v 0.376433 0.020679 0.936953
v 0.376433 0.020775 0.936955
v 0.376433 0.020872 0.936957
v 0.376433 0.020969 0.936959
v 0.376433 0.021066 0.936960
v 0.376433 0.021162 0.936962
v 0.376433 0.021259 0.936964
v 0.376433 0.021356 0.936966
v 0.376433 0.021453 0.936968
v 0.376433 0.021550 0.936969
v 0.376433 0.021646 0.936971
v 0.376433 0.021743 0.936973
v 0.376433 0.021840 0.936975
v 0.376433 0.021937 0.936977
v 0.376433 0.022033 0.936979
v 0.376433 0.022130 0.936981
v 0.376433 0.022227 0.936983
v 0.376433 0.022324 0.936985
v 0.376433 0.022420 0.936987
v 0.376433 0.022517 0.936989
v 0.376433 0.022614 0.936991
v 0.376433 0.022711 0.936993
v 0.376433 0.022808 0.936995
v 0.376433 0.022904 0.936997
v 0.376433 0.023001 0.936999
v 0.376433 0.023098 0.937001
v 0.376433 0.023195 0.937003
v 0.376433 0.023291 0.937005
v 0.343412 0.020582 0.942481
v 0.343412 0.020485 0.942480
v 0.343412 0.020679 0.942483
v 0.343412 0.020775 0.942484
v 0.343412 0.020872 0.942486
v 0.343412 0.020969 0.942487
v 0.343412 0.021066 0.942489
v 0.343412 0.021162 0.942490
v 0.343412 0.021259 0.942492
v 0.343412 0.021356 0.942493
v 0.343412 0.021453 0.942495
v 0.343412 0.021550 0.942496
v 0.343412 0.021646 0.942498
v 0.343412 0.021743 0.942499
v 0.343412 0.021840 0.942501
v 0.343412 0.021937 0.942502
v 0.343412 0.022033 0.942504
v 0.343412 0.022130 0.942506
v 0.343412 0.022227 0.942507
v 0.343412 0.022324 0.942509
v 0.343412 0.022420 0.942510
v 0.343412 0.022517 0.942512
v 0.343412 0.022614 0.942514
v 0.343412 0.022711 0.942515
v 0.343412 0.022808 0.942517
v 0.343412 0.022904 0.942519
v 0.343412 0.023001 0.942521
v 0.343412 0.023098 0.942522
v 0.343412 0.023195 0.942524
v 0.343412 0.023291 0.942526
v 0.310390 0.018949 0.948235
v 0.310390 0.018852 0.948234
v 0.310390 0.019046 0.948236
v 0.310390 0.019142 0.948237
v 0.310390 0.019239 0.948238
v 0.310390 0.019336 0.948239
v 0.310390 0.019433 0.948240
v 0.310390 0.019529 0.948241
v 0.310390 0.019626 0.948242
v 0.310390 0.019723 0.948243
v 0.310390 0.019820 0.948244
v 0.310390 0.019917 0.948245
v 0.310390 0.020013 0.948246
v 0.310390 0.020110 0.948247
v 0.310390 0.020207 0.948248
v 0.310390 0.020304 0.948249
v 0.310390 0.020400 0.948250
v 0.310390 0.020497 0.948251
v 0.310390 0.020594 0.948252
v 0.310390 0.020691 0.948254
v 0.310390 0.020788 0.948255
v 0.310390 0.020884 0.948256
v 0.310390 0.020981 0.948257
v 0.310390 0.021078 0.948258
v 0.310390 0.021175 0.948259
v 0.310390 0.021271 0.948261
v 0.310390 0.021368 0.948262
v 0.310390 0.021465 0.948263
v 0.310390 0.021562 0.948264
v 0.310390 0.021659 0.948265
v 0.277368 0.014868 0.953587
v 0.277368 0.014771 0.953587
v 0.277368 0.014965 0.953588
v 0.277368 0.015061 0.953588
v 0.277368 0.015158 0.953589
v 0.277368 0.015255 0.953589
v 0.277368 0.015352 0.953589
v 0.277368 0.015448 0.953590
v 0.277368 0.015545 0.953590
v 0.277368 0.015642 0.953591
v 0.277368 0.015739 0.953591
v 0.277368 0.015836 0.953592
v 0.277368 0.015932 0.953592
v 0.277368 0.016029 0.953593
v 0.277368 0.016126 0.953593
v 0.277368 0.016223 0.953594
v 0.277368 0.016319 0.953594
v 0.277368 0.016416 0.953595
v 0.277368 0.016513 0.953595
v 0.277368 0.016610 0.953596
v 0.277368 0.016707 0.953596
v 0.277368 0.016803 0.953597
v 0.277368 0.016900 0.953597
v 0.277368 0.016997 0.953598
v 0.277368 0.017094 0.953598
v 0.277368 0.017190 0.953599
v 0.277368 0.017287 0.953599
v 0.277368 0.017384 0.953600
v 0.277368 0.017481 0.953601
v 0.277368 0.017578 0.953601
v 0.244346 0.009565 0.955523
v 0.244346 0.009469 0.955523
v 0.244346 0.009662 0.955522
v 0.244346 0.009759 0.955521
v 0.244346 0.009856 0.955521
v 0.244346 0.009953 0.955520
v 0.244346 0.010049 0.955520
v 0.244346 0.010146 0.955519
v 0.244346 0.010243 0.955519
v 0.244346 0.010340 0.955518
v 0.244346 0.010436 0.955518
v 0.244346 0.010533 0.955517
v 0.244346 0.010630 0.955517
v 0.244346 0.010727 0.955516
v 0.244346 0.010824 0.955516
v 0.244346 0.010920 0.955515
v 0.244346 0.011017 0.955515
v 0.244346 0.011114 0.955514
v 0.244346 0.011211 0.955514
v 0.244346 0.011307 0.955513
v 0.244346 0.011404 0.955513
v 0.244346 0.011501 0.955512
v 0.244346 0.011598 0.955512
v 0.244346 0.011694 0.955511
v 0.244346 0.011791 0.955511
v 0.244346 0.011888 0.955510
v 0.244346 0.011985 0.955510
v 0.244346 0.012082 0.955510
v 0.244346 0.012178 0.955509
v 0.244346 0.012275 0.955509
v 0.211325 0.004268 0.957158
v 0.211325 0.004172 0.957159
v 0.211325 0.004365 0.957157
v 0.211325 0.004462 0.957156
v 0.211325 0.004559 0.957156
v 0.211325 0.004655 0.957155
v 0.211325 0.004752 0.957154
v 0.211325 0.004849 0.957153
v 0.211325 0.004946 0.957153
v 0.211325 0.005043 0.957152
v 0.211325 0.005139 0.957151
v 0.211325 0.005236 0.957151
v 0.211325 0.005333 0.957150
v 0.211325 0.005430 0.957149
v 0.211325 0.005526 0.957149
v 0.211325 0.005623 0.957148
v 0.211325 0.005720 0.957147
v 0.211325 0.005817 0.957147
v 0.211325 0.005914 0.957146
v 0.211325 0.006010 0.957145
v 0.211325 0.006107 0.957144
v 0.211325 0.006204 0.957144
v 0.211325 0.006301 0.957143
v 0.211325 0.006397 0.957143
v 0.211325 0.006494 0.957142
v 0.211325 0.006591 0.957141
v 0.211325 0.006688 0.957141
v 0.211325 0.006785 0.957140
v 0.211325 0.006881 0.957139
v 0.211325 0.006978 0.957139
v 0.178303 0.000203 0.958934
v 0.178303 0.000107 0.958935
v 0.178303 0.000300 0.958933
v 0.178303 0.000397 0.958933
v 0.178303 0.000494 0.958932
v 0.178303 0.000590 0.958931
v 0.178303 0.000687 0.958930
v 0.178303 0.000784 0.958930
v 0.178303 0.000881 0.958929
v 0.178303 0.000978 0.958928
v 0.178303 0.001074 0.958928
v 0.178303 0.001171 0.958927
v 0.178303 0.001268 0.958926
v 0.178303 0.001365 0.958926
v 0.178303 0.001461 0.958925
v 0.178303 0.001558 0.958924
v 0.178303 0.001655 0.958924
v 0.178303 0.001752 0.958923
v 0.178303 0.001848 0.958923
v 0.178303 0.001945 0.958922
v 0.178303 0.002042 0.958921
v 0.178303 0.002139 0.958921
v 0.178303 0.002236 0.958920
v 0.178303 0.002332 0.958920
v 0.178303 0.002429 0.958919
v 0.178303 0.002526 0.958918
v 0.178303 0.002623 0.958918
v 0.178303 0.002719 0.958917
v 0.178303 0.002816 0.958916
v 0.178303 0.002913 0.958916
v 0.145281 -0.001403 0.960404
v 0.145281 -0.001500 0.960405
v 0.145281 -0.001306 0.960404
v 0.145281 -0.001210 0.960404
v 0.145281 -0.001113 0.960403
v 0.145281 -0.001016 0.960403
v 0.145281 -0.000919 0.960402
v 0.145281 -0.000823 0.960402
v 0.145281 -0.000726 0.960401
v 0.145281 -0.000629 0.960401
v 0.145281 -0.000532 0.960401
v 0.145281 -0.000435 0.960400
v 0.145281 -0.000339 0.960400
v 0.145281 -0.000242 0.960400
v 0.145281 -0.000145 0.960399
v 0.145281 -0.000048 0.960399
v 0.145281 0.000048 0.960398
v 0.145281 0.000145 0.960398
v 0.145281 0.000242 0.960398
v 0.145281 0.000339 0.960397
v 0.145281 0.000435 0.960397
v 0.145281 0.000532 0.960396
v 0.145281 0.000629 0.960396
v 0.145281 0.000726 0.960396
v 0.145281 0.000823 0.960395
v 0.145281 0.000919 0.960395
v 0.145281 0.001016 0.960395
v 0.145281 0.001113 0.960394
v 0.145281 0.001210 0.960394
v 0.145281 0.001306 0.960393
v 0.112259 -0.001403 0.961089
v 0.112259 -0.001500 0.961089
v 0.112259 -0.001306 0.961089
v 0.112259 -0.001210 0.961089
v 0.112259 -0.001113 0.961089
v 0.112259 -0.001016 0.961089
v 0.112259 -0.000919 0.961089
v 0.112259 -0.000823 0.961089
v 0.112259 -0.000726 0.961089
v 0.112259 -0.000629 0.961089
v 0.112259 -0.000532 0.961089
v 0.112259 -0.000435 0.961089
v 0.112259 -0.000339 0.961089
v 0.112259 -0.000242 0.961089
v 0.112259 -0.000145 0.961089
v 0.112259 -0.000048 0.961089
v 0.112259 0.000048 0.961089
v 0.112259 0.000145 0.961089
v 0.112259 0.000242 0.961089
v 0.112259 0.000339 0.961089
v 0.112259 0.000435 0.961089
v 0.112259 0.000532 0.961089
v 0.112259 0.000629 0.961089
v 0.112259 0.000726 0.961089
v 0.112259 0.000823 0.961089
v 0.112259 0.000919 0.961088
v 0.112259 0.001016 0.961088
v 0.112259 0.001113 0.961088
v 0.112259 0.001210 0.961088
v 0.112259 0.001306 0.961088
v 0.079238 -0.001403 0.961095
v 0.079238 -0.001500 0.961095
v 0.079238 -0.001306 0.961095
v 0.079238 -0.001210 0.961095
v 0.079238 -0.001113 0.961095
v 0.079238 -0.001016 0.961095
v 0.079238 -0.000919 0.961095
v 0.079238 -0.000823 0.961095
v 0.079238 -0.000726 0.961095
v 0.079238 -0.000629 0.961095
v 0.079238 -0.000532 0.961095
v 0.079238 -0.000435 0.961095
v 0.079238 -0.000339 0.961095
v 0.079238 -0.000242 0.961095
v 0.079238 -0.000145 0.961095
v 0.079238 -0.000048 0.961095
v 0.079238 0.000048 0.961095
v 0.079238 0.000145 0.961095
v 0.079238 0.000242 0.961095
v 0.079238 0.000339 0.961095
v 0.079238 0.000435 0.961095
v 0.079238 0.000532 0.961095
v 0.079238 0.000629 0.961095
v 0.079238 0.000726 0.961095
v 0.079238 0.000823 0.961095
v 0.079238 0.000919 0.961095
v 0.079238 0.001016 0.961095
v 0.079238 0.001113 0.961095
v 0.079238 0.001210 0.961095
v 0.079238 0.001306 0.961095
v 0.046216 -0.001403 0.961095
v 0.046216 -0.001500 0.961095
v 0.046216 -0.001306 0.961095
v 0.046216 -0.001210 0.961095
v 0.046216 -0.001113 0.961095
v 0.046216 -0.001016 0.961095
v 0.046216 -0.000919 0.961095
v 0.046216 -0.000823 0.961095
v 0.046216 -0.000726 0.961095
v 0.046216 -0.000629 0.961095
v 0.046216 -0.000532 0.961095
v 0.046216 -0.000435 0.961095
v 0.046216 -0.000339 0.961095
v 0.046216 -0.000242 0.961095
v 0.046216 -0.000145 0.961095
v 0.046216 -0.000048 0.961095
v 0.046216 0.000048 0.961095
v 0.046216 0.000145 0.961095
v 0.046216 0.000242 0.961095
v 0.046216 0.000339 0.961095
v 0.046216 0.000435 0.961095
v 0.046216 0.000532 0.961095
v 0.046216 0.000629 0.961095
v 0.046216 0.000726 0.961095
v 0.046216 0.000823 0.961095
v 0.046216 0.000919 0.961095
v 0.046216 0.001016 0.961095
v 0.046216 0.001113 0.961095
v 0.046216 0.001210 0.961095
v 0.046216 0.001306 0.961095
v 0.013194 -0.001403 0.961095
v 0.013194 -0.001500 0.961095
v 0.013194 -0.001306 0.961095
v 0.013194 -0.001210 0.961095
v 0.013194 -0.001113 0.961095
v 0.013194 -0.001016 0.961095
v 0.013194 -0.000919 0.961095
v 0.013194 -0.000823 0.961095
v 0.013194 -0.000726 0.961095
v 0.013194 -0.000629 0.961095
v 0.013194 -0.000532 0.961095
v 0.013194 -0.000435 0.961095
v 0.013194 -0.000339 0.961095
v 0.013194 -0.000242 0.961095
v 0.013194 -0.000145 0.961095
v 0.013194 -0.000048 0.961095
v 0.013194 0.000048 0.961095
v 0.013194 0.000145 0.961095
v 0.013194 0.000242 0.961095
v 0.013194 0.000339 0.961095
v 0.013194 0.000435 0.961095
v 0.013194 0.000532 0.961095
v 0.013194 0.000629 0.961095
v 0.013194 0.000726 0.961095
v 0.013194 0.000823 0.961095
v 0.013194 0.000919 0.961095
v 0.013194 0.001016 0.961095
v 0.013194 0.001113 0.961095
v 0.013194 0.001210 0.961095
v 0.013194 0.001306 0.961095
v 0.013194 0.001500 0.978386
v 0.013194 0.001403 0.978386
v 0.013194 0.001500 0.995677
v 0.013194 0.001403 0.995677
v 0.013194 0.001500 1.012968
v 0.013194 0.001403 1.012968
v 0.013194 0.001500 1.030259
v 0.013194 0.001403 1.030259
v 0.013194 0.001500 1.047550
v 0.013194 0.001403 1.047550
v 0.013194 0.001500 1.064841
v 0.013194 0.001403 1.064841
v 0.013194 0.001500 1.082132
v 0.013194 0.001403 1.082132
v 0.013194 0.001500 1.099423
v 0.013194 0.001403 1.099423
v 0.013194 0.001500 1.116714
v 0.013194 0.001403 1.116714
v 0.013194 0.001500 1.134005
v 0.013194 0.001403 1.134005
v 0.013194 0.001500 1.151296
v 0.013194 0.001403 1.151296
v 0.013194 0.001500 1.168587
v 0.013194 0.001403 1.168587
v 0.013194 0.001500 1.185878
v 0.013194 0.001403 1.185878
v 0.013194 0.001500 1.203169
v 0.013194 0.001403 1.203169
v 0.013194 0.001500 1.220460
v 0.013194 0.001403 1.220460
v 0.013194 0.001500 1.237751
v 0.013194 0.001403 1.237751
v 0.013194 0.001500 1.255041
v 0.013194 0.001403 1.255041
v 0.013194 0.001500 1.272183
v 0.013194 0.001403 1.272183
v 0.013194 0.001500 1.289121
v 0.013194 0.001403 1.289121
v 0.013194 0.001500 1.305922
v 0.013194 0.001403 1.305923
v 0.013194 0.001500 1.322650
v 0.013194 0.001403 1.322650
v 0.013194 0.001500 1.339360
v 0.013194 0.001403 1.339360
v 0.013194 0.001500 1.356102
v 0.013194 0.001403 1.356103
v 0.013194 0.001500 1.372921
v 0.013194 0.001403 1.372921
v 0.013194 0.001500 1.389848
v 0.013194 0.001403 1.389849
v 0.013194 0.001500 1.406911
v 0.013194 0.001403 1.406912
v 0.013194 0.001500 1.424125
v 0.013194 0.001403 1.424125
v 0.013194 0.001500 1.441416
v 0.013194 0.001403 1.441416
v 0.013194 0.001500 1.458784
v 0.013194 0.001403 1.458785
v 0.013194 -0.001403 0.978386
v 0.013194 -0.001500 0.978386
v 0.013194 -0.001306 0.978386
v 0.013194 -0.001210 0.978386
v 0.013194 -0.001113 0.978386
v 0.013194 -0.001016 0.978386
v 0.013194 -0.000919 0.978386
v 0.013194 -0.000823 0.978386
v 0.013194 -0.000726 0.978386
v 0.013194 -0.000629 0.978386
v 0.013194 -0.000532 0.978386
v 0.013194 -0.000435 0.978386
v 0.013194 -0.000339 0.978386
v 0.013194 -0.000242 0.978386
v 0.013194 -0.000145 0.978386
v 0.013194 -0.000048 0.978386
v 0.013194 0.000048 0.978386
v 0.013194 0.000145 0.978386
v 0.013194 0.000242 0.978386
v 0.013194 0.000339 0.978386
v 0.013194 0.000435 0.978386
v 0.013194 0.000532 0.978386
v 0.013194 0.000629 0.978386
v 0.013194 0.000726 0.978386
v 0.013194 0.000823 0.978386
v 0.013194 0.000919 0.978386
v 0.013194 0.001016 0.978386
v 0.013194 0.001113 0.978386
v 0.013194 0.001210 0.978386
v 0.013194 0.001306 0.978386
v 0.013194 -0.001403 0.995677
v 0.013194 -0.001500 0.995677
v 0.013194 -0.001306 0.995677
v 0.013194 -0.001210 0.995677
v 0.013194 -0.001113 0.995677
v 0.013194 -0.001016 0.995677
v 0.013194 -0.000919 0.995677
v 0.013194 -0.000823 0.995677
v 0.013194 -0.000726 0.995677
v 0.013194 -0.000629 0.995677
v 0.013194 -0.000532 0.995677
v 0.013194 -0.000435 0.995677
v 0.013194 -0.000339 0.995677
v 0.013194 -0.000242 0.995677
v 0.013194 -0.000145 0.995677
v 0.013194 -0.000048 0.995677
v 0.013194 0.000048 0.995677
v 0.013194 0.000145 0.995677
v 0.013194 0.000242 0.995677
v 0.013194 0.000339 0.995677
v 0.013194 0.000435 0.995677
v 0.013194 0.000532 0.995677
v 0.013194 0.000629 0.995677
v 0.013194 0.000726 0.995677
v 0.013194 0.000823 0.995677
v 0.013194 0.000919 0.995677
v 0.013194 0.001016 0.995677
v 0.013194 0.001113 0.995677
v 0.013194 0.001210 0.995677
v 0.013194 0.001306 0.995677
v 0.013194 -0.001403 1.012968
v 0.013194 -0.001500 1.012968
v 0.013194 -0.001306 1.012968
v 0.013194 -0.001210 1.012968
v 0.013194 -0.001113 1.012968
v 0.013194 -0.001016 1.012968
v 0.013194 -0.000919 1.012968
v 0.013194 -0.000823 1.012968
v 0.013194 -0.000726 1.012968
v 0.013194 -0.000629 1.012968
v 0.013194 -0.000532 1.012968
v 0.013194 -0.000435 1.012968
v 0.013194 -0.000339 1.012968
v 0.013194 -0.000242 1.012968
v 0.013194 -0.000145 1.012968
v 0.013194 -0.000048 1.012968
v 0.013194 0.000048 1.012968
v 0.013194 0.000145 1.012968
v 0.013194 0.000242 1.012968
v 0.013194 0.000339 1.012968
v 0.013194 0.000435 1.012968
v 0.013194 0.000532 1.012968
v 0.013194 0.000629 1.012968
v 0.013194 0.000726 1.012968
v 0.013194 0.000823 1.012968
v 0.013194 0.000919 1.012968
v 0.013194 0.001016 1.012968
v 0.013194 0.001113 1.012968
v 0.013194 0.001210 1.012968
v 0.013194 0.001306 1.012968
v 0.013194 -0.001403 1.030259
v 0.013194 -0.001500 1.030259
v 0.013194 -0.001306 1.030259
v 0.013194 -0.001210 1.030259
v 0.013194 -0.001113 1.030259
v 0.013194 -0.001016 1.030259
v 0.013194 -0.000919 1.030259
v 0.013194 -0.000823 1.030259
v 0.013194 -0.000726 1.030259
v 0.013194 -0.000629 1.030259
v 0.013194 -0.000532 1.030259
v 0.013194 -0.000435 1.030259
v 0.013194 -0.000339 1.030259
v 0.013194 -0.000242 1.030259
v 0.013194 -0.000145 1.030259
v 0.013194 -0.000048 1.030259
v 0.013194 0.000048 1.030259
v 0.013194 0.000145 1.030259
v 0.013194 0.000242 1.030259
v 0.013194 0.000339 1.030259
v 0.013194 0.000435 1.030259
v 0.013194 0.000532 1.030259
v 0.013194 0.000629 1.030259
v 0.013194 0.000726 1.030259
v 0.013194 0.000823 1.030259
v 0.013194 0.000919 1.030259
v 0.013194 0.001016 1.030259
v 0.013194 0.001113 1.030259
v 0.013194 0.001210 1.030259
v 0.013194 0.001306 1.030259
v 0.013194 -0.001403 1.047550
v 0.013194 -0.001500 1.047550
v 0.013194 -0.001306 1.047550
v 0.013194 -0.001210 1.047550
v 0.013194 -0.001113 1.047550
v 0.013194 -0.001016 1.047550
v 0.013194 -0.000919 1.047550
v 0.013194 -0.000823 1.047550
v 0.013194 -0.000726 1.047550
v 0.013194 -0.000629 1.047550
v 0.013194 -0.000532 1.047550
v 0.013194 -0.000435 1.047550
v 0.013194 -0.000339 1.047550
v 0.013194 -0.000242 1.047550
v 0.013194 -0.000145 1.047550
v 0.013194 -0.000048 1.047550
v 0.013194 0.000048 1.047550
v 0.013194 0.000145 1.047550
v 0.013194 0.000242 1.047550
v 0.013194 0.000339 1.047550
v 0.013194 0.000435 1.047550
v 0.013194 0.000532 1.047550
v 0.013194 0.000629 1.047550
v 0.013194 0.000726 1.047550
v 0.013194 0.000823 1.047550
v 0.013194 0.000919 1.047550
v 0.013194 0.001016 1.047550
v 0.013194 0.001113 1.047550
v 0.013194 0.001210 1.047550
v 0.013194 0.001306 1.047550
v 0.013194 -0.001403 1.064841
v 0.013194 -0.001500 1.064841
v 0.013194 -0.001306 1.064841
v 0.013194 -0.001210 1.064841
v 0.013194 -0.001113 1.064841
v 0.013194 -0.001016 1.064841
v 0.013194 -0.000919 1.064841
v 0.013194 -0.000823 1.064841
v 0.013194 -0.000726 1.064841
v 0.013194 -0.000629 1.064841
v 0.013194 -0.000532 1.064841
v 0.013194 -0.000435 1.064841
v 0.013194 -0.000339 1.064841
v 0.013194 -0.000242 1.064841
v 0.013194 -0.000145 1.064841
v 0.013194 -0.000048 1.064841
v 0.013194 0.000048 1.064841
v 0.013194 0.000145 1.064841
v 0.013194 0.000242 1.064841
v 0.013194 0.000339 1.064841
v 0.013194 0.000435 1.064841
v 0.013194 0.000532 1.064841
v 0.013194 0.000629 1.064841
v 0.013194 0.000726 1.064841
v 0.013194 0.000823 1.064841
v 0.013194 0.000919 1.064841
v 0.013194 0.001016 1.064841
v 0.013194 0.001113 1.064841
v 0.013194 0.001210 1.064841
v 0.013194 0.001306 1.064841
v 0.013194 -0.001403 1.082132
v 0.013194 -0.001500 1.082132
v 0.013194 -0.001306 1.082132
v 0.013194 -0.001210 1.082132
v 0.013194 -0.001113 1.082132
v 0.013194 -0.001016 1.082132
v 0.013194 -0.000919 1.082132
v 0.013194 -0.000823 1.082132
v 0.013194 -0.000726 1.082132
v 0.013194 -0.000629 1.082132
v 0.013194 -0.000532 1.082132
v 0.013194 -0.000435 1.082132
v 0.013194 -0.000339 1.082132
v 0.013194 -0.000242 1.082132
v 0.013194 -0.000145 1.082132
v 0.013194 -0.000048 1.082132
v 0.013194 0.000048 1.082132
v 0.013194 0.000145 1.082132
v 0.013194 0.000242 1.082132
v 0.013194 0.000339 1.082132
v 0.013194 0.000435 1.082132
v 0.013194 0.000532 1.082132
v 0.013194 0.000629 1.082132
v 0.013194 0.000726 1.082132
v 0.013194 0.000823 1.082132
v 0.013194 0.000919 1.082132
v 0.013194 0.001016 1.082132
v 0.013194 0.001113 1.082132
v 0.013194 0.001210 1.082132
v 0.013194 0.001306 1.082132
v 0.013194 -0.001403 1.099423
v 0.013194 -0.001500 1.099423
v 0.013194 -0.001306 1.099423
v 0.013194 -0.001210 1.099423
v 0.013194 -0.001113 1.099423
v 0.013194 -0.001016 1.099423
v 0.013194 -0.000919 1.099423
v 0.013194 -0.000823 1.099423
v 0.013194 -0.000726 1.099423
v 0.013194 -0.000629 1.099423
v 0.013194 -0.000532 1.099423
v 0.013194 -0.000435 1.099423
v 0.013194 -0.000339 1.099423
v 0.013194 -0.000242 1.099423
v 0.013194 -0.000145 1.099423
v 0.013194 -0.000048 1.099423
v 0.013194 0.000048 1.099423
v 0.013194 0.000145 1.099423
v 0.013194 0.000242 1.099423
v 0.013194 0.000339 1.099423
v 0.013194 0.000435 1.099423
v 0.013194 0.000532 1.099423
v 0.013194 0.000629 1.099423
v 0.013194 0.000726 1.099423
v 0.013194 0.000823 1.099423
v 0.013194 0.000919 1.099423
v 0.013194 0.001016 1.099423
v 0.013194 0.001113 1.099423
v 0.013194 0.001210 1.099423
v 0.013194 0.001306 1.099423
v 0.013194 -0.001403 1.116714
v 0.013194 -0.001500 1.116714
v 0.013194 -0.001306 1.116714
v 0.013194 -0.001210 1.116714
v 0.013194 -0.001113 1.116714
v 0.013194 -0.001016 1.116714
v 0.013194 -0.000919 1.116714
v 0.013194 -0.000823 1.116714
v 0.013194 -0.000726 1.116714
v 0.013194 -0.000629 1.116714
v 0.013194 -0.000532 1.116714
v 0.013194 -0.000435 1.116714
v 0.013194 -0.000339 1.116714
v 0.013194 -0.000242 1.116714
v 0.013194 -0.000145 1.116714
v 0.013194 -0.000048 1.116714
v 0.013194 0.000048 1.116714
v 0.013194 0.000145 1.116714
v 0.013194 0.000242 1.116714
v 0.013194 0.000339 1.116714
v 0.013194 0.000435 1.116714
v 0.013194 0.000532 1.116714
v 0.013194 0.000629 1.116714
v 0.013194 0.000726 1.116714
v 0.013194 0.000823 1.116714
v 0.013194 0.000919 1.116714
v 0.013194 0.001016 1.116714
v 0.013194 0.001113 1.116714
v 0.013194 0.001210 1.116714
v 0.013194 0.001306 1.116714
v 0.013194 -0.001403 1.134005
v 0.013194 -0.001500 1.134005
v 0.013194 -0.001306 1.134005
v 0.013194 -0.001210 1.134005
v 0.013194 -0.001113 1.134005
v 0.013194 -0.001016 1.134005
v 0.013194 -0.000919 1.134005
v 0.013194 -0.000823 1.134005
v 0.013194 -0.000726 1.134005
v 0.013194 -0.000629 1.134005
v 0.013194 -0.000532 1.134005
v 0.013194 -0.000435 1.134005
v 0.013194 -0.000339 1.134005
v 0.013194 -0.000242 1.134005
v 0.013194 -0.000145 1.134005
v 0.013194 -0.000048 1.134005
v 0.013194 0.000048 1.134005
v 0.013194 0.000145 1.134005
v 0.013194 0.000242 1.134005
v 0.013194 0.000339 1.134005
v 0.013194 0.000435 1.134005
v 0.013194 0.000532 1.134005
v 0.013194 0.000629 1.134005
v 0.013194 0.000726 1.134005
v 0.013194 0.000823 1.134005
v 0.013194 0.000919 1.134005
v 0.013194 0.001016 1.134005
v 0.013194 0.001113 1.134005
v 0.013194 0.001210 1.134005
v 0.013194 0.001306 1.134005
v 0.013194 -0.001403 1.151296
v 0.013194 -0.001500 1.151296
v 0.013194 -0.001306 1.151296
v 0.013194 -0.001210 1.151296
v 0.013194 -0.001113 1.151296
v 0.013194 -0.001016 1.151296
v 0.013194 -0.000919 1.151296
v 0.013194 -0.000823 1.151296
v 0.013194 -0.000726 1.151296
v 0.013194 -0.000629 1.151296
v 0.013194 -0.000532 1.151296
v 0.013194 -0.000435 1.151296
v 0.013194 -0.000339 1.151296
v 0.013194 -0.000242 1.151296
v 0.013194 -0.000145 1.151296
v 0.013194 -0.000048 1.151296
v 0.013194 0.000048 1.151296
v 0.013194 0.000145 1.151296
v 0.013194 0.000242 1.151296
v 0.013194 0.000339 1.151296
v 0.013194 0.000435 1.151296
v 0.013194 0.000532 1.151296
v 0.013194 0.000629 1.151296
v 0.013194 0.000726 1.151296
v 0.013194 0.000823 1.151296
v 0.013194 0.000919 1.151296
v 0.013194 0.001016 1.151296
v 0.013194 0.001113 1.151296
v 0.013194 0.001210 1.151296
v 0.013194 0.001306 1.151296
v 0.013194 -0.001403 1.168587
v 0.013194 -0.001500 1.168587
v 0.013194 -0.001306 1.168587
v 0.013194 -0.001210 1.168587
v 0.013194 -0.001113 1.168587
v 0.013194 -0.001016 1.168587
v 0.013194 -0.000919 1.168587
v 0.013194 -0.000823 1.168587
v 0.013194 -0.000726 1.168587
v 0.013194 -0.000629 1.168587
v 0.013194 -0.000532 1.168587
v 0.013194 -0.000435 1.168587
v 0.013194 -0.000339 1.168587
v 0.013194 -0.000242 1.168587
v 0.013194 -0.000145 1.168587
v 0.013194 -0.000048 1.168587
v 0.013194 0.000048 1.168587
v 0.013194 0.000145 1.168587
v 0.013194 0.000242 1.168587
v 0.013194 0.000339 1.168587
v 0.013194 0.000435 1.168587
v 0.013194 0.000532 1.168587
v 0.013194 0.000629 1.168587
v 0.013194 0.000726 1.168587
v 0.013194 0.000823 1.168587
v 0.013194 0.000919 1.168587
v 0.013194 0.001016 1.168587
v 0.013194 0.001113 1.168587
v 0.013194 0.001210 1.168587
v 0.013194 0.001306 1.168587
v 0.013194 -0.001403 1.185878
v 0.013194 -0.001500 1.185878
v 0.013194 -0.001306 1.185878
v 0.013194 -0.001210 1.185878
v 0.013194 -0.001113 1.185878
v 0.013194 -0.001016 1.185878
v 0.013194 -0.000919 1.185878
v 0.013194 -0.000823 1.185878
v 0.013194 -0.000726 1.185878
v 0.013194 -0.000629 1.185878
v 0.013194 -0.000532 1.185878
v 0.013194 -0.000435 1.185878
v 0.013194 -0.000339 1.185878
v 0.013194 -0.000242 1.185878
v 0.013194 -0.000145 1.185878
v 0.013194 -0.000048 1.185878
v 0.013194 0.000048 1.185878
v 0.013194 0.000145 1.185878
v 0.013194 0.000242 1.185878
v 0.013194 0.000339 1.185878
v 0.013194 0.000435 1.185878
v 0.013194 0.000532 1.185878
v 0.013194 0.000629 1.185878
v 0.013194 0.000726 1.185878
v 0.013194 0.000823 1.185878
v 0.013194 0.000919 1.185878
v 0.013194 0.001016 1.185878
v 0.013194 0.001113 1.185878
v 0.013194 0.001210 1.185878
v 0.013194 0.001306 1.185878
v 0.013194 -0.001403 1.203169
v 0.013194 -0.001500 1.203169
v 0.013194 -0.001306 1.203169
v 0.013194 -0.001210 1.203169
v 0.013194 -0.001113 1.203169
v 0.013194 -0.001016 1.203169
v 0.013194 -0.000919 1.203169
v 0.013194 -0.000823 1.203169
v 0.013194 -0.000726 1.203169
v 0.013194 -0.000629 1.203169
v 0.013194 -0.000532 1.203169
v 0.013194 -0.000435 1.203169
v 0.013194 -0.000339 1.203169
v 0.013194 -0.000242 1.203169
v 0.013194 -0.000145 1.203169
v 0.013194 -0.000048 1.203169
v 0.013194 0.000048 1.203169
v 0.013194 0.000145 1.203169
v 0.013194 0.000242 1.203169
v 0.013194 0.000339 1.203169
v 0.013194 0.000435 1.203169
v 0.013194 0.000532 1.203169
v 0.013194 0.000629 1.203169
v 0.013194 0.000726 1.203169
v 0.013194 0.000823 1.203169
v 0.013194 0.000919 1.203169
v 0.013194 0.001016 1.203169
v 0.013194 0.001113 1.203169
v 0.013194 0.001210 1.203169
v 0.013194 0.001306 1.203169
v 0.013194 -0.001403 1.220460
v 0.013194 -0.001500 1.220460
v 0.013194 -0.001306 1.220460
v 0.013194 -0.001210 1.220460
v 0.013194 -0.001113 1.220460
v 0.013194 -0.001016 1.220460
v 0.013194 -0.000919 1.220460
v 0.013194 -0.000823 1.220460
v 0.013194 -0.000726 1.220460
v 0.013194 -0.000629 1.220460
v 0.013194 -0.000532 1.220460
v 0.013194 -0.000435 1.220460
v 0.013194 -0.000339 1.220460
v 0.013194 -0.000242 1.220460
v 0.013194 -0.000145 1.220460
v 0.013194 -0.000048 1.220460
v 0.013194 0.000048 1.220460
v 0.013194 0.000145 1.220460
v 0.013194 0.000242 1.220460
v 0.013194 0.000339 1.220460
v 0.013194 0.000435 1.220460
v 0.013194 0.000532 1.220460
v 0.013194 0.000629 1.220460
v 0.013194 0.000726 1.220460
v 0.013194 0.000823 1.220460
v 0.013194 0.000919 1.220460
v 0.013194 0.001016 1.220460
v 0.013194 0.001113 1.220460
v 0.013194 0.001210 1.220460
v 0.013194 0.001306 1.220460
v 0.013194 -0.001403 1.237751
v 0.013194 -0.001500 1.237751
v 0.013194 -0.001306 1.237751
v 0.013194 -0.001210 1.237751
v 0.013194 -0.001113 1.237751
v 0.013194 -0.001016 1.237751
v 0.013194 -0.000919 1.237751
v 0.013194 -0.000823 1.237751
v 0.013194 -0.000726 1.237751
v 0.013194 -0.000629 1.237751
v 0.013194 -0.000532 1.237751
v 0.013194 -0.000435 1.237751
v 0.013194 -0.000339 1.237751
v 0.013194 -0.000242 1.237751
v 0.013194 -0.000145 1.237751
v 0.013194 -0.000048 1.237751
v 0.013194 0.000048 1.237751
v 0.013194 0.000145 1.237751
v 0.013194 0.000242 1.237751
v 0.013194 0.000339 1.237751
v 0.013194 0.000435 1.237751
v 0.013194 0.000532 1.237751
v 0.013194 0.000629 1.237751
v 0.013194 0.000726 1.237751
v 0.013194 0.000823 1.237751
v 0.013194 0.000919 1.237751
v 0.013194 0.001016 1.237751
v 0.013194 0.001113 1.237751
v 0.013194 0.001210 1.237751
v 0.013194 0.001306 1.237751
v 0.013194 -0.001403 1.255041
v 0.013194 -0.001500 1.255041
v 0.013194 -0.001306 1.255041
v 0.013194 -0.001210 1.255041
v 0.013194 -0.001113 1.255041
v 0.013194 -0.001016 1.255041
v 0.013194 -0.000919 1.255041
v 0.013194 -0.000823 1.255041
v 0.013194 -0.000726 1.255041
v 0.013194 -0.000629 1.255041
v 0.013194 -0.000532 1.255041
v 0.013194 -0.000435 1.255041
v 0.013194 -0.000339 1.255041
v 0.013194 -0.000242 1.255041
v 0.013194 -0.000145 1.255041
v 0.013194 -0.000048 1.255041
v 0.013194 0.000048 1.255041
v 0.013194 0.000145 1.255041
v 0.013194 0.000242 1.255041
v 0.013194 0.000339 1.255041
v 0.013194 0.000435 1.255041
v 0.013194 0.000532 1.255041
v 0.013194 0.000629 1.255041
v 0.013194 0.000726 1.255041
v 0.013194 0.000823 1.255041
v 0.013194 0.000919 1.255041
v 0.013194 0.001016 1.255041
v 0.013194 0.001113 1.255041
v 0.013194 0.001210 1.255041
v 0.013194 0.001306 1.255041
v 0.013194 -0.001403 1.272185
v 0.013194 -0.001500 1.272185
v 0.013194 -0.001306 1.272185
v 0.013194 -0.001210 1.272185
v 0.013194 -0.001113 1.272185
v 0.013194 -0.001016 1.272185
v 0.013194 -0.000919 1.272185
v 0.013194 -0.000823 1.272185
v 0.013194 -0.000726 1.272185
v 0.013194 -0.000629 1.272185
v 0.013194 -0.000532 1.272184
v 0.013194 -0.000435 1.272184
v 0.013194 -0.000339 1.272184
v 0.013194 -0.000242 1.272184
v 0.013194 -0.000145 1.272184
v 0.013194 -0.000048 1.272184
v 0.013194 0.000048 1.272184
v 0.013194 0.000145 1.272184
v 0.013194 0.000242 1.272184
v 0.013194 0.000339 1.272184
v 0.013194 0.000435 1.272184
v 0.013194 0.000532 1.272184
v 0.013194 0.000629 1.272183
v 0.013194 0.000726 1.272183
v 0.013194 0.000823 1.272183
v 0.013194 0.000919 1.272183
v 0.013194 0.001016 1.272183
v 0.013194 0.001113 1.272183
v 0.013194 0.001210 1.272183
v 0.013194 0.001306 1.272183
v 0.013194 -0.001403 1.289126
v 0.013194 -0.001500 1.289126
v 0.013194 -0.001306 1.289126
v 0.013194 -0.001210 1.289125
v 0.013194 -0.001113 1.289125
v 0.013194 -0.001016 1.289125
v 0.013194 -0.000919 1.289125
v 0.013194 -0.000823 1.289125
v 0.013194 -0.000726 1.289124
v 0.013194 -0.000629 1.289124
v 0.013194 -0.000532 1.289124
v 0.013194 -0.000435 1.289124
v 0.013194 -0.000339 1.289124
v 0.013194 -0.000242 1.289124
v 0.013194 -0.000145 1.289123
v 0.013194 -0.000048 1.289123
v 0.013194 0.000048 1.289123
v 0.013194 0.000145 1.289123
v 0.013194 0.000242 1.289123
v 0.013194 0.000339 1.289123
v 0.013194 0.000435 1.289122
v 0.013194 0.000532 1.289122
v 0.013194 0.000629 1.289122
v 0.013194 0.000726 1.289122
v 0.013194 0.000823 1.289122
v 0.013194 0.000919 1.289122
v 0.013194 0.001016 1.289122
v 0.013194 0.001113 1.289121
v 0.013194 0.001210 1.289121
v 0.013194 0.001306 1.289121
v 0.013194 -0.001403 1.305929
v 0.013194 -0.001500 1.305930
v 0.013194 -0.001306 1.305929
v 0.013194 -0.001210 1.305929
v 0.013194 -0.001113 1.305928
v 0.013194 -0.001016 1.305928
v 0.013194 -0.000919 1.305928
v 0.013194 -0.000823 1.305928
v 0.013194 -0.000726 1.305928
v 0.013194 -0.000629 1.305927
v 0.013194 -0.000532 1.305927
v 0.013194 -0.000435 1.305927
v 0.013194 -0.000339 1.305926
v 0.013194 -0.000242 1.305926
v 0.013194 -0.000145 1.305926
v 0.013194 -0.000048 1.305926
v 0.013194 0.000048 1.305925
v 0.013194 0.000145 1.305925
v 0.013194 0.000242 1.305925
v 0.013194 0.000339 1.305925
v 0.013194 0.000435 1.305925
v 0.013194 0.000532 1.305924
v 0.013194 0.000629 1.305924
v 0.013194 0.000726 1.305924
v 0.013194 0.000823 1.305924
v 0.013194 0.000919 1.305923
v 0.013194 0.001016 1.305923
v 0.013194 0.001113 1.305923
v 0.013194 0.001210 1.305923
v 0.013194 0.001306 1.305923
v 0.013194 -0.001403 1.322659
v 0.013194 -0.001500 1.322659
v 0.013194 -0.001306 1.322658
v 0.013194 -0.001210 1.322658
v 0.013194 -0.001113 1.322657
v 0.013194 -0.001016 1.322657
v 0.013194 -0.000919 1.322657
v 0.013194 -0.000823 1.322656
v 0.013194 -0.000726 1.322656
v 0.013194 -0.000629 1.322656
v 0.013194 -0.000532 1.322656
v 0.013194 -0.000435 1.322655
v 0.013194 -0.000339 1.322655
v 0.013194 -0.000242 1.322655
v 0.013194 -0.000145 1.322654
v 0.013194 -0.000048 1.322654
v 0.013194 0.000048 1.322654
v 0.013194 0.000145 1.322653
v 0.013194 0.000242 1.322653
v 0.013194 0.000339 1.322653
v 0.013194 0.000435 1.322653
v 0.013194 0.000532 1.322652
v 0.013194 0.000629 1.322652
v 0.013194 0.000726 1.322652
v 0.013194 0.000823 1.322651
v 0.013194 0.000919 1.322651
v 0.013194 0.001016 1.322651
v 0.013194 0.001113 1.322651
v 0.013194 0.001210 1.322650
v 0.013194 0.001306 1.322650
v 0.013194 -0.001403 1.339370
v 0.013194 -0.001500 1.339370
v 0.013194 -0.001306 1.339370
v 0.013194 -0.001210 1.339369
v 0.013194 -0.001113 1.339369
v 0.013194 -0.001016 1.339368
v 0.013194 -0.000919 1.339368
v 0.013194 -0.000823 1.339368
v 0.013194 -0.000726 1.339367
v 0.013194 -0.000629 1.339367
v 0.013194 -0.000532 1.339366
v 0.013194 -0.000435 1.339366
v 0.013194 -0.000339 1.339366
v 0.013194 -0.000242 1.339365
v 0.013194 -0.000145 1.339365
v 0.013194 -0.000048 1.339365
v 0.013194 0.000048 1.339364
v 0.013194 0.000145 1.339364
v 0.013194 0.000242 1.339364
v 0.013194 0.000339 1.339363
v 0.013194 0.000435 1.339363
v 0.013194 0.000532 1.339363
v 0.013194 0.000629 1.339362
v 0.013194 0.000726 1.339362
v 0.013194 0.000823 1.339362
v 0.013194 0.000919 1.339361
v 0.013194 0.001016 1.339361
v 0.013194 0.001113 1.339361
v 0.013194 0.001210 1.339360
v 0.013194 0.001306 1.339360
v 0.013194 -0.001403 1.356114
v 0.013194 -0.001500 1.356115
v 0.013194 -0.001306 1.356114
v 0.013194 -0.001210 1.356113
v 0.013194 -0.001113 1.356113
v 0.013194 -0.001016 1.356112
v 0.013194 -0.000919 1.356112
v 0.013194 -0.000823 1.356112
v 0.013194 -0.000726 1.356111
v 0.013194 -0.000629 1.356111
v 0.013194 -0.000532 1.356110
v 0.013194 -0.000435 1.356110
v 0.013194 -0.000339 1.356109
v 0.013194 -0.000242 1.356109
v 0.013194 -0.000145 1.356109
v 0.013194 -0.000048 1.356108
v 0.013194 0.000048 1.356108
v 0.013194 0.000145 1.356107
v 0.013194 0.000242 1.356107
v 0.013194 0.000339 1.356107
v 0.013194 0.000435 1.356106
v 0.013194 0.000532 1.356106
v 0.013194 0.000629 1.356106
v 0.013194 0.000726 1.356105
v 0.013194 0.000823 1.356105
v 0.013194 0.000919 1.356104
v 0.013194 0.001016 1.356104
v 0.013194 0.001113 1.356104
v 0.013194 0.001210 1.356103
v 0.013194 0.001306 1.356103
v 0.013194 -0.001403 1.372933
v 0.013194 -0.001500 1.372934
v 0.013194 -0.001306 1.372933
v 0.013194 -0.001210 1.372932
v 0.013194 -0.001113 1.372932
v 0.013194 -0.001016 1.372931
v 0.013194 -0.000919 1.372931
v 0.013194 -0.000823 1.372930
v 0.013194 -0.000726 1.372930
v 0.013194 -0.000629 1.372930
v 0.013194 -0.000532 1.372929
v 0.013194 -0.000435 1.372929
v 0.013194 -0.000339 1.372928
v 0.013194 -0.000242 1.372928
v 0.013194 -0.000145 1.372927
v 0.013194 -0.000048 1.372927
v 0.013194 0.000048 1.372926
v 0.013194 0.000145 1.372926
v 0.013194 0.000242 1.372926
v 0.013194 0.000339 1.372925
v 0.013194 0.000435 1.372925
v 0.013194 0.000532 1.372924
v 0.013194 0.000629 1.372924
v 0.013194 0.000726 1.372923
v 0.013194 0.000823 1.372923
v 0.013194 0.000919 1.372923
v 0.013194 0.001016 1.372922
v 0.013194 0.001113 1.372922
v 0.013194 0.001210 1.372922
v 0.013194 0.001306 1.372921
v 0.013194 -0.001403 1.389862
v 0.013194 -0.001500 1.389863
v 0.013194 -0.001306 1.389861
v 0.013194 -0.001210 1.389861
v 0.013194 -0.001113 1.389861
v 0.013194 -0.001016 1.389860
v 0.013194 -0.000919 1.389859
v 0.013194 -0.000823 1.389859
v 0.013194 -0.000726 1.389858
v 0.013194 -0.000629 1.389858
v 0.013194 -0.000532 1.389858
v 0.013194 -0.000435 1.389857
v 0.013194 -0.000339 1.389857
v 0.013194 -0.000242 1.389856
v 0.013194 -0.000145 1.389856
v 0.013194 -0.000048 1.389855
v 0.013194 0.000048 1.389855
v 0.013194 0.000145 1.389854
v 0.013194 0.000242 1.389854
v 0.013194 0.000339 1.389853
v 0.013194 0.000435 1.389853
v 0.013194 0.000532 1.389852
v 0.013194 0.000629 1.389852
v 0.013194 0.000726 1.389852
v 0.013194 0.000823 1.389851
v 0.013194 0.000919 1.389851
v 0.013194 0.001016 1.389850
v 0.013194 0.001113 1.389850
v 0.013194 0.001210 1.389850
v 0.013194 0.001306 1.389849
v 0.013194 -0.001403 1.406925
v 0.013194 -0.001500 1.406926
v 0.013194 -0.001306 1.406925
v 0.013194 -0.001210 1.406924
v 0.013194 -0.001113 1.406924
v 0.013194 -0.001016 1.406923
v 0.013194 -0.000919 1.406923
v 0.013194 -0.000823 1.406922
v 0.013194 -0.000726 1.406922
v 0.013194 -0.000629 1.406921
v 0.013194 -0.000532 1.406921
v 0.013194 -0.000435 1.406920
v 0.013194 -0.000339 1.406920
v 0.013194 -0.000242 1.406919
v 0.013194 -0.000145 1.406919
v 0.013194 -0.000048 1.406918
v 0.013194 0.000048 1.406918
v 0.013194 0.000145 1.406917
v 0.013194 0.000242 1.406917
v 0.013194 0.000339 1.406916
v 0.013194 0.000435 1.406916
v 0.013194 0.000532 1.406915
v 0.013194 0.000629 1.406915
v 0.013194 0.000726 1.406915
v 0.013194 0.000823 1.406914
v 0.013194 0.000919 1.406914
v 0.013194 0.001016 1.406913
v 0.013194 0.001113 1.406913
v 0.013194 0.001210 1.406912
v 0.013194 0.001306 1.406912
v 0.013194 -0.001403 1.424139
v 0.013194 -0.001500 1.424139
v 0.013194 -0.001306 1.424138
v 0.013194 -0.001210 1.424138
v 0.013194 -0.001113 1.424137
v 0.013194 -0.001016 1.424137
v 0.013194 -0.000919 1.424136
v 0.013194 -0.000823 1.424136
v 0.013194 -0.000726 1.424135
v 0.013194 -0.000629 1.424135
v 0.013194 -0.000532 1.424134
v 0.013194 -0.000435 1.424134
v 0.013194 -0.000339 1.424133
v 0.013194 -0.000242 1.424133
v 0.013194 -0.000145 1.424132
v 0.013194 -0.000048 1.424132
v 0.013194 0.000048 1.424131
v 0.013194 0.000145 1.424131
v 0.013194 0.000242 1.424130
v 0.013194 0.000339 1.424130
v 0.013194 0.000435 1.424129
v 0.013194 0.000532 1.424129
v 0.013194 0.000629 1.424128
v 0.013194 0.000726 1.424128
v 0.013194 0.000823 1.424128
v 0.013194 0.000919 1.424127
v 0.013194 0.001016 1.424127
v 0.013194 0.001113 1.424126
v 0.013194 0.001210 1.424126
v 0.013194 0.001306 1.424125
v 0.013194 -0.001403 1.441430
v 0.013194 -0.001500 1.441430
v 0.013194 -0.001306 1.441429
v 0.013194 -0.001210 1.441429
v 0.013194 -0.001113 1.441428
v 0.013194 -0.001016 1.441428
v 0.013194 -0.000919 1.441427
v 0.013194 -0.000823 1.441427
v 0.013194 -0.000726 1.441426
v 0.013194 -0.000629 1.441426
v 0.013194 -0.000532 1.441425
v 0.013194 -0.000435 1.441425
v 0.013194 -0.000339 1.441424
v 0.013194 -0.000242 1.441424
v 0.013194 -0.000145 1.441423
v 0.013194 -0.000048 1.441423
v 0.013194 0.000048 1.441422
v 0.013194 0.000145 1.441422
v 0.013194 0.000242 1.441421
v 0.013194 0.000339 1.441421
v 0.013194 0.000435 1.441420
v 0.013194 0.000532 1.441420
v 0.013194 0.000629 1.441419
v 0.013194 0.000726 1.441419
v 0.013194 0.000823 1.441419
v 0.013194 0.000919 1.441418
v 0.013194 0.001016 1.441418
v 0.013194 0.001113 1.441417
v 0.013194 0.001210 1.441417
v 0.013194 0.001306 1.441417
v 0.013194 -0.001403 1.458799
v 0.013194 -0.001500 1.458799
v 0.013194 -0.001306 1.458798
v 0.013194 -0.001210 1.458797
v 0.013194 -0.001113 1.458797
v 0.013194 -0.001016 1.458797
v 0.013194 -0.000919 1.458796
v 0.013194 -0.000823 1.458795
v 0.013194 -0.000726 1.458795
v 0.013194 -0.000629 1.458794
v 0.013194 -0.000532 1.458794
v 0.013194 -0.000435 1.458793
v 0.013194 -0.000339 1.458793
v 0.013194 -0.000242 1.458792
v 0.013194 -0.000145 1.458792
v 0.013194 -0.000048 1.458791
v 0.013194 0.000048 1.458791
v 0.013194 0.000145 1.458791
v 0.013194 0.000242 1.458790
v 0.013194 0.000339 1.458790
v 0.013194 0.000435 1.458789
v 0.013194 0.000532 1.458789
v 0.013194 0.000629 1.458788
v 0.013194 0.000726 1.458788
v 0.013194 0.000823 1.458787
v 0.013194 0.000919 1.458787
v 0.013194 0.001016 1.458786
v 0.013194 0.001113 1.458786
v 0.013194 0.001210 1.458786
v 0.013194 0.001306 1.458785
v 0.013194 -0.001403 1.476317
v 0.013194 -0.001500 1.476318
v 0.013194 -0.001306 1.476317
v 0.013194 -0.001210 1.476316
v 0.013194 -0.001113 1.476316
v 0.013194 -0.001016 1.476315
v 0.013194 -0.000919 1.476315
v 0.013194 -0.000823 1.476314
v 0.013194 -0.000726 1.476314
v 0.013194 -0.000629 1.476313
v 0.013194 -0.000532 1.476313
v 0.013194 -0.000435 1.476312
v 0.013194 -0.000339 1.476312
v 0.013194 -0.000242 1.476311
v 0.013194 -0.000145 1.476311
v 0.013194 -0.000048 1.476310
v 0.013194 0.000048 1.476310
v 0.013194 0.000145 1.476309
v 0.013194 0.000242 1.476309
v 0.013194 0.000339 1.476309
v 0.013194 0.000435 1.476308
v 0.013194 0.000532 1.476308
v 0.013194 0.000629 1.476307
v 0.013194 0.000726 1.476307
v 0.013194 0.000823 1.476306
v 0.013194 0.000919 1.476306
v 0.013194 0.001016 1.476306
v 0.013194 0.001113 1.476305
v 0.013194 0.001210 1.476305
v 0.013194 0.001306 1.476304
v 1.003846 0.012469 0.970289
v 1.003846 0.012469 0.987220
v 1.003846 0.012469 1.004389
v 1.003846 0.012469 1.019435
v 1.003846 0.012469 1.034177
v 1.003846 0.012469 1.048939
v 1.003846 0.012469 1.063806
v 1.003846 0.012469 1.078862
v 1.003846 0.012469 1.094189
v 1.003846 0.012469 1.109860
v 1.003846 0.012469 1.125941
v 1.003846 0.012469 1.142484
v 1.003846 0.012469 1.159521
v 1.003846 0.012469 1.176812
v 1.003846 0.012469 1.194357
v 1.003846 0.012469 1.212396
v 1.003846 0.012469 1.230897
v 1.003846 0.012469 1.249808
v 1.003846 0.012469 1.269063
v 1.003846 0.012469 1.288589
v 1.003846 0.012469 1.308304
v 1.003846 0.012469 1.328125
v 1.003846 0.012469 1.347964
v 1.003846 0.012469 1.367733
v 1.003846 0.012469 1.387342
v 1.003846 0.012469 1.406700
v 1.003846 0.012469 1.425717
v 1.003846 0.012469 1.444300
v 1.003846 0.012469 1.461741
v 0.046216 0.001500 0.978386
v 0.079238 0.001500 0.978386
v 0.112259 0.001500 0.978123
v 0.145281 0.001500 0.976744
v 0.178303 0.003107 0.974656
v 0.211325 0.007172 0.972362
v 0.244346 0.012469 0.970337
v 0.277368 0.017771 0.968967
v 0.310390 0.021852 0.964767
v 0.343412 0.023485 0.958818
v 0.376433 0.023485 0.953093
v 0.409455 0.021852 0.948216
v 0.442477 0.017771 0.944809
v 0.475498 0.012469 0.943533
v 0.508520 0.012469 0.943533
v 0.541542 0.017771 0.944809
v 0.574564 0.021852 0.948216
v 0.607585 0.023485 0.953093
v 0.640607 0.023485 0.958818
v 0.673629 0.021852 0.953057
v 0.706651 0.017771 0.948135
v 0.739672 0.012469 0.944745
v 0.772694 0.012469 0.943533
v 0.805716 0.017771 0.943533
v 0.838737 0.021852 0.944789
v 0.871759 0.023485 0.948142
v 0.904781 0.023485 0.952993
v 0.937803 0.021852 0.958718
v 0.970824 0.017771 0.964688
v 0.046216 0.001500 0.995677
v 0.079238 0.001500 0.995677
v 0.112259 0.001500 0.994845
v 0.145281 0.001500 0.992811
v 0.178303 0.003107 0.990134
v 0.211325 0.007172 0.987336
v 0.244346 0.012469 0.984922
v 0.277368 0.017771 0.983305
v 0.310390 0.021852 0.981568
v 0.343412 0.023485 0.975490
v 0.376433 0.023485 0.969637
v 0.409455 0.021852 0.964635
v 0.442477 0.017771 0.961112
v 0.475498 0.012469 0.959769
v 0.508520 0.012469 0.959769
v 0.541542 0.017771 0.961112
v 0.574564 0.021852 0.964635
v 0.607585 0.023485 0.969637
v 0.640607 0.023485 0.975490
v 0.673629 0.021852 0.969600
v 0.706651 0.017771 0.964551
v 0.739672 0.012469 0.961044
v 0.772694 0.012469 0.959769
v 0.805716 0.017771 0.959769
v 0.838737 0.021852 0.961090
v 0.871759 0.023485 0.964558
v 0.904781 0.023485 0.969535
v 0.937803 0.021852 0.975388
v 0.970824 0.017771 0.981488
v 0.046216 0.001500 1.012968
v 0.079238 0.001500 1.012829
v 0.112259 0.001500 1.011332
v 0.145281 0.001500 1.008677
v 0.178303 0.003107 1.005436
v 0.211325 0.007172 1.002151
v 0.244346 0.012469 0.999354
v 0.277368 0.017771 0.997493
v 0.310390 0.021852 0.996851
v 0.343412 0.023485 0.992572
v 0.376433 0.023485 0.986675
v 0.409455 0.021852 0.981629
v 0.442477 0.017771 0.978063
v 0.475498 0.012469 0.976688
v 0.508520 0.012469 0.976688
v 0.541542 0.017771 0.978063
v 0.574564 0.021852 0.981629
v 0.607585 0.023485 0.986675
v 0.640607 0.023485 0.992572
v 0.673629 0.021852 0.986638
v 0.706651 0.017771 0.981545
v 0.739672 0.012469 0.977994
v 0.772694 0.012469 0.976688
v 0.805716 0.017771 0.976688
v 0.838737 0.021852 0.978042
v 0.871759 0.023485 0.981552
v 0.904781 0.023485 0.986572
v 0.937803 0.021852 0.992469
v 0.970824 0.017771 0.998613
v 0.046216 0.001500 1.030259
v 0.079238 0.001500 1.029777
v 0.112259 0.001500 1.027661
v 0.145281 0.001500 1.024425
v 0.178303 0.003107 1.020649
v 0.211325 0.007172 1.016895
v 0.244346 0.012469 1.013725
v 0.277368 0.017771 1.011622
v 0.310390 0.021852 1.010898
v 0.343412 0.023485 1.009863
v 0.376433 0.023485 1.003966
v 0.409455 0.021852 0.998920
v 0.442477 0.017771 0.995354
v 0.475498 0.012469 0.993979
v 0.508520 0.012469 0.993979
v 0.541542 0.017771 0.995354
v 0.574564 0.021852 0.998920
v 0.607585 0.023485 1.003966
v 0.640607 0.023485 1.009863
v 0.673629 0.021852 1.003929
v 0.706651 0.017771 0.998836
v 0.739672 0.012469 0.995285
v 0.772694 0.012469 0.993979
v 0.805716 0.017771 0.993979
v 0.838737 0.021852 0.995333
v 0.871759 0.023485 0.998843
v 0.904781 0.023485 1.003863
v 0.937803 0.021852 1.009760
v 0.970824 0.017771 1.015904
v 0.046216 0.001500 1.047550
v 0.079238 0.001500 1.046587
v 0.112259 0.001500 1.043906
v 0.145281 0.001500 1.040132
v 0.178303 0.003107 1.035856
v 0.211325 0.007172 1.031657
v 0.244346 0.012469 1.028127
v 0.277368 0.017771 1.025786
v 0.310390 0.021852 1.024979
v 0.343412 0.023485 1.024979
v 0.376433 0.023485 1.021510
v 0.409455 0.021852 1.016508
v 0.442477 0.017771 1.012985
v 0.475498 0.012469 1.011642
v 0.508520 0.012469 1.011642
v 0.541542 0.017771 1.012985
v 0.574564 0.021852 1.016508
v 0.607585 0.023485 1.021510
v 0.640607 0.023485 1.027363
v 0.673629 0.021852 1.021473
v 0.706651 0.017771 1.016424
v 0.739672 0.012469 1.012917
v 0.772694 0.012469 1.011642
v 0.805716 0.017771 1.011642
v 0.838737 0.021852 1.012963
v 0.871759 0.023485 1.016431
v 0.904781 0.023485 1.021408
v 0.937803 0.021852 1.027261
v 0.970824 0.017771 1.031011
v 0.046216 0.001500 1.064805
v 0.079238 0.001500 1.063323
v 0.112259 0.001500 1.060134
v 0.145281 0.001500 1.055873
v 0.178303 0.003107 1.051139
v 0.211325 0.007172 1.046524
v 0.244346 0.012469 1.042651
v 0.277368 0.017771 1.040077
v 0.310390 0.021852 1.039189
v 0.343412 0.023485 1.039189
v 0.376433 0.023485 1.039548
v 0.409455 0.021852 1.034671
v 0.442477 0.017771 1.031264
v 0.475498 0.012469 1.029988
v 0.508520 0.012469 1.029988
v 0.541542 0.017771 1.031264
v 0.574564 0.021852 1.034671
v 0.607585 0.023485 1.039548
v 0.640607 0.023485 1.045273
v 0.673629 0.021852 1.039512
v 0.706651 0.017771 1.034590
v 0.739672 0.012469 1.031200
v 0.772694 0.012469 1.029988
v 0.805716 0.017771 1.029988
v 0.838737 0.021852 1.031244
v 0.871759 0.023485 1.034597
v 0.904781 0.023485 1.039448
v 0.937803 0.021852 1.043078
v 0.970824 0.017771 1.045413
v 0.046216 0.001500 1.081974
v 0.079238 0.001500 1.080040
v 0.112259 0.001500 1.076408
v 0.145281 0.001500 1.071718
v 0.178303 0.003107 1.066575
v 0.211325 0.007172 1.061582
v 0.244346 0.012469 1.057386
v 0.277368 0.017771 1.054588
v 0.310390 0.021852 1.053618
v 0.343412 0.023485 1.053618
v 0.376433 0.023485 1.054595
v 0.409455 0.021852 1.053364
v 0.442477 0.017771 1.050123
v 0.475498 0.012469 1.048925
v 0.508520 0.012469 1.048925
v 0.541542 0.017771 1.050123
v 0.574564 0.021852 1.053364
v 0.607585 0.023485 1.058047
v 0.640607 0.023485 1.063566
v 0.673629 0.021852 1.058013
v 0.706651 0.017771 1.053287
v 0.739672 0.012469 1.050062
v 0.772694 0.012469 1.048925
v 0.805716 0.017771 1.048925
v 0.838737 0.021852 1.050104
v 0.871759 0.023485 1.053293
v 0.904781 0.023485 1.056472
v 0.937803 0.021852 1.057370
v 0.970824 0.017771 1.059936
v 0.046216 0.001500 1.099102
v 0.079238 0.001500 1.096788
v 0.112259 0.001500 1.092783
v 0.145281 0.001500 1.087730
v 0.178303 0.003107 1.082235
v 0.211325 0.007172 1.076909
v 0.244346 0.012469 1.072422
v 0.277368 0.017771 1.069410
v 0.310390 0.021852 1.068360
v 0.343412 0.023485 1.068360
v 0.376433 0.023485 1.069418
v 0.409455 0.021852 1.070595
v 0.442477 0.017771 1.067373
v 0.475498 0.012469 1.066206
v 0.508520 0.012469 1.066206
v 0.541542 0.017771 1.067373
v 0.574564 0.021852 1.070595
v 0.607585 0.023485 1.075278
v 0.640607 0.023485 1.080808
v 0.673629 0.021852 1.076922
v 0.706651 0.017771 1.072447
v 0.739672 0.012469 1.069418
v 0.772694 0.012469 1.068360
v 0.805716 0.017771 1.068360
v 0.838737 0.021852 1.069457
v 0.871759 0.023485 1.070901
v 0.904781 0.023485 1.070901
v 0.937803 0.021852 1.071880
v 0.970824 0.017771 1.074671
v 0.046216 0.001500 1.116224
v 0.079238 0.001500 1.113611
v 0.112259 0.001500 1.109309
v 0.145281 0.001500 1.103964
v 0.178303 0.003107 1.098182
v 0.211325 0.007172 1.092581
v 0.244346 0.012469 1.087843
v 0.277368 0.017771 1.084636
v 0.310390 0.021852 1.083507
v 0.343412 0.023485 1.083507
v 0.376433 0.023485 1.084644
v 0.409455 0.021852 1.086482
v 0.442477 0.017771 1.083093
v 0.475498 0.012469 1.081851
v 0.508520 0.012469 1.081851
v 0.541542 0.017771 1.083093
v 0.574564 0.021852 1.086482
v 0.607585 0.023485 1.091359
v 0.640607 0.023485 1.097095
v 0.673629 0.021852 1.096176
v 0.706651 0.017771 1.091991
v 0.739672 0.012469 1.089177
v 0.772694 0.012469 1.088200
v 0.805716 0.017771 1.088200
v 0.838737 0.021852 1.086703
v 0.871759 0.023485 1.085642
v 0.904781 0.023485 1.085642
v 0.937803 0.021852 1.086703
v 0.970824 0.017771 1.089706
v 0.046216 0.001500 1.133373
v 0.079238 0.001500 1.130542
v 0.112259 0.001500 1.126025
v 0.145281 0.001500 1.120465
v 0.178303 0.003107 1.114472
v 0.211325 0.007172 1.108662
v 0.244346 0.012469 1.103727
v 0.277368 0.017771 1.100355
v 0.310390 0.021852 1.099152
v 0.343412 0.023485 1.099152
v 0.376433 0.023485 1.100364
v 0.409455 0.021852 1.102898
v 0.442477 0.017771 1.099394
v 0.475498 0.012469 1.098086
v 0.508520 0.012469 1.098086
v 0.541542 0.017771 1.099394
v 0.574564 0.021852 1.102898
v 0.607585 0.023485 1.107901
v 0.640607 0.023485 1.113765
v 0.673629 0.021852 1.115699
v 0.706651 0.017771 1.111836
v 0.739672 0.012469 1.109248
v 0.772694 0.012469 1.108353
v 0.805716 0.017771 1.105126
v 0.838737 0.021852 1.101928
v 0.871759 0.023485 1.100788
v 0.904781 0.023485 1.100788
v 0.937803 0.021852 1.101928
v 0.970824 0.017771 1.105126
v 0.046216 0.001500 1.150569
v 0.079238 0.001500 1.147607
v 0.112259 0.001500 1.142959
v 0.145281 0.001500 1.137268
v 0.178303 0.003107 1.131145
v 0.211325 0.007172 1.125205
v 0.244346 0.012469 1.120143
v 0.277368 0.017771 1.116654
v 0.310390 0.021852 1.115388
v 0.343412 0.023485 1.115388
v 0.376433 0.023485 1.116663
v 0.409455 0.021852 1.119892
v 0.442477 0.017771 1.116344
v 0.475498 0.012469 1.115005
v 0.508520 0.012469 1.115005
v 0.541542 0.017771 1.116344
v 0.574564 0.021852 1.119892
v 0.607585 0.023485 1.124939
v 0.640607 0.023485 1.130847
v 0.673629 0.021852 1.135413
v 0.706651 0.017771 1.131892
v 0.739672 0.012469 1.129538
v 0.772694 0.012469 1.125941
v 0.805716 0.017771 1.121010
v 0.838737 0.021852 1.117648
v 0.871759 0.023485 1.116433
v 0.904781 0.023485 1.116433
v 0.937803 0.021852 1.117648
v 0.970824 0.017771 1.121010
v 0.046216 0.001500 1.167827
v 0.079238 0.001500 1.164821
v 0.112259 0.001500 1.160128
v 0.145281 0.001500 1.154394
v 0.178303 0.003107 1.148227
v 0.211325 0.007172 1.142243
v 0.244346 0.012469 1.137136
v 0.277368 0.017771 1.133605
v 0.310390 0.021852 1.132308
v 0.343412 0.023485 1.132308
v 0.376433 0.023485 1.133613
v 0.409455 0.021852 1.137097
v 0.442477 0.017771 1.133635
v 0.475498 0.012469 1.132296
v 0.508520 0.012469 1.132296
v 0.541542 0.017771 1.133635
v 0.574564 0.021852 1.137183
v 0.607585 0.023485 1.142230
v 0.640607 0.023485 1.148138
v 0.673629 0.021852 1.154276
v 0.706651 0.017771 1.152070
v 0.739672 0.012469 1.148347
v 0.772694 0.012469 1.142483
v 0.805716 0.017771 1.137426
v 0.838737 0.021852 1.133947
v 0.871759 0.023485 1.132668
v 0.904781 0.023485 1.132668
v 0.937803 0.021852 1.133947
v 0.970824 0.017771 1.137426
v 0.046216 0.001500 1.185118
v 0.079238 0.001500 1.182112
v 0.112259 0.001500 1.177419
v 0.145281 0.001500 1.171685
v 0.178303 0.003107 1.165518
v 0.211325 0.007172 1.159534
v 0.244346 0.012469 1.154427
v 0.277368 0.017771 1.150895
v 0.310390 0.021852 1.149598
v 0.343412 0.023485 1.149598
v 0.376433 0.023485 1.150904
v 0.409455 0.021852 1.154388
v 0.442477 0.017771 1.151267
v 0.475498 0.012469 1.149959
v 0.508520 0.012469 1.149959
v 0.541542 0.017771 1.151267
v 0.574564 0.021852 1.154771
v 0.607585 0.023485 1.159775
v 0.640607 0.023485 1.165638
v 0.673629 0.021852 1.171733
v 0.706651 0.017771 1.171536
v 0.739672 0.012469 1.165429
v 0.772694 0.012469 1.159521
v 0.805716 0.017771 1.154419
v 0.838737 0.021852 1.150897
v 0.871759 0.023485 1.149587
v 0.904781 0.023485 1.149587
v 0.937803 0.021852 1.150897
v 0.970824 0.017771 1.154419
v 0.046216 0.001500 1.202442
v 0.079238 0.001500 1.199480
v 0.112259 0.001500 1.194831
v 0.145281 0.001500 1.189141
v 0.178303 0.003107 1.183018
v 0.211325 0.007172 1.177078
v 0.244346 0.012469 1.172015
v 0.277368 0.017771 1.168527
v 0.310390 0.021852 1.167261
v 0.343412 0.023485 1.167261
v 0.376433 0.023485 1.168536
v 0.409455 0.021852 1.171977
v 0.442477 0.017771 1.169548
v 0.475498 0.012469 1.168306
v 0.508520 0.012469 1.168306
v 0.541542 0.017771 1.169548
v 0.574564 0.021852 1.172937
v 0.607585 0.023485 1.177814
v 0.640607 0.023485 1.183550
v 0.673629 0.021852 1.189514
v 0.706651 0.017771 1.188827
v 0.739672 0.012469 1.182720
v 0.772694 0.012469 1.176812
v 0.805716 0.017771 1.171710
v 0.838737 0.021852 1.168188
v 0.871759 0.023485 1.166878
v 0.904781 0.023485 1.166878
v 0.937803 0.021852 1.168188
v 0.970824 0.017771 1.171710
v 0.046216 0.001500 1.219828
v 0.079238 0.001500 1.216997
v 0.112259 0.001500 1.212480
v 0.145281 0.001500 1.206920
v 0.178303 0.003107 1.200927
v 0.211325 0.007172 1.195117
v 0.244346 0.012469 1.190182
v 0.277368 0.017771 1.186810
v 0.310390 0.021852 1.185607
v 0.343412 0.023485 1.185607
v 0.376433 0.023485 1.186819
v 0.409455 0.021852 1.190145
v 0.442477 0.017771 1.188410
v 0.475498 0.012469 1.187243
v 0.508520 0.012469 1.187243
v 0.541542 0.017771 1.188410
v 0.574564 0.021852 1.191632
v 0.607585 0.023485 1.196315
v 0.640607 0.023485 1.201845
v 0.673629 0.021852 1.207599
v 0.706651 0.017771 1.206284
v 0.739672 0.012469 1.200220
v 0.772694 0.012469 1.194356
v 0.805716 0.017771 1.189299
v 0.838737 0.021852 1.185820
v 0.871759 0.023485 1.184541
v 0.904781 0.023485 1.184541
v 0.937803 0.021852 1.185820
v 0.970824 0.017771 1.189299
v 0.046216 0.001500 1.237261
v 0.079238 0.001500 1.234648
v 0.112259 0.001500 1.230346
v 0.145281 0.001500 1.225001
v 0.178303 0.003107 1.219219
v 0.211325 0.007172 1.213618
v 0.244346 0.012469 1.208880
v 0.277368 0.017771 1.205673
v 0.310390 0.021852 1.204544
v 0.343412 0.023485 1.204544
v 0.376433 0.023485 1.205681
v 0.409455 0.021852 1.208844
v 0.442477 0.017771 1.207764
v 0.475498 0.012469 1.206679
v 0.508520 0.012469 1.206679
v 0.541542 0.017771 1.207764
v 0.574564 0.021852 1.210791
v 0.607585 0.023485 1.215226
v 0.640607 0.023485 1.220483
v 0.673629 0.021852 1.225953
v 0.706651 0.017771 1.224066
v 0.739672 0.012469 1.218132
v 0.772694 0.012469 1.212396
v 0.805716 0.017771 1.207465
v 0.838737 0.021852 1.204103
v 0.871759 0.023485 1.202888
v 0.904781 0.023485 1.202888
v 0.937803 0.021852 1.204103
v 0.970824 0.017771 1.207466
v 0.046216 0.001500 1.254182
v 0.079238 0.001500 1.252123
v 0.112259 0.001500 1.248402
v 0.145281 0.001500 1.243349
v 0.178303 0.003107 1.237854
v 0.211325 0.007172 1.232528
v 0.244346 0.012469 1.228041
v 0.277368 0.017771 1.225030
v 0.310390 0.021852 1.223979
v 0.343412 0.023485 1.223979
v 0.376433 0.023485 1.225037
v 0.409455 0.021852 1.228007
v 0.442477 0.017771 1.227522
v 0.475498 0.012469 1.226520
v 0.508520 0.012469 1.226520
v 0.541542 0.017771 1.227522
v 0.574564 0.021852 1.230335
v 0.607585 0.023485 1.234481
v 0.640607 0.023485 1.239411
v 0.673629 0.021852 1.244530
v 0.706651 0.017771 1.242152
v 0.739672 0.012469 1.236427
v 0.772694 0.012469 1.230897
v 0.805716 0.017771 1.226163
v 0.838737 0.021852 1.222966
v 0.871759 0.023485 1.221825
v 0.904781 0.023485 1.221825
v 0.937803 0.021852 1.222966
v 0.970824 0.017771 1.226163
v 0.046216 0.001500 1.270657
v 0.079238 0.001500 1.267976
v 0.112259 0.001500 1.264731
v 0.145281 0.001500 1.261481
v 0.178303 0.003107 1.256776
v 0.211325 0.007172 1.251783
v 0.244346 0.012469 1.247587
v 0.277368 0.017771 1.244789
v 0.310390 0.021852 1.243819
v 0.343412 0.023485 1.243819
v 0.376433 0.023485 1.244796
v 0.409455 0.021852 1.247556
v 0.442477 0.017771 1.247591
v 0.475498 0.012469 1.246673
v 0.508520 0.012469 1.246673
v 0.541542 0.017771 1.247591
v 0.574564 0.021852 1.250178
v 0.607585 0.023485 1.254007
v 0.640607 0.023485 1.258563
v 0.673629 0.021852 1.259969
v 0.706651 0.017771 1.259398
v 0.739672 0.012469 1.255065
v 0.772694 0.012469 1.249808
v 0.805716 0.017771 1.245325
v 0.838737 0.021852 1.242322
v 0.871759 0.023485 1.241261
v 0.904781 0.023485 1.241261
v 0.937803 0.021852 1.242322
v 0.970824 0.017771 1.245325
v 0.046216 0.001500 1.286976
v 0.079238 0.001500 1.283711
v 0.112259 0.001500 1.279933
v 0.145281 0.001500 1.276221
v 0.178303 0.003107 1.273090
v 0.211325 0.007172 1.270990
v 0.244346 0.012469 1.267434
v 0.277368 0.017771 1.264861
v 0.310390 0.021852 1.263972
v 0.343412 0.023485 1.263972
v 0.376433 0.023485 1.264867
v 0.409455 0.021852 1.267405
v 0.442477 0.017771 1.267880
v 0.475498 0.012469 1.267047
v 0.508520 0.012469 1.267047
v 0.541542 0.017771 1.267880
v 0.574564 0.021852 1.270233
v 0.607585 0.023485 1.273722
v 0.640607 0.023485 1.276006
v 0.673629 0.021852 1.274158
v 0.706651 0.017771 1.273502
v 0.739672 0.012469 1.273502
v 0.772694 0.012469 1.269063
v 0.805716 0.017771 1.264872
v 0.838737 0.021852 1.262082
v 0.871759 0.023485 1.261102
v 0.904781 0.023485 1.261102
v 0.937803 0.021852 1.262082
v 0.970824 0.017771 1.264872
v 0.046216 0.001500 1.303210
v 0.079238 0.001500 1.299407
v 0.112259 0.001500 1.295131
v 0.145281 0.001500 1.290978
v 0.178303 0.003107 1.287492
v 0.211325 0.007172 1.285155
v 0.244346 0.012469 1.284345
v 0.277368 0.017771 1.284345
v 0.310390 0.021852 1.284345
v 0.343412 0.023485 1.284345
v 0.376433 0.023485 1.285157
v 0.409455 0.021852 1.287466
v 0.442477 0.017771 1.288296
v 0.475498 0.012469 1.287548
v 0.508520 0.012469 1.287548
v 0.541542 0.017771 1.288296
v 0.574564 0.021852 1.290410
v 0.607585 0.023485 1.293495
v 0.640607 0.023485 1.290376
v 0.673629 0.021852 1.288289
v 0.706651 0.017771 1.287548
v 0.739672 0.012469 1.287548
v 0.772694 0.012469 1.288278
v 0.805716 0.017771 1.284719
v 0.838737 0.021852 1.282153
v 0.871759 0.023485 1.281255
v 0.904781 0.023485 1.281255
v 0.937803 0.021852 1.282153
v 0.970824 0.017771 1.284719
v 0.046216 0.001500 1.319429
v 0.079238 0.001500 1.315138
v 0.112259 0.001500 1.310404
v 0.145281 0.001500 1.305842
v 0.178303 0.003107 1.302016
v 0.211325 0.007172 1.299446
v 0.244346 0.012469 1.298554
v 0.277368 0.017771 1.298554
v 0.310390 0.021852 1.299482
v 0.343412 0.023485 1.302042
v 0.376433 0.023485 1.305575
v 0.409455 0.021852 1.307648
v 0.442477 0.017771 1.308747
v 0.475498 0.012469 1.308084
v 0.508520 0.012469 1.308084
v 0.541542 0.017771 1.308747
v 0.574564 0.021852 1.310617
v 0.607585 0.023485 1.308251
v 0.640607 0.023485 1.304778
v 0.673629 0.021852 1.302454
v 0.706651 0.017771 1.301629
v 0.739672 0.012469 1.301629
v 0.772694 0.012469 1.302442
v 0.805716 0.017771 1.304775
v 0.838737 0.021852 1.302444
v 0.871759 0.023485 1.301629
v 0.904781 0.023485 1.301629
v 0.937803 0.021852 1.302444
v 0.970824 0.017771 1.304778
v 0.046216 0.001500 1.335695
v 0.079238 0.001500 1.330974
v 0.112259 0.001500 1.325832
v 0.145281 0.001500 1.320895
v 0.178303 0.003107 1.316751
v 0.211325 0.007172 1.313957
v 0.244346 0.012469 1.312983
v 0.277368 0.017771 1.312983
v 0.310390 0.021852 1.313996
v 0.343412 0.023485 1.316780
v 0.376433 0.023485 1.320904
v 0.409455 0.021852 1.325824
v 0.442477 0.017771 1.329139
v 0.475498 0.012469 1.328562
v 0.508520 0.012469 1.328562
v 0.541542 0.017771 1.329139
v 0.574564 0.021852 1.327670
v 0.607585 0.023485 1.323113
v 0.640607 0.023485 1.319301
v 0.673629 0.021852 1.316746
v 0.706651 0.017771 1.315837
v 0.739672 0.012469 1.315837
v 0.772694 0.012469 1.316733
v 0.805716 0.017771 1.319297
v 0.838737 0.021852 1.322861
v 0.871759 0.023485 1.322130
v 0.904781 0.023485 1.322130
v 0.937803 0.021852 1.322861
v 0.970824 0.017771 1.324958
v 0.046216 0.001500 1.352064
v 0.079238 0.001500 1.346978
v 0.112259 0.001500 1.341484
v 0.145281 0.001500 1.336219
v 0.178303 0.003107 1.331787
v 0.211325 0.007172 1.328780
v 0.244346 0.012469 1.327725
v 0.277368 0.017771 1.327725
v 0.310390 0.021852 1.328822
v 0.343412 0.023485 1.331818
v 0.376433 0.023485 1.336229
v 0.409455 0.021852 1.341476
v 0.442477 0.017771 1.346951
v 0.475498 0.012469 1.348890
v 0.508520 0.012469 1.348890
v 0.541542 0.017771 1.348235
v 0.574564 0.021852 1.343095
v 0.607585 0.023485 1.338164
v 0.640607 0.023485 1.334036
v 0.673629 0.021852 1.331258
v 0.706651 0.017771 1.330266
v 0.739672 0.012469 1.330266
v 0.772694 0.012469 1.331243
v 0.805716 0.017771 1.334032
v 0.838737 0.021852 1.338204
v 0.871759 0.023485 1.342666
v 0.904781 0.023485 1.342666
v 0.937803 0.021852 1.343314
v 0.970824 0.017771 1.345170
v 0.046216 0.001500 1.368585
v 0.079238 0.001500 1.363205
v 0.112259 0.001500 1.357426
v 0.145281 0.001500 1.351888
v 0.178303 0.003107 1.347208
v 0.211325 0.007172 1.344005
v 0.244346 0.012469 1.342872
v 0.277368 0.017771 1.342872
v 0.310390 0.021852 1.344051
v 0.343412 0.023485 1.347240
v 0.376433 0.023485 1.351898
v 0.409455 0.021852 1.357417
v 0.442477 0.017771 1.363177
v 0.475498 0.012469 1.368563
v 0.508520 0.012469 1.368975
v 0.541542 0.017771 1.364237
v 0.574564 0.021852 1.358746
v 0.607585 0.023485 1.353487
v 0.640607 0.023485 1.349072
v 0.673629 0.021852 1.346081
v 0.706651 0.017771 1.345007
v 0.739672 0.012469 1.345007
v 0.772694 0.012469 1.346066
v 0.805716 0.017771 1.349067
v 0.838737 0.021852 1.353529
v 0.871759 0.023485 1.358812
v 0.904781 0.023485 1.363144
v 0.937803 0.021852 1.363708
v 0.970824 0.017771 1.365320
v 0.046216 0.001500 1.385296
v 0.079238 0.001500 1.379702
v 0.112259 0.001500 1.373711
v 0.145281 0.001500 1.367967
v 0.178303 0.003107 1.363092
v 0.211325 0.007172 1.359725
v 0.244346 0.012469 1.358518
v 0.277368 0.017771 1.358518
v 0.310390 0.021852 1.359773
v 0.343412 0.023485 1.363126
v 0.376433 0.023485 1.367978
v 0.409455 0.021852 1.373702
v 0.442477 0.017771 1.379673
v 0.475498 0.012469 1.385273
v 0.508520 0.012469 1.385862
v 0.541542 0.017771 1.380463
v 0.574564 0.021852 1.374686
v 0.607585 0.023485 1.369155
v 0.640607 0.023485 1.364491
v 0.673629 0.021852 1.361308
v 0.706651 0.017771 1.360154
v 0.739672 0.012469 1.360154
v 0.772694 0.012469 1.361291
v 0.805716 0.017771 1.364487
v 0.838737 0.021852 1.369199
v 0.871759 0.023485 1.374755
v 0.904781 0.023485 1.380527
v 0.937803 0.021852 1.383952
v 0.970824 0.017771 1.385319
v 0.046216 0.001500 1.402228
v 0.079238 0.001500 1.396502
v 0.112259 0.001500 1.390381
v 0.145281 0.001500 1.384509
v 0.178303 0.003107 1.379508
v 0.211325 0.007172 1.376024
v 0.244346 0.012469 1.374753
v 0.277368 0.017771 1.374753
v 0.310390 0.021852 1.376075
v 0.343412 0.023485 1.379542
v 0.376433 0.023485 1.384519
v 0.409455 0.021852 1.390372
v 0.442477 0.017771 1.396472
v 0.475498 0.012469 1.402204
v 0.508520 0.012469 1.402573
v 0.541542 0.017771 1.396959
v 0.574564 0.021852 1.390970
v 0.607585 0.023485 1.385233
v 0.640607 0.023485 1.380376
v 0.673629 0.021852 1.377028
v 0.706651 0.017771 1.375798
v 0.739672 0.012469 1.375798
v 0.772694 0.012469 1.377010
v 0.805716 0.017771 1.380371
v 0.838737 0.021852 1.385279
v 0.871759 0.023485 1.391042
v 0.904781 0.023485 1.397025
v 0.937803 0.021852 1.402597
v 0.970824 0.017771 1.405072
v 0.046216 0.001500 1.419397
v 0.079238 0.001500 1.413628
v 0.112259 0.001500 1.407462
v 0.145281 0.001500 1.401546
v 0.178303 0.003107 1.396501
v 0.211325 0.007172 1.392974
v 0.244346 0.012469 1.391673
v 0.277368 0.017771 1.391673
v 0.310390 0.021852 1.393026
v 0.343412 0.023485 1.396536
v 0.376433 0.023485 1.401557
v 0.409455 0.021852 1.407453
v 0.442477 0.017771 1.413597
v 0.475498 0.012469 1.419373
v 0.508520 0.012469 1.419504
v 0.541542 0.017771 1.413759
v 0.574564 0.021852 1.407640
v 0.607585 0.023485 1.401774
v 0.640607 0.023485 1.396791
v 0.673629 0.021852 1.393328
v 0.706651 0.017771 1.392033
v 0.739672 0.012469 1.392033
v 0.772694 0.012469 1.393309
v 0.805716 0.017771 1.396786
v 0.838737 0.021852 1.401821
v 0.871759 0.023485 1.407713
v 0.904781 0.023485 1.413826
v 0.937803 0.021852 1.419529
v 0.970824 0.017771 1.424193
v 0.046216 0.001500 1.436688
v 0.079238 0.001500 1.430919
v 0.112259 0.001500 1.424753
v 0.145281 0.001500 1.418837
v 0.178303 0.003107 1.413792
v 0.211325 0.007172 1.410265
v 0.244346 0.012469 1.408964
v 0.277368 0.017771 1.408964
v 0.310390 0.021852 1.410317
v 0.343412 0.023485 1.413827
v 0.376433 0.023485 1.418848
v 0.409455 0.021852 1.424744
v 0.442477 0.017771 1.430888
v 0.475498 0.012469 1.436664
v 0.508520 0.012469 1.436673
v 0.541542 0.017771 1.430883
v 0.574564 0.021852 1.424720
v 0.607585 0.023485 1.418811
v 0.640607 0.023485 1.413784
v 0.673629 0.021852 1.410279
v 0.706651 0.017771 1.408952
v 0.739672 0.012469 1.408952
v 0.772694 0.012469 1.410259
v 0.805716 0.017771 1.413780
v 0.838737 0.021852 1.418858
v 0.871759 0.023485 1.424794
v 0.904781 0.023485 1.430951
v 0.937803 0.021852 1.436698
v 0.970824 0.017771 1.441406
v 0.046216 0.001500 1.454101
v 0.079238 0.001500 1.448376
v 0.112259 0.001500 1.442254
v 0.145281 0.001500 1.436382
v 0.178303 0.003107 1.431381
v 0.211325 0.007172 1.427897
v 0.244346 0.012469 1.426627
v 0.277368 0.017771 1.426627
v 0.310390 0.021852 1.427948
v 0.343412 0.023485 1.431416
v 0.376433 0.023485 1.436392
v 0.409455 0.021852 1.442245
v 0.442477 0.017771 1.448346
v 0.475498 0.012469 1.454077
v 0.508520 0.012469 1.453964
v 0.541542 0.017771 1.448174
v 0.574564 0.021852 1.442011
v 0.607585 0.023485 1.436102
v 0.640607 0.023485 1.431075
v 0.673629 0.021852 1.427570
v 0.706651 0.017771 1.426243
v 0.739672 0.012469 1.426243
v 0.772694 0.012469 1.427551
v 0.805716 0.017771 1.431071
v 0.838737 0.021852 1.436149
v 0.871759 0.023485 1.442085
v 0.904781 0.023485 1.448242
v 0.937803 0.021852 1.453989
v 0.970824 0.017771 1.458697
v 0.046216 0.001500 1.471751
v 0.079238 0.001500 1.466158
v 0.112259 0.001500 1.460166
v 0.145281 0.001500 1.454423
v 0.178303 0.003107 1.449547
v 0.211325 0.007172 1.446180
v 0.244346 0.012469 1.444973
v 0.277368 0.017771 1.444973
v 0.310390 0.021852 1.446229
v 0.343412 0.023485 1.449582
v 0.376433 0.023485 1.454433
v 0.409455 0.021852 1.460157
v 0.442477 0.017771 1.466128
v 0.475498 0.012469 1.471729
v 0.508520 0.012469 1.471378
v 0.541542 0.017771 1.465632
v 0.574564 0.021852 1.459513
v 0.607585 0.023485 1.453647
v 0.640607 0.023485 1.448664
v 0.673629 0.021852 1.445201
v 0.706651 0.017771 1.443907
v 0.739672 0.012469 1.443907
v 0.772694 0.012469 1.445182
v 0.805716 0.017771 1.448659
v 0.838737 0.021852 1.453694
v 0.871759 0.023485 1.459586
v 0.904781 0.023485 1.465699
v 0.937803 0.021852 1.471402
v 0.970824 0.017771 1.476066
v 0.046216 -0.001500 1.471774
v 0.079238 -0.001500 1.466188
v 0.112259 -0.001500 1.460205
v 0.145281 -0.001500 1.454470
v 0.178303 0.000107 1.449593
v 0.211325 0.004172 1.446205
v 0.244346 0.009469 1.444962
v 0.277368 0.014771 1.444962
v 0.310390 0.018852 1.446192
v 0.343411 0.020485 1.449540
v 0.376433 0.020485 1.454397
v 0.409455 0.018852 1.460134
v 0.442477 0.014771 1.466123
v 0.475498 0.009469 1.471738
v 0.508520 0.009469 1.471394
v 0.541542 0.014771 1.465637
v 0.574564 0.018852 1.459502
v 0.607585 0.020485 1.453626
v 0.640607 0.020485 1.448639
v 0.673629 0.018852 1.445184
v 0.706650 0.014771 1.443918
v 0.739672 0.009469 1.443918
v 0.772694 0.009469 1.445193
v 0.805716 0.014771 1.448637
v 0.838737 0.018852 1.453654
v 0.871759 0.020485 1.459546
v 0.904781 0.020485 1.465667
v 0.937803 0.018852 1.471383
v 0.970824 0.014771 1.476060
v 0.046216 -0.001500 0.978386
v 0.046216 -0.001500 0.995677
v 0.046216 -0.001500 1.012968
v 0.046216 -0.001500 1.030259
v 0.046216 -0.001500 1.047550
v 0.046216 -0.001500 1.064807
v 0.046216 -0.001500 1.081980
v 0.046216 -0.001500 1.099110
v 0.046216 -0.001500 1.116235
v 0.046216 -0.001500 1.133384
v 0.046216 -0.001500 1.150582
v 0.046216 -0.001500 1.167840
v 0.046216 -0.001500 1.185131
v 0.046216 -0.001500 1.202455
v 0.046216 -0.001500 1.219839
v 0.046216 -0.001500 1.237272
v 0.046216 -0.001500 1.254189
v 0.046216 -0.001500 1.270667
v 0.046216 -0.001500 1.286988
v 0.046216 -0.001500 1.303225
v 0.046216 -0.001500 1.319446
v 0.046216 -0.001500 1.335714
v 0.046216 -0.001500 1.352085
v 0.046216 -0.001500 1.368607
v 0.046216 -0.001500 1.385319
v 0.046216 -0.001500 1.402251
v 0.046216 -0.001500 1.419420
v 0.046216 -0.001500 1.436711
v 0.046216 -0.001500 1.454124
v 0.079238 -0.001500 0.978386
v 0.079238 -0.001500 0.995677
v 0.079238 -0.001500 1.012834
v 0.079238 -0.001500 1.029787
v 0.079238 -0.001500 1.046602
v 0.079238 -0.001500 1.063341
v 0.079238 -0.001500 1.080061
v 0.079238 -0.001500 1.096812
v 0.079238 -0.001500 1.113637
v 0.079238 -0.001500 1.130570
v 0.079238 -0.001500 1.147636
v 0.079238 -0.001500 1.164851
v 0.079238 -0.001500 1.182142
v 0.079238 -0.001500 1.199509
v 0.079238 -0.001500 1.217026
v 0.079238 -0.001500 1.234675
v 0.079238 -0.001500 1.252136
v 0.079238 -0.001500 1.267992
v 0.079238 -0.001500 1.283730
v 0.079238 -0.001500 1.299429
v 0.079238 -0.001500 1.315162
v 0.079238 -0.001500 1.331000
v 0.079238 -0.001500 1.347006
v 0.079238 -0.001500 1.363235
v 0.079238 -0.001500 1.379733
v 0.079238 -0.001500 1.396534
v 0.079238 -0.001500 1.413659
v 0.079238 -0.001500 1.430951
v 0.079238 -0.001500 1.448407
v 0.112259 -0.001500 0.978131
v 0.112259 -0.001500 0.994858
v 0.112259 -0.001500 1.011351
v 0.112259 -0.001500 1.027685
v 0.112259 -0.001500 1.043935
v 0.112259 -0.001500 1.060167
v 0.112259 -0.001500 1.076445
v 0.112259 -0.001500 1.092824
v 0.112259 -0.001500 1.109352
v 0.112259 -0.001500 1.126069
v 0.112259 -0.001500 1.143004
v 0.112259 -0.001500 1.160175
v 0.112259 -0.001500 1.177466
v 0.112259 -0.001500 1.194877
v 0.112259 -0.001500 1.212524
v 0.112259 -0.001500 1.230389
v 0.112259 -0.001500 1.248443
v 0.112259 -0.001500 1.264753
v 0.112259 -0.001500 1.279958
v 0.112259 -0.001500 1.295159
v 0.112259 -0.001500 1.310435
v 0.112259 -0.001500 1.325865
v 0.112259 -0.001500 1.341520
v 0.112259 -0.001500 1.357464
v 0.112259 -0.001500 1.373750
v 0.112259 -0.001500 1.390421
v 0.112259 -0.001500 1.407503
v 0.112259 -0.001500 1.424793
v 0.112259 -0.001500 1.442294
v 0.145281 -0.001500 0.976763
v 0.145281 -0.001500 0.992836
v 0.145281 -0.001500 1.008709
v 0.145281 -0.001500 1.024462
v 0.145281 -0.001500 1.040175
v 0.145281 -0.001500 1.055921
v 0.145281 -0.001500 1.071770
v 0.145281 -0.001500 1.087786
v 0.145281 -0.001500 1.104023
v 0.145281 -0.001500 1.120526
v 0.145281 -0.001500 1.137331
v 0.145281 -0.001500 1.154457
v 0.145281 -0.001500 1.171748
v 0.145281 -0.001500 1.189204
v 0.145281 -0.001500 1.206981
v 0.145281 -0.001500 1.225060
v 0.145281 -0.001500 1.243405
v 0.145281 -0.001500 1.261508
v 0.145281 -0.001500 1.276251
v 0.145281 -0.001500 1.291012
v 0.145281 -0.001500 1.305879
v 0.145281 -0.001500 1.320936
v 0.145281 -0.001500 1.336262
v 0.145281 -0.001500 1.351934
v 0.145281 -0.001500 1.368015
v 0.145281 -0.001500 1.384557
v 0.145281 -0.001500 1.401595
v 0.145281 -0.001500 1.418886
v 0.145281 -0.001500 1.436430
v 0.178303 0.000107 0.974683
v 0.178303 0.000107 0.990167
v 0.178303 0.000107 1.005476
v 0.178303 0.000107 1.020694
v 0.178303 0.000107 1.035907
v 0.178303 0.000107 1.051196
v 0.178303 0.000107 1.066636
v 0.178303 0.000107 1.082300
v 0.178303 0.000107 1.098251
v 0.178303 0.000107 1.114543
v 0.178303 0.000107 1.131217
v 0.178303 0.000107 1.148300
v 0.178303 0.000107 1.165591
v 0.178303 0.000107 1.183090
v 0.178303 0.000107 1.200998
v 0.178303 0.000107 1.219288
v 0.178303 0.000107 1.237919
v 0.178303 0.000107 1.256837
v 0.178303 0.000107 1.273119
v 0.178303 0.000107 1.287524
v 0.178303 0.000107 1.302051
v 0.178303 0.000107 1.316790
v 0.178303 0.000107 1.331828
v 0.178303 0.000107 1.347251
v 0.178303 0.000107 1.363138
v 0.178303 0.000107 1.379554
v 0.178303 0.000107 1.396548
v 0.178303 0.000107 1.413839
v 0.178303 0.000107 1.431427
v 0.211325 0.004172 0.972389
v 0.211325 0.004172 0.987368
v 0.211325 0.004172 1.002188
v 0.211325 0.004172 1.016937
v 0.211325 0.004172 1.031704
v 0.211325 0.004172 1.046576
v 0.211325 0.004172 1.061638
v 0.211325 0.004172 1.076969
v 0.211325 0.004172 1.092644
v 0.211325 0.004172 1.108728
v 0.211325 0.004172 1.125272
v 0.211325 0.004172 1.142311
v 0.211325 0.004172 1.159601
v 0.211325 0.004172 1.177145
v 0.211325 0.004172 1.195183
v 0.211325 0.004172 1.213681
v 0.211325 0.004172 1.232588
v 0.211325 0.004172 1.251839
v 0.211325 0.004172 1.271005
v 0.211325 0.004172 1.285172
v 0.211325 0.004172 1.299465
v 0.211325 0.004172 1.313977
v 0.211325 0.004172 1.328802
v 0.211325 0.004172 1.344029
v 0.211325 0.004172 1.359750
v 0.211325 0.004172 1.376050
v 0.211325 0.004172 1.393001
v 0.211325 0.004172 1.410292
v 0.211325 0.004172 1.427923
v 0.244346 0.009469 0.970356
v 0.244346 0.009469 0.984944
v 0.244346 0.009469 0.999379
v 0.244346 0.009469 1.013754
v 0.244346 0.009469 1.028159
v 0.244346 0.009469 1.042686
v 0.244346 0.009469 1.057425
v 0.244346 0.009469 1.072463
v 0.244346 0.009469 1.087886
v 0.244346 0.009469 1.103773
v 0.244346 0.009469 1.120190
v 0.244346 0.009469 1.137183
v 0.244346 0.009469 1.154474
v 0.244346 0.009469 1.172063
v 0.244346 0.009469 1.190228
v 0.244346 0.009469 1.208924
v 0.244346 0.009469 1.228082
v 0.244346 0.009469 1.247626
v 0.244346 0.009469 1.267470
v 0.244346 0.009469 1.284338
v 0.244346 0.009469 1.298546
v 0.244346 0.009469 1.312975
v 0.244346 0.009469 1.327716
v 0.244346 0.009469 1.342863
v 0.244346 0.009469 1.358508
v 0.244346 0.009469 1.374743
v 0.244346 0.009469 1.391661
v 0.244346 0.009469 1.408952
v 0.244346 0.009469 1.426616
v 0.277368 0.014771 0.968974
v 0.277368 0.014771 0.983313
v 0.277368 0.014771 0.997502
v 0.277368 0.014771 1.011633
v 0.277368 0.014771 1.025798
v 0.277368 0.014771 1.040090
v 0.277368 0.014771 1.054602
v 0.277368 0.014771 1.069425
v 0.277368 0.014771 1.084652
v 0.277368 0.014771 1.100372
v 0.277368 0.014771 1.116672
v 0.277368 0.014771 1.133623
v 0.277368 0.014771 1.150913
v 0.277368 0.014771 1.168545
v 0.277368 0.014771 1.186827
v 0.277368 0.014771 1.205689
v 0.277368 0.014771 1.225044
v 0.277368 0.014771 1.244803
v 0.277368 0.014771 1.264873
v 0.277368 0.014771 1.284338
v 0.277368 0.014771 1.298546
v 0.277368 0.014771 1.312975
v 0.277368 0.014771 1.327716
v 0.277368 0.014771 1.342863
v 0.277368 0.014771 1.358508
v 0.277368 0.014771 1.374743
v 0.277368 0.014771 1.391661
v 0.277368 0.014771 1.408952
v 0.277368 0.014771 1.426616
v 0.310390 0.018852 0.964731
v 0.310390 0.018852 0.981532
v 0.310390 0.018852 0.996846
v 0.310390 0.018852 1.010892
v 0.310390 0.018852 1.024973
v 0.310390 0.018852 1.039181
v 0.310390 0.018852 1.053610
v 0.310390 0.018852 1.068351
v 0.310390 0.018852 1.083498
v 0.310390 0.018852 1.099142
v 0.310390 0.018852 1.115377
v 0.310390 0.018852 1.132296
v 0.310390 0.018852 1.149587
v 0.310390 0.018852 1.167250
v 0.310390 0.018852 1.185597
v 0.310390 0.018852 1.204535
v 0.310390 0.018852 1.223970
v 0.310390 0.018852 1.243811
v 0.310390 0.018852 1.263964
v 0.310390 0.018852 1.284338
v 0.310390 0.018852 1.299455
v 0.310390 0.018852 1.313967
v 0.310390 0.018852 1.328791
v 0.310390 0.018852 1.344017
v 0.310390 0.018852 1.359737
v 0.310390 0.018852 1.376037
v 0.310390 0.018852 1.392988
v 0.310390 0.018852 1.410279
v 0.310390 0.018852 1.427910
v 0.343412 0.020485 0.958766
v 0.343412 0.020485 0.975437
v 0.343412 0.020485 0.992519
v 0.343412 0.020485 1.009810
v 0.343412 0.020485 1.024973
v 0.343412 0.020485 1.039181
v 0.343412 0.020485 1.053610
v 0.343412 0.020485 1.068351
v 0.343412 0.020485 1.083498
v 0.343412 0.020485 1.099142
v 0.343412 0.020485 1.115377
v 0.343412 0.020485 1.132296
v 0.343412 0.020485 1.149587
v 0.343412 0.020485 1.167250
v 0.343412 0.020485 1.185597
v 0.343412 0.020485 1.204535
v 0.343412 0.020485 1.223970
v 0.343412 0.020485 1.243811
v 0.343412 0.020485 1.263964
v 0.343412 0.020485 1.284338
v 0.343412 0.020485 1.302010
v 0.343412 0.020485 1.316745
v 0.343412 0.020485 1.331780
v 0.343412 0.020485 1.347201
v 0.343412 0.020485 1.363085
v 0.343412 0.020485 1.379500
v 0.343412 0.020485 1.396493
v 0.343411 0.020485 1.413784
v 0.343411 0.020485 1.431373
v 0.376433 0.020485 0.953031
v 0.376433 0.020485 0.969573
v 0.376433 0.020485 0.986611
v 0.376433 0.020485 1.003902
v 0.376433 0.020485 1.021446
v 0.376433 0.020485 1.039486
v 0.376433 0.020485 1.054587
v 0.376433 0.020485 1.069410
v 0.376433 0.020485 1.084635
v 0.376433 0.020485 1.100354
v 0.376433 0.020485 1.116653
v 0.376433 0.020485 1.133603
v 0.376433 0.020485 1.150894
v 0.376433 0.020485 1.168526
v 0.376433 0.020485 1.186809
v 0.376433 0.020485 1.205672
v 0.376433 0.020485 1.225029
v 0.376433 0.020485 1.244788
v 0.376433 0.020485 1.264860
v 0.376433 0.020485 1.285151
v 0.376433 0.020485 1.305569
v 0.376433 0.020485 1.320873
v 0.376433 0.020485 1.336196
v 0.376433 0.020485 1.351864
v 0.376433 0.020485 1.367942
v 0.376433 0.020485 1.384483
v 0.376433 0.020485 1.401520
v 0.376433 0.020485 1.418811
v 0.376433 0.020485 1.436356
v 0.409455 0.018852 0.948153
v 0.409455 0.018852 0.964570
v 0.409455 0.018852 0.981564
v 0.409455 0.018852 0.998855
v 0.409455 0.018852 1.016443
v 0.409455 0.018852 1.034609
v 0.409455 0.018852 1.053304
v 0.409455 0.018852 1.070552
v 0.409455 0.018852 1.086436
v 0.409455 0.018852 1.102852
v 0.409455 0.018852 1.119845
v 0.409455 0.018852 1.137098
v 0.409455 0.018852 1.154389
v 0.409455 0.018852 1.171978
v 0.409455 0.018852 1.190146
v 0.409455 0.018852 1.208845
v 0.409455 0.018852 1.228008
v 0.409455 0.018852 1.247557
v 0.409455 0.018852 1.267406
v 0.409455 0.018852 1.287467
v 0.409455 0.018852 1.307649
v 0.409455 0.018852 1.325804
v 0.409455 0.018852 1.341455
v 0.409455 0.018852 1.357395
v 0.409455 0.018852 1.373679
v 0.409455 0.018852 1.390349
v 0.409455 0.018852 1.407430
v 0.409455 0.018852 1.424721
v 0.409455 0.018852 1.442222
v 0.442477 0.014771 0.944765
v 0.442477 0.014771 0.961066
v 0.442477 0.014771 0.978016
v 0.442477 0.014771 0.995307
v 0.442477 0.014771 1.012939
v 0.442477 0.014771 1.031221
v 0.442477 0.014771 1.050082
v 0.442477 0.014771 1.067349
v 0.442477 0.014771 1.083069
v 0.442477 0.014771 1.099368
v 0.442477 0.014771 1.116318
v 0.442477 0.014771 1.133609
v 0.442477 0.014771 1.151241
v 0.442477 0.014771 1.169524
v 0.442477 0.014771 1.188386
v 0.442477 0.014771 1.207743
v 0.442477 0.014771 1.227502
v 0.442477 0.014771 1.247573
v 0.442477 0.014771 1.267864
v 0.442477 0.014771 1.288281
v 0.442477 0.014771 1.308734
v 0.442477 0.014771 1.329128
v 0.442477 0.014771 1.346947
v 0.442477 0.014771 1.363173
v 0.442477 0.014771 1.379668
v 0.442477 0.014771 1.396468
v 0.442477 0.014771 1.413592
v 0.442477 0.014771 1.430884
v 0.442477 0.014771 1.448341
v 0.475498 0.009469 0.943523
v 0.475498 0.009469 0.959758
v 0.475498 0.009469 0.976677
v 0.475498 0.009469 0.993968
v 0.475498 0.009469 1.011631
v 0.475498 0.009469 1.029978
v 0.475498 0.009469 1.048916
v 0.475498 0.009469 1.066216
v 0.475498 0.009469 1.081862
v 0.475498 0.009469 1.098097
v 0.475498 0.009469 1.115017
v 0.475498 0.009469 1.132308
v 0.475498 0.009469 1.149971
v 0.475498 0.009469 1.168316
v 0.475498 0.009469 1.187253
v 0.475498 0.009469 1.206688
v 0.475498 0.009469 1.226528
v 0.475498 0.009469 1.246681
v 0.475498 0.009469 1.267054
v 0.475498 0.009469 1.287554
v 0.475498 0.009469 1.308089
v 0.475498 0.009469 1.328567
v 0.475498 0.009469 1.348894
v 0.475498 0.009469 1.368572
v 0.475498 0.009469 1.385282
v 0.475498 0.009469 1.402214
v 0.475498 0.009469 1.419383
v 0.475498 0.009469 1.436674
v 0.475498 0.009469 1.454087
v 0.508520 0.009469 0.943523
v 0.508520 0.009469 0.959758
v 0.508520 0.009469 0.976677
v 0.508520 0.009469 0.993968
v 0.508520 0.009469 1.011631
v 0.508520 0.009469 1.029978
v 0.508520 0.009469 1.048916
v 0.508520 0.009469 1.066216
v 0.508520 0.009469 1.081862
v 0.508520 0.009469 1.098097
v 0.508520 0.009469 1.115017
v 0.508520 0.009469 1.132308
v 0.508520 0.009469 1.149971
v 0.508520 0.009469 1.168316
v 0.508520 0.009469 1.187253
v 0.508520 0.009469 1.206688
v 0.508520 0.009469 1.226528
v 0.508520 0.009469 1.246681
v 0.508520 0.009469 1.267054
v 0.508520 0.009469 1.287554
v 0.508520 0.009469 1.308089
v 0.508520 0.009469 1.328567
v 0.508520 0.009469 1.348894
v 0.508520 0.009469 1.368978
v 0.508520 0.009469 1.385878
v 0.508520 0.009469 1.402590
v 0.508520 0.009469 1.419521
v 0.508520 0.009469 1.436690
v 0.508520 0.009469 1.453981
v 0.541542 0.014771 0.944765
v 0.541542 0.014771 0.961066
v 0.541542 0.014771 0.978016
v 0.541542 0.014771 0.995307
v 0.541542 0.014771 1.012939
v 0.541542 0.014771 1.031221
v 0.541542 0.014771 1.050082
v 0.541542 0.014771 1.067349
v 0.541542 0.014771 1.083069
v 0.541542 0.014771 1.099368
v 0.541542 0.014771 1.116318
v 0.541542 0.014771 1.133610
v 0.541542 0.014771 1.151241
v 0.541542 0.014771 1.169524
v 0.541542 0.014771 1.188386
v 0.541542 0.014771 1.207743
v 0.541542 0.014771 1.227502
v 0.541542 0.014771 1.247573
v 0.541542 0.014771 1.267864
v 0.541542 0.014771 1.288281
v 0.541542 0.014771 1.308734
v 0.541542 0.014771 1.329128
v 0.541542 0.014771 1.348240
v 0.541542 0.014771 1.364242
v 0.541542 0.014771 1.380468
v 0.541542 0.014771 1.396964
v 0.541542 0.014771 1.413764
v 0.541542 0.014771 1.430889
v 0.541542 0.014771 1.448179
v 0.574564 0.018852 0.948153
v 0.574564 0.018852 0.964570
v 0.574564 0.018852 0.981564
v 0.574564 0.018852 0.998855
v 0.574564 0.018852 1.016443
v 0.574564 0.018852 1.034609
v 0.574564 0.018852 1.053304
v 0.574564 0.018852 1.070552
v 0.574564 0.018852 1.086436
v 0.574564 0.018852 1.102852
v 0.574564 0.018852 1.119845
v 0.574564 0.018852 1.137136
v 0.574564 0.018852 1.154725
v 0.574564 0.018852 1.172891
v 0.574564 0.018852 1.191589
v 0.574564 0.018852 1.210750
v 0.574564 0.018852 1.230297
v 0.574564 0.018852 1.250143
v 0.574564 0.018852 1.270201
v 0.574564 0.018852 1.290381
v 0.574564 0.018852 1.310592
v 0.574564 0.018852 1.327662
v 0.574564 0.018852 1.343086
v 0.574564 0.018852 1.358736
v 0.574564 0.018852 1.374676
v 0.574564 0.018852 1.390960
v 0.574564 0.018852 1.407629
v 0.574564 0.018852 1.424710
v 0.574564 0.018852 1.442001
v 0.607585 0.020485 0.953031
v 0.607585 0.020485 0.969573
v 0.607585 0.020485 0.986611
v 0.607585 0.020485 1.003902
v 0.607585 0.020485 1.021447
v 0.607585 0.020485 1.039486
v 0.607585 0.020485 1.057987
v 0.607585 0.020485 1.075233
v 0.607585 0.020485 1.091312
v 0.607585 0.020485 1.107853
v 0.607585 0.020485 1.124891
v 0.607585 0.020485 1.142182
v 0.607585 0.020485 1.159727
v 0.607585 0.020485 1.177767
v 0.607585 0.020485 1.196270
v 0.607585 0.020485 1.215183
v 0.607585 0.020485 1.234441
v 0.607585 0.020485 1.253969
v 0.607585 0.020485 1.273688
v 0.607585 0.020485 1.293482
v 0.607585 0.020485 1.308236
v 0.607585 0.020485 1.323096
v 0.607585 0.020485 1.338147
v 0.607585 0.020485 1.353468
v 0.607585 0.020485 1.369135
v 0.607585 0.020485 1.385212
v 0.607585 0.020485 1.401753
v 0.607585 0.020485 1.418789
v 0.607585 0.020485 1.436080
v 0.640607 0.020485 0.958766
v 0.640607 0.020485 0.975437
v 0.640607 0.020485 0.992519
v 0.640607 0.020485 1.009810
v 0.640607 0.020485 1.027310
v 0.640607 0.020485 1.045222
v 0.640607 0.020485 1.063517
v 0.640607 0.020485 1.080770
v 0.640607 0.020485 1.097056
v 0.640607 0.020485 1.113726
v 0.640607 0.020485 1.130807
v 0.640607 0.020485 1.148098
v 0.640607 0.020485 1.165599
v 0.640607 0.020485 1.183511
v 0.640607 0.020485 1.201807
v 0.640607 0.020485 1.220448
v 0.640607 0.020485 1.239377
v 0.640607 0.020485 1.258532
v 0.640607 0.020485 1.275992
v 0.640607 0.020485 1.290361
v 0.640607 0.020485 1.304761
v 0.640607 0.020485 1.319282
v 0.640607 0.020485 1.334016
v 0.640607 0.020485 1.349049
v 0.640607 0.020485 1.364468
v 0.640607 0.020485 1.380351
v 0.640607 0.020485 1.396766
v 0.640607 0.020485 1.413759
v 0.640607 0.020485 1.431050
v 0.673629 0.018852 0.953004
v 0.673629 0.018852 0.969545
v 0.673629 0.018852 0.986583
v 0.673629 0.018852 1.003874
v 0.673629 0.018852 1.021418
v 0.673629 0.018852 1.039459
v 0.673629 0.018852 1.057961
v 0.673629 0.018852 1.076873
v 0.673629 0.018852 1.096130
v 0.673629 0.018852 1.115657
v 0.673629 0.018852 1.135374
v 0.673629 0.018852 1.154250
v 0.673629 0.018852 1.171707
v 0.673629 0.018852 1.189489
v 0.673629 0.018852 1.207575
v 0.673629 0.018852 1.225930
v 0.673629 0.018852 1.244508
v 0.673629 0.018852 1.259961
v 0.673629 0.018852 1.274149
v 0.673629 0.018852 1.288279
v 0.673629 0.018852 1.302443
v 0.673629 0.018852 1.316734
v 0.673629 0.018852 1.331244
v 0.673629 0.018852 1.346067
v 0.673629 0.018852 1.361292
v 0.673629 0.018852 1.377012
v 0.673629 0.018852 1.393311
v 0.673629 0.018852 1.410261
v 0.673629 0.018852 1.427552
v 0.706651 0.014771 0.948096
v 0.706651 0.014771 0.964511
v 0.706651 0.014771 0.981504
v 0.706651 0.014771 0.998795
v 0.706651 0.014771 1.016384
v 0.706651 0.014771 1.034551
v 0.706651 0.014771 1.053249
v 0.706651 0.014771 1.072411
v 0.706651 0.014771 1.091959
v 0.706651 0.014771 1.111806
v 0.706651 0.014771 1.131865
v 0.706651 0.014771 1.152046
v 0.706651 0.014771 1.171561
v 0.706651 0.014771 1.188852
v 0.706651 0.014771 1.206308
v 0.706651 0.014771 1.224090
v 0.706651 0.014771 1.242175
v 0.706651 0.014771 1.259403
v 0.706651 0.014771 1.273507
v 0.706651 0.014771 1.287554
v 0.706651 0.014771 1.301636
v 0.706651 0.014771 1.315845
v 0.706651 0.014771 1.330274
v 0.706651 0.014771 1.345016
v 0.706651 0.014771 1.360163
v 0.706651 0.014771 1.375809
v 0.706651 0.014771 1.392045
v 0.706651 0.014771 1.408964
v 0.706650 0.014771 1.426255
v 0.739672 0.009469 0.944735
v 0.739672 0.009469 0.961034
v 0.739672 0.009469 0.977984
v 0.739672 0.009469 0.995275
v 0.739672 0.009469 1.012907
v 0.739672 0.009469 1.031190
v 0.739672 0.009469 1.050053
v 0.739672 0.009469 1.069410
v 0.739672 0.009469 1.089169
v 0.739672 0.009469 1.109241
v 0.739672 0.009469 1.129532
v 0.739672 0.009469 1.148400
v 0.739672 0.009469 1.165482
v 0.739672 0.009469 1.182773
v 0.739672 0.009469 1.200273
v 0.739672 0.009469 1.218183
v 0.739672 0.009469 1.236477
v 0.739672 0.009469 1.255113
v 0.739672 0.009469 1.273507
v 0.739672 0.009469 1.287554
v 0.739672 0.009469 1.301636
v 0.739672 0.009469 1.315845
v 0.739672 0.009469 1.330274
v 0.739672 0.009469 1.345016
v 0.739672 0.009469 1.360163
v 0.739672 0.009469 1.375809
v 0.739672 0.009469 1.392045
v 0.739672 0.009469 1.408964
v 0.739672 0.009469 1.426255
v 0.772694 0.009469 0.943523
v 0.772694 0.009469 0.959758
v 0.772694 0.009469 0.976677
v 0.772694 0.009469 0.993968
v 0.772694 0.009469 1.011631
v 0.772694 0.009469 1.029978
v 0.772694 0.009469 1.048916
v 0.772694 0.009469 1.068351
v 0.772694 0.009469 1.088192
v 0.772694 0.009469 1.108345
v 0.772694 0.009469 1.126003
v 0.772694 0.009469 1.142547
v 0.772694 0.009469 1.159585
v 0.772694 0.009469 1.176876
v 0.772694 0.009469 1.194420
v 0.772694 0.009469 1.212458
v 0.772694 0.009469 1.230957
v 0.772694 0.009469 1.249865
v 0.772694 0.009469 1.269116
v 0.772694 0.009469 1.288284
v 0.772694 0.009469 1.302449
v 0.772694 0.009469 1.316740
v 0.772694 0.009469 1.331251
v 0.772694 0.009469 1.346074
v 0.772694 0.009469 1.361300
v 0.772694 0.009469 1.377020
v 0.772694 0.009469 1.393320
v 0.772694 0.009469 1.410270
v 0.772694 0.009469 1.427561
v 0.805716 0.014771 0.943523
v 0.805716 0.014771 0.959758
v 0.805716 0.014771 0.976677
v 0.805716 0.014771 0.993968
v 0.805716 0.014771 1.011631
v 0.805716 0.014771 1.029978
v 0.805716 0.014771 1.048916
v 0.805716 0.014771 1.068351
v 0.805716 0.014771 1.088192
v 0.805716 0.014771 1.105166
v 0.805716 0.014771 1.121052
v 0.805716 0.014771 1.137469
v 0.805716 0.014771 1.154462
v 0.805716 0.014771 1.171753
v 0.805716 0.014771 1.189342
v 0.805716 0.014771 1.207507
v 0.805716 0.014771 1.226203
v 0.805716 0.014771 1.245363
v 0.805716 0.014771 1.264907
v 0.805716 0.014771 1.284752
v 0.805716 0.014771 1.304759
v 0.805716 0.014771 1.319281
v 0.805716 0.014771 1.334014
v 0.805716 0.014771 1.349048
v 0.805716 0.014771 1.364467
v 0.805716 0.014771 1.380349
v 0.805716 0.014771 1.396764
v 0.805716 0.014771 1.413757
v 0.805716 0.014771 1.431048
v 0.838737 0.018852 0.944753
v 0.838737 0.018852 0.961053
v 0.838737 0.018852 0.978003
v 0.838737 0.018852 0.995294
v 0.838737 0.018852 1.012926
v 0.838737 0.018852 1.031208
v 0.838737 0.018852 1.050070
v 0.838737 0.018852 1.069425
v 0.838737 0.018852 1.086721
v 0.838737 0.018852 1.101948
v 0.838737 0.018852 1.117668
v 0.838737 0.018852 1.133968
v 0.838737 0.018852 1.150919
v 0.838737 0.018852 1.168210
v 0.838737 0.018852 1.185841
v 0.838737 0.018852 1.204124
v 0.838737 0.018852 1.222985
v 0.838737 0.018852 1.242340
v 0.838737 0.018852 1.262098
v 0.838737 0.018852 1.282168
v 0.838737 0.018852 1.302458
v 0.838737 0.018852 1.322874
v 0.838737 0.018852 1.338170
v 0.838737 0.018852 1.353494
v 0.838737 0.018852 1.369161
v 0.838737 0.018852 1.385240
v 0.838737 0.018852 1.401781
v 0.838737 0.018852 1.418818
v 0.838737 0.018852 1.436109
v 0.871759 0.020485 0.948100
v 0.871759 0.020485 0.964515
v 0.871759 0.020485 0.981509
v 0.871759 0.020485 0.998800
v 0.871759 0.020485 1.016389
v 0.871759 0.020485 1.034555
v 0.871759 0.020485 1.053253
v 0.871759 0.020485 1.070909
v 0.871759 0.020485 1.085651
v 0.871759 0.020485 1.100798
v 0.871759 0.020485 1.116444
v 0.871759 0.020485 1.132679
v 0.871759 0.020485 1.149599
v 0.871759 0.020485 1.166890
v 0.871759 0.020485 1.184552
v 0.871759 0.020485 1.202899
v 0.871759 0.020485 1.221835
v 0.871759 0.020485 1.241270
v 0.871759 0.020485 1.261110
v 0.871759 0.020485 1.281263
v 0.871759 0.020485 1.301636
v 0.871759 0.020485 1.322136
v 0.871759 0.020485 1.342672
v 0.871759 0.020485 1.358776
v 0.871759 0.020485 1.374718
v 0.871759 0.020485 1.391003
v 0.871759 0.020485 1.407673
v 0.871759 0.020485 1.424754
v 0.871759 0.020485 1.442045
v 0.904781 0.020485 0.952958
v 0.904781 0.020485 0.969498
v 0.904781 0.020485 0.986535
v 0.904781 0.020485 1.003826
v 0.904781 0.020485 1.021372
v 0.904781 0.020485 1.039413
v 0.904781 0.020485 1.056480
v 0.904781 0.020485 1.070909
v 0.904781 0.020485 1.085651
v 0.904781 0.020485 1.100798
v 0.904781 0.020485 1.116444
v 0.904781 0.020485 1.132679
v 0.904781 0.020485 1.149599
v 0.904781 0.020485 1.166890
v 0.904781 0.020485 1.184552
v 0.904781 0.020485 1.202899
v 0.904781 0.020485 1.221835
v 0.904781 0.020485 1.241270
v 0.904781 0.020485 1.261110
v 0.904781 0.020485 1.281263
v 0.904781 0.020485 1.301636
v 0.904781 0.020485 1.322136
v 0.904781 0.020485 1.342672
v 0.904781 0.020485 1.363149
v 0.904781 0.020485 1.380497
v 0.904781 0.020485 1.396994
v 0.904781 0.020485 1.413794
v 0.904781 0.020485 1.430919
v 0.904781 0.020485 1.448210
v 0.937803 0.018852 0.958695
v 0.937803 0.018852 0.975364
v 0.937803 0.018852 0.992445
v 0.937803 0.018852 1.009736
v 0.937803 0.018852 1.027237
v 0.937803 0.018852 1.043092
v 0.937803 0.018852 1.057385
v 0.937803 0.018852 1.071897
v 0.937803 0.018852 1.086721
v 0.937803 0.018852 1.101948
v 0.937803 0.018852 1.117668
v 0.937803 0.018852 1.133968
v 0.937803 0.018852 1.150919
v 0.937803 0.018852 1.168210
v 0.937803 0.018852 1.185841
v 0.937803 0.018852 1.204124
v 0.937803 0.018852 1.222985
v 0.937803 0.018852 1.242340
v 0.937803 0.018852 1.262098
v 0.937803 0.018852 1.282168
v 0.937803 0.018852 1.302458
v 0.937803 0.018852 1.322874
v 0.937803 0.018852 1.343325
v 0.937803 0.018852 1.363718
v 0.937803 0.018852 1.383960
v 0.937803 0.018852 1.402578
v 0.937803 0.018852 1.419510
v 0.937803 0.018852 1.436679
v 0.937803 0.018852 1.453970
v 0.970824 0.014771 0.964684
v 0.970824 0.014771 0.981483
v 0.970824 0.014771 0.998608
v 0.970824 0.014771 1.015899
v 0.970824 0.014771 1.031037
v 0.970824 0.014771 1.045442
v 0.970824 0.014771 1.059968
v 0.970824 0.014771 1.074706
v 0.970824 0.014771 1.089744
v 0.970824 0.014771 1.105166
v 0.970824 0.014771 1.121052
v 0.970824 0.014771 1.137469
v 0.970824 0.014771 1.154462
v 0.970824 0.014771 1.171753
v 0.970824 0.014771 1.189342
v 0.970824 0.014771 1.207507
v 0.970824 0.014771 1.226203
v 0.970824 0.014771 1.245363
v 0.970824 0.014771 1.264907
v 0.970824 0.014771 1.284752
v 0.970824 0.014771 1.304807
v 0.970824 0.014771 1.324985
v 0.970824 0.014771 1.345193
v 0.970824 0.014771 1.365341
v 0.970824 0.014771 1.385336
v 0.970824 0.014771 1.405086
v 0.970824 0.014771 1.424187
v 0.970824 0.014771 1.441401
v 0.970824 0.014771 1.458692
v 1.003846 0.009469 0.970298
v 1.003846 0.009469 0.987229
v 1.003846 0.009469 1.004398
v 1.003846 0.009469 1.019470
v 1.003846 0.009469 1.034217
v 1.003846 0.009469 1.048983
v 1.003846 0.009469 1.063855
v 1.003846 0.009469 1.078915
v 1.003846 0.009469 1.094246
v 1.003846 0.009469 1.109920
v 1.003846 0.009469 1.126003
v 1.003846 0.009469 1.142547
v 1.003846 0.009469 1.159585
v 1.003846 0.009469 1.176876
v 1.003846 0.009469 1.194420
v 1.003846 0.009469 1.212458
v 1.003846 0.009469 1.230957
v 1.003846 0.009469 1.249865
v 1.003846 0.009469 1.269116
v 1.003846 0.009469 1.288638
v 1.003846 0.009469 1.308349
v 1.003846 0.009469 1.328165
v 1.003846 0.009469 1.347999
v 1.003846 0.009469 1.367763
v 1.003846 0.009469 1.387367
v 1.003846 0.009469 1.406720
v 1.003846 0.009469 1.425732
v 1.003846 0.009469 1.444309
v 1.003846 0.009469 1.461742
v 0.000000 -0.020545 1.511624
v -0.016063 -0.012809 1.511624
v -0.016063 -0.012809 0.003429
v 0.000000 -0.020545 0.003429
v -0.020030 0.004572 1.511624
v -0.020030 0.004572 0.003429
v -0.008914 0.018510 1.511624
v -0.008914 0.018510 0.003429
v 0.008914 0.018510 1.511624
v 0.008914 0.018510 0.003429
v 0.020030 0.004572 1.511624
v 0.020030 0.004572 0.003429
v 0.016063 -0.012809 0.003429
v 0.016063 -0.012809 1.511624
vt 0.967742 0.967742
vt 0.967742 1.000000
vt 1.000000 1.000000
vt 1.000000 0.967742
vt 0.032258 0.967742
vt 0.000000 0.967742
vt 0.000000 1.000000
vt 0.032258 1.000000
vt 0.000000 0.967742
vt 0.000000 0.967742
vt 0.000000 1.000000
vt 0.000000 1.000000
vt 0.032258 0.000000
vt 0.032258 0.000000
vt 0.000000 0.000000
vt 0.000000 0.000000
vt 1.000000 0.032258
vt 1.000000 0.032258
vt 1.000000 0.000000
vt 1.000000 0.000000
vt 0.967742 1.000000
vt 0.967742 1.000000
vt 1.000000 1.000000
vt 1.000000 1.000000
vt 0.032258 1.000000
vt 0.032258 1.000000
vt 0.064516 1.000000
vt 0.064516 1.000000
vt 0.096774 1.000000
vt 0.096774 1.000000
vt 0.129032 1.000000
vt 0.129032 1.000000
vt 0.161290 1.000000
vt 0.161290 1.000000
vt 0.193548 1.000000
vt 0.193548 1.000000
vt 0.225806 1.000000
vt 0.225806 1.000000
vt 0.258065 1.000000
vt 0.258065 1.000000
vt 0.290323 1.000000
vt 0.290323 1.000000
vt 0.322581 1.000000
vt 0.322581 1.000000
vt 0.354839 1.000000
vt 0.354839 1.000000
vt 0.387097 1.000000
vt 0.387097 1.000000
vt 0.419355 1.000000
vt 0.419355 1.000000
vt 0.451613 1.000000
vt 0.451613 1.000000
vt 0.483871 1.000000
vt 0.483871 1.000000
vt 0.516129 1.000000
vt 0.516129 1.000000
vt 0.548387 1.000000
vt 0.548387 1.000000
vt 0.580645 1.000000
vt 0.580645 1.000000
vt 0.612903 1.000000
vt 0.612903 1.000000
vt 0.645161 1.000000
vt 0.645161 1.000000
vt 0.677419 1.000000
vt 0.677419 1.000000
vt 0.709677 1.000000
vt 0.709677 1.000000
vt 0.741935 1.000000
vt 0.741935 1.000000
vt 0.774194 1.000000
vt 0.774194 1.000000
vt 0.806452 1.000000
vt 0.806452 1.000000
vt 0.838710 1.000000
vt 0.838710 1.000000
vt 0.870968 1.000000
vt 0.870968 1.000000
vt 0.903226 1.000000
vt 0.903226 1.000000
vt 0.935484 1.000000
vt 0.935484 1.000000
vt 0.000000 1.000000
vt 0.000000 1.000000
vt 0.032258 1.000000
vt 0.032258 1.000000
vt 0.000000 1.000000
vt 0.032258 1.000000
vt 0.000000 1.000000
vt 0.032258 1.000000
vt 0.000000 1.000000
vt 0.032258 1.000000
vt 0.000000 1.000000
vt 0.032258 1.000000
vt 0.000000 1.000000
vt 0.032258 1.000000
vt 0.000000 1.000000
vt 0.032258 1.000000
vt 0.000000 1.000000
vt 0.032258 1.000000
vt 0.000000 1.000000
vt 0.032258 1.000000
vt 0.000000 1.000000
vt 0.032258 1.000000
vt 0.000000 1.000000
vt 0.032258 1.000000
vt 0.000000 1.000000
vt 0.032258 1.000000
vt 0.000000 1.000000
vt 0.032258 1.000000
vt 0.000000 1.000000
vt 0.032258 1.000000
vt 0.000000 1.000000
vt 0.032258 1.000000
vt 0.000000 1.000000
vt 0.032258 1.000000
vt 0.000000 1.000000
vt 0.032258 1.000000
vt 0.000000 1.000000
vt 0.032258 1.000000
vt 0.000000 1.000000
vt 0.032258 1.000000
vt 0.000000 1.000000
vt 0.032258 1.000000
vt 0.000000 1.000000
vt 0.032258 1.000000
vt 0.000000 1.000000
vt 0.032258 1.000000
vt 0.000000 1.000000
vt 0.032258 1.000000
vt 0.000000 1.000000
vt 0.032258 1.000000
vt 0.000000 1.000000
vt 0.032258 1.000000
vt 0.000000 1.000000
vt 0.032258 1.000000
vt 0.000000 1.000000
vt 0.032258 1.000000
vt 0.000000 1.000000
vt 0.032258 1.000000
vt 0.000000 1.000000
vt 0.032258 1.000000
vt 0.064516 1.000000
vt 0.064516 1.000000
vt 0.064516 1.000000
vt 0.064516 1.000000
vt 0.064516 1.000000
vt 0.064516 1.000000
vt 0.064516 1.000000
vt 0.064516 1.000000
vt 0.064516 1.000000
vt 0.064516 1.000000
vt 0.064516 1.000000
vt 0.064516 1.000000
vt 0.064516 1.000000
vt 0.064516 1.000000
vt 0.064516 1.000000
vt 0.064516 1.000000
vt 0.064516 1.000000
vt 0.064516 1.000000
vt 0.064516 1.000000
vt 0.064516 1.000000
vt 0.064516 1.000000
vt 0.064516 1.000000
vt 0.064516 1.000000
vt 0.064516 1.000000
vt 0.064516 1.000000
vt 0.064516 1.000000
vt 0.064516 1.000000
vt 0.064516 1.000000
vt 0.064516 1.000000
vt 0.064516 1.000000
vt 0.096774 1.000000
vt 0.096774 1.000000
vt 0.096774 1.000000
vt 0.096774 1.000000
vt 0.096774 1.000000
vt 0.096774 1.000000
vt 0.096774 1.000000
vt 0.096774 1.000000
vt 0.096774 1.000000
vt 0.096774 1.000000
vt 0.096774 1.000000
vt 0.096774 1.000000
vt 0.096774 1.000000
vt 0.096774 1.000000
vt 0.096774 1.000000
vt 0.096774 1.000000
vt 0.096774 1.000000
vt 0.096774 1.000000
vt 0.096774 1.000000
vt 0.096774 1.000000
vt 0.096774 1.000000
vt 0.096774 1.000000
vt 0.096774 1.000000
vt 0.096774 1.000000
vt 0.096774 1.000000
vt 0.096774 1.000000
vt 0.096774 1.000000
vt 0.096774 1.000000
vt 0.096774 1.000000
vt 0.096774 1.000000
vt 0.129032 1.000000
vt 0.129032 1.000000
vt 0.129032 1.000000
vt 0.129032 1.000000
vt 0.129032 1.000000
vt 0.129032 1.000000
vt 0.129032 1.000000
vt 0.129032 1.000000
vt 0.129032 1.000000
vt 0.129032 1.000000
vt 0.129032 1.000000
vt 0.129032 1.000000
vt 0.129032 1.000000
vt 0.129032 1.000000
vt 0.129032 1.000000
vt 0.129032 1.000000
vt 0.129032 1.000000
vt 0.129032 1.000000
vt 0.129032 1.000000
vt 0.129032 1.000000
vt 0.129032 1.000000
vt 0.129032 1.000000
vt 0.129032 1.000000
vt 0.129032 1.000000
vt 0.129032 1.000000
vt 0.129032 1.000000
vt 0.129032 1.000000
vt 0.129032 1.000000
vt 0.129032 1.000000
vt 0.129032 1.000000
vt 0.161290 1.000000
vt 0.161290 1.000000
vt 0.161290 1.000000
vt 0.161290 1.000000
vt 0.161290 1.000000
vt 0.161290 1.000000
vt 0.161290 1.000000
vt 0.161290 1.000000
vt 0.161290 1.000000
vt 0.161290 1.000000
vt 0.161290 1.000000
vt 0.161290 1.000000
vt 0.161290 1.000000
vt 0.161290 1.000000
vt 0.161290 1.000000
vt 0.161290 1.000000
vt 0.161290 1.000000
vt 0.161290 1.000000
vt 0.161290 1.000000
vt 0.161290 1.000000
vt 0.161290 1.000000
vt 0.161290 1.000000
vt 0.161290 1.000000
vt 0.161290 1.000000
vt 0.161290 1.000000
vt 0.161290 1.000000
vt 0.161290 1.000000
vt 0.161290 1.000000
vt 0.161290 1.000000
vt 0.161290 1.000000
vt 0.193548 1.000000
vt 0.193548 1.000000
vt 0.193548 1.000000
vt 0.193548 1.000000
vt 0.193548 1.000000
vt 0.193548 1.000000
vt 0.193548 1.000000
vt 0.193548 1.000000
vt 0.193548 1.000000
vt 0.193548 1.000000
vt 0.193548 1.000000
vt 0.193548 1.000000
vt 0.193548 1.000000
vt 0.193548 1.000000
vt 0.193548 1.000000
vt 0.193548 1.000000
vt 0.193548 1.000000
vt 0.193548 1.000000
vt 0.193548 1.000000
vt 0.193548 1.000000
vt 0.193548 1.000000
vt 0.193548 1.000000
vt 0.193548 1.000000
vt 0.193548 1.000000
vt 0.193548 1.000000
vt 0.193548 1.000000
vt 0.193548 1.000000
vt 0.193548 1.000000
vt 0.193548 1.000000
vt 0.193548 1.000000
vt 0.225806 1.000000
vt 0.225806 1.000000
vt 0.225806 1.000000
vt 0.225806 1.000000
vt 0.225806 1.000000
vt 0.225806 1.000000
vt 0.225806 1.000000
vt 0.225806 1.000000
vt 0.225806 1.000000
vt 0.225806 1.000000
vt 0.225806 1.000000
vt 0.225806 1.000000
vt 0.225806 1.000000
vt 0.225806 1.000000
vt 0.225806 1.000000
vt 0.225806 1.000000
vt 0.225806 1.000000
vt 0.225806 1.000000
vt 0.225806 1.000000
vt 0.225806 1.000000
vt 0.225806 1.000000
vt 0.225806 1.000000
vt 0.225806 1.000000
vt 0.225806 1.000000
vt 0.225806 1.000000
vt 0.225806 1.000000
vt 0.225806 1.000000
vt 0.225806 1.000000
vt 0.225806 1.000000
vt 0.225806 1.000000
vt 0.258065 1.000000
vt 0.258065 1.000000
vt 0.258065 1.000000
vt 0.258065 1.000000
vt 0.258065 1.000000
vt 0.258065 1.000000
vt 0.258065 1.000000
vt 0.258065 1.000000
vt 0.258065 1.000000
vt 0.258065 1.000000
vt 0.258065 1.000000
vt 0.258065 1.000000
vt 0.258065 1.000000
vt 0.258065 1.000000
vt 0.258065 1.000000
vt 0.258065 1.000000
vt 0.258065 1.000000
vt 0.258065 1.000000
vt 0.258065 1.000000
vt 0.258065 1.000000
vt 0.258065 1.000000
vt 0.258065 1.000000
vt 0.258065 1.000000
vt 0.258065 1.000000
vt 0.258065 1.000000
vt 0.258065 1.000000
vt 0.258065 1.000000
vt 0.258065 1.000000
vt 0.258065 1.000000
vt 0.258065 1.000000
vt 0.290323 1.000000
vt 0.290323 1.000000
vt 0.290323 1.000000
vt 0.290323 1.000000
vt 0.290323 1.000000
vt 0.290323 1.000000
vt 0.290323 1.000000
vt 0.290323 1.000000
vt 0.290323 1.000000
vt 0.290323 1.000000
vt 0.290323 1.000000
vt 0.290323 1.000000
vt 0.290323 1.000000
vt 0.290323 1.000000
vt 0.290322 1.000000
vt 0.290322 1.000000
vt 0.290323 1.000000
vt 0.290323 1.000000
vt 0.290323 1.000000
vt 0.290323 1.000000
vt 0.290323 1.000000
vt 0.290323 1.000000
vt 0.290323 1.000000
vt 0.290323 1.000000
vt 0.290323 1.000000
vt 0.290323 1.000000
vt 0.290323 1.000000
vt 0.290323 1.000000
vt 0.290323 1.000000
vt 0.290323 1.000000
vt 0.322581 1.000000
vt 0.322581 1.000000
vt 0.322581 1.000000
vt 0.322581 1.000000
vt 0.322581 1.000000
vt 0.322581 1.000000
vt 0.322581 1.000000
vt 0.322581 1.000000
vt 0.322581 1.000000
vt 0.322581 1.000000
vt 0.322581 1.000000
vt 0.322581 1.000000
vt 0.322581 1.000000
vt 0.322581 1.000000
vt 0.322581 1.000000
vt 0.322581 1.000000
vt 0.322581 1.000000
vt 0.322581 1.000000
vt 0.322581 1.000000
vt 0.322581 1.000000
vt 0.322581 1.000000
vt 0.322581 1.000000
vt 0.322581 1.000000
vt 0.322581 1.000000
vt 0.322581 1.000000
vt 0.322581 1.000000
vt 0.322581 1.000000
vt 0.322581 1.000000
vt 0.322581 1.000000
vt 0.322581 1.000000
vt 0.354839 1.000000
vt 0.354839 1.000000
vt 0.354839 1.000000
vt 0.354839 1.000000
vt 0.354839 1.000000
vt 0.354839 1.000000
vt 0.354839 1.000000
vt 0.354839 1.000000
vt 0.354839 1.000000
vt 0.354839 1.000000
vt 0.354839 1.000000
vt 0.354839 1.000000
vt 0.354839 1.000000
vt 0.354839 1.000000
vt 0.354839 1.000000
vt 0.354839 1.000000
vt 0.354839 1.000000
vt 0.354839 1.000000
vt 0.354839 1.000000
vt 0.354839 1.000000
vt 0.354839 1.000000
vt 0.354839 1.000000
vt 0.354839 1.000000
vt 0.354839 1.000000
vt 0.354839 1.000000
vt 0.354839 1.000000
vt 0.354839 1.000000
vt 0.354839 1.000000
vt 0.354839 1.000000
vt 0.354839 1.000000
vt 0.387097 1.000000
vt 0.387097 1.000000
vt 0.387097 1.000000
vt 0.387097 1.000000
vt 0.387097 1.000000
vt 0.387097 1.000000
vt 0.387097 1.000000
vt 0.387097 1.000000
vt 0.387097 1.000000
vt 0.387097 1.000000
vt 0.387097 1.000000
vt 0.387097 1.000000
vt 0.387097 1.000000
vt 0.387097 1.000000
vt 0.387097 1.000000
vt 0.387097 1.000000
vt 0.387097 1.000000
vt 0.387097 1.000000
vt 0.387097 1.000000
vt 0.387097 1.000000
vt 0.387097 1.000000
vt 0.387097 1.000000
vt 0.387097 1.000000
vt 0.387097 1.000000
vt 0.387097 1.000000
vt 0.387097 1.000000
vt 0.387097 1.000000
vt 0.387097 1.000000
vt 0.387097 1.000000
vt 0.387097 1.000000
vt 0.419355 1.000000
vt 0.419355 1.000000
vt 0.419355 1.000000
vt 0.419355 1.000000
vt 0.419355 1.000000
vt 0.419355 1.000000
vt 0.419355 1.000000
vt 0.419355 1.000000
vt 0.419355 1.000000
vt 0.419355 1.000000
vt 0.419355 1.000000
vt 0.419355 1.000000
vt 0.419355 1.000000
vt 0.419355 1.000000
vt 0.419355 1.000000
vt 0.419355 1.000000
vt 0.419355 1.000000
vt 0.419355 1.000000
vt 0.419355 1.000000
vt 0.419355 1.000000
vt 0.419355 1.000000
vt 0.419355 1.000000
vt 0.419355 1.000000
vt 0.419355 1.000000
vt 0.419355 1.000000
vt 0.419355 1.000000
vt 0.419355 1.000000
vt 0.419355 1.000000
vt 0.419355 1.000000
vt 0.419355 1.000000
vt 0.451613 1.000000
vt 0.451613 1.000000
vt 0.451613 1.000000
vt 0.451613 1.000000
vt 0.451613 1.000000
vt 0.451613 1.000000
vt 0.451613 1.000000
vt 0.451613 1.000000
vt 0.451613 1.000000
vt 0.451613 1.000000
vt 0.451613 1.000000
vt 0.451613 1.000000
vt 0.451613 1.000000
vt 0.451613 1.000000
vt 0.451613 1.000000
vt 0.451613 1.000000
vt 0.451613 1.000000
vt 0.451613 1.000000
vt 0.451613 1.000000
vt 0.451613 1.000000
vt 0.451613 1.000000
vt 0.451613 1.000000
vt 0.451613 1.000000
vt 0.451613 1.000000
vt 0.451613 1.000000
vt 0.451613 1.000000
vt 0.451613 1.000000
vt 0.451613 1.000000
vt 0.451613 1.000000
vt 0.451613 1.000000
vt 0.483871 1.000000
vt 0.483871 1.000000
vt 0.483871 1.000000
vt 0.483871 1.000000
vt 0.483871 1.000000
vt 0.483871 1.000000
vt 0.483871 1.000000
vt 0.483871 1.000000
vt 0.483871 1.000000
vt 0.483871 1.000000
vt 0.483871 1.000000
vt 0.483871 1.000000
vt 0.483871 1.000000
vt 0.483871 1.000000
vt 0.483871 1.000000
vt 0.483871 1.000000
vt 0.483871 1.000000
vt 0.483871 1.000000
vt 0.483871 1.000000
vt 0.483871 1.000000
vt 0.483871 1.000000
vt 0.483871 1.000000
vt 0.483871 1.000000
vt 0.483871 1.000000
vt 0.483871 1.000000
vt 0.483871 1.000000
vt 0.483871 1.000000
vt 0.483871 1.000000
vt 0.483871 1.000000
vt 0.483871 1.000000
vt 0.516129 1.000000
vt 0.516129 1.000000
vt 0.516129 1.000000
vt 0.516129 1.000000
vt 0.516129 1.000000
vt 0.516129 1.000000
vt 0.516129 1.000000
vt 0.516129 1.000000
vt 0.516129 1.000000
vt 0.516129 1.000000
vt 0.516129 1.000000
vt 0.516129 1.000000
vt 0.516129 1.000000
vt 0.516129 1.000000
vt 0.516129 1.000000
vt 0.516129 1.000000
vt 0.516129 1.000000
vt 0.516129 1.000000
vt 0.516129 1.000000
vt 0.516129 1.000000
vt 0.516129 1.000000
vt 0.516129 1.000000
vt 0.516129 1.000000
vt 0.516129 1.000000
vt 0.516129 1.000000
vt 0.516129 1.000000
vt 0.516129 1.000000
vt 0.516129 1.000000
vt 0.516129 1.000000
vt 0.516129 1.000000
vt 0.548387 1.000000
vt 0.548387 1.000000
vt 0.548387 1.000000
vt 0.548387 1.000000
vt 0.548387 1.000000
vt 0.548387 1.000000
vt 0.548387 1.000000
vt 0.548387 1.000000
vt 0.548387 1.000000
vt 0.548387 1.000000
vt 0.548387 1.000000
vt 0.548387 1.000000
vt 0.548387 1.000000
vt 0.548387 1.000000
vt 0.548387 1.000000
vt 0.548387 1.000000
vt 0.548387 1.000000
vt 0.548387 1.000000
vt 0.548387 1.000000
vt 0.548387 1.000000
vt 0.548387 1.000000
vt 0.548387 1.000000
vt 0.548387 1.000000
vt 0.548387 1.000000
vt 0.548387 1.000000
vt 0.548387 1.000000
vt 0.548387 1.000000
vt 0.548387 1.000000
vt 0.548387 1.000000
vt 0.548387 1.000000
vt 0.580645 1.000000
vt 0.580645 1.000000
vt 0.580645 1.000000
vt 0.580645 1.000000
vt 0.580645 1.000000
vt 0.580645 1.000000
vt 0.580645 1.000000
vt 0.580645 1.000000
vt 0.580645 1.000000
vt 0.580645 1.000000
vt 0.580645 1.000000
vt 0.580645 1.000000
vt 0.580645 1.000000
vt 0.580645 1.000000
vt 0.580645 1.000000
vt 0.580645 1.000000
vt 0.580645 1.000000
vt 0.580645 1.000000
vt 0.580645 1.000000
vt 0.580645 1.000000
vt 0.580645 1.000000
vt 0.580645 1.000000
vt 0.580645 1.000000
vt 0.580645 1.000000
vt 0.580645 1.000000
vt 0.580645 1.000000
vt 0.580645 1.000000
vt 0.580645 1.000000
vt 0.580645 1.000000
vt 0.580645 1.000000
vt 0.612903 1.000000
vt 0.612903 1.000000
vt 0.612903 1.000000
vt 0.612903 1.000000
vt 0.612903 1.000000
vt 0.612903 1.000000
vt 0.612903 1.000000
vt 0.612903 1.000000
vt 0.612903 1.000000
vt 0.612903 1.000000
vt 0.612903 1.000000
vt 0.612903 1.000000
vt 0.612903 1.000000
vt 0.612903 1.000000
vt 0.612903 1.000000
vt 0.612903 1.000000
vt 0.612903 1.000000
vt 0.612903 1.000000
vt 0.612903 1.000000
vt 0.612903 1.000000
vt 0.612903 1.000000
vt 0.612903 1.000000
vt 0.612903 1.000000
vt 0.612903 1.000000
vt 0.612903 1.000000
vt 0.612903 1.000000
vt 0.612903 1.000000
vt 0.612903 1.000000
vt 0.612903 1.000000
vt 0.612903 1.000000
vt 0.645161 1.000000
vt 0.645161 1.000000
vt 0.645161 1.000000
vt 0.645161 1.000000
vt 0.645161 1.000000
vt 0.645161 1.000000
vt 0.645161 1.000000
vt 0.645161 1.000000
vt 0.645161 1.000000
vt 0.645161 1.000000
vt 0.645161 1.000000
vt 0.645161 1.000000
vt 0.645161 1.000000
vt 0.645161 1.000000
vt 0.645161 1.000000
vt 0.645161 1.000000
vt 0.645161 1.000000
vt 0.645161 1.000000
vt 0.645161 1.000000
vt 0.645161 1.000000
vt 0.645161 1.000000
vt 0.645161 1.000000
vt 0.645161 1.000000
vt 0.645161 1.000000
vt 0.645161 1.000000
vt 0.645161 1.000000
vt 0.645161 1.000000
vt 0.645161 1.000000
vt 0.645161 1.000000
vt 0.645161 1.000000
vt 0.677419 1.000000
vt 0.677419 1.000000
vt 0.677419 1.000000
vt 0.677419 1.000000
vt 0.677419 1.000000
vt 0.677419 1.000000
vt 0.677419 1.000000
vt 0.677419 1.000000
vt 0.677419 1.000000
vt 0.677419 1.000000
vt 0.677419 1.000000
vt 0.677419 1.000000
vt 0.677419 1.000000
vt 0.677419 1.000000
vt 0.677419 1.000000
vt 0.677419 1.000000
vt 0.677419 1.000000
vt 0.677419 1.000000
vt 0.677419 1.000000
vt 0.677419 1.000000
vt 0.677419 1.000000
vt 0.677419 1.000000
vt 0.677419 1.000000
vt 0.677419 1.000000
vt 0.677419 1.000000
vt 0.677419 1.000000
vt 0.677419 1.000000
vt 0.677419 1.000000
vt 0.677419 1.000000
vt 0.677419 1.000000
vt 0.709677 1.000000
vt 0.709677 1.000000
vt 0.709677 1.000000
vt 0.709677 1.000000
vt 0.709677 1.000000
vt 0.709677 1.000000
vt 0.709677 1.000000
vt 0.709677 1.000000
vt 0.709677 1.000000
vt 0.709677 1.000000
vt 0.709677 1.000000
vt 0.709677 1.000000
vt 0.709677 1.000000
vt 0.709677 1.000000
vt 0.709677 1.000000
vt 0.709677 1.000000
vt 0.709677 1.000000
vt 0.709677 1.000000
vt 0.709677 1.000000
vt 0.709677 1.000000
vt 0.709677 1.000000
vt 0.709677 1.000000
vt 0.709677 1.000000
vt 0.709677 1.000000
vt 0.709677 1.000000
vt 0.709677 1.000000
vt 0.709677 1.000000
vt 0.709677 1.000000
vt 0.709677 1.000000
vt 0.709677 1.000000
vt 0.741935 1.000000
vt 0.741935 1.000000
vt 0.741935 1.000000
vt 0.741935 1.000000
vt 0.741935 1.000000
vt 0.741936 1.000000
vt 0.741935 1.000000
vt 0.741935 1.000000
vt 0.741935 1.000000
vt 0.741935 1.000000
vt 0.741935 1.000000
vt 0.741935 1.000000
vt 0.741935 1.000000
vt 0.741935 1.000000
vt 0.741935 1.000000
vt 0.741935 1.000000
vt 0.741935 1.000000
vt 0.741935 1.000000
vt 0.741935 1.000000
vt 0.741935 1.000000
vt 0.741935 1.000000
vt 0.741935 1.000000
vt 0.741935 1.000000
vt 0.741935 1.000000
vt 0.741935 1.000000
vt 0.741935 1.000000
vt 0.741935 1.000000
vt 0.741935 1.000000
vt 0.741935 1.000000
vt 0.741935 1.000000
vt 0.774194 1.000000
vt 0.774194 1.000000
vt 0.774193 1.000000
vt 0.774193 1.000000
vt 0.774193 1.000000
vt 0.774193 1.000000
vt 0.774193 1.000000
vt 0.774193 1.000000
vt 0.774193 1.000000
vt 0.774193 1.000000
vt 0.774193 1.000000
vt 0.774193 1.000000
vt 0.774193 1.000000
vt 0.774193 1.000000
vt 0.774193 1.000000
vt 0.774193 1.000000
vt 0.774193 1.000000
vt 0.774193 1.000000
vt 0.774193 1.000000
vt 0.774193 1.000000
vt 0.774193 1.000000
vt 0.774193 1.000000
vt 0.774193 1.000000
vt 0.774193 1.000000
vt 0.774193 1.000000
vt 0.774193 1.000000
vt 0.774193 1.000000
vt 0.774194 1.000000
vt 0.774194 1.000000
vt 0.774193 1.000000
vt 0.806452 1.000000
vt 0.806452 1.000000
vt 0.806452 1.000000
vt 0.806452 1.000000
vt 0.806452 1.000000
vt 0.806452 1.000000
vt 0.806452 1.000000
vt 0.806452 1.000000
vt 0.806452 1.000000
vt 0.806452 1.000000
vt 0.806452 1.000000
vt 0.806452 1.000000
vt 0.806452 1.000000
vt 0.806452 1.000000
vt 0.806451 1.000000
vt 0.806451 1.000000
vt 0.806451 1.000000
vt 0.806451 1.000000
vt 0.806451 1.000000
vt 0.806451 1.000000
vt 0.806451 1.000000
vt 0.806451 1.000000
vt 0.806451 1.000000
vt 0.806452 1.000000
vt 0.806452 1.000000
vt 0.806452 1.000000
vt 0.806452 1.000000
vt 0.806452 1.000000
vt 0.806452 1.000000
vt 0.806452 1.000000
vt 0.838710 1.000000
vt 0.838710 1.000000
vt 0.838710 1.000000
vt 0.838710 1.000000
vt 0.838710 1.000000
vt 0.838710 1.000000
vt 0.838710 1.000000
vt 0.838710 1.000000
vt 0.838710 1.000000
vt 0.838710 1.000000
vt 0.838710 1.000000
vt 0.838710 1.000000
vt 0.838710 1.000000
vt 0.838710 1.000000
vt 0.838710 1.000000
vt 0.838710 1.000000
vt 0.838710 1.000000
vt 0.838710 1.000000
vt 0.838710 1.000000
vt 0.838710 1.000000
vt 0.838710 1.000000
vt 0.838710 1.000000
vt 0.838710 1.000000
vt 0.838710 1.000000
vt 0.838710 1.000000
vt 0.838710 1.000000
vt 0.838710 1.000000
vt 0.838710 1.000000
vt 0.838710 1.000000
vt 0.838710 1.000000
vt 0.870968 1.000000
vt 0.870968 1.000000
vt 0.870968 1.000000
vt 0.870968 1.000000
vt 0.870968 1.000000
vt 0.870968 1.000000
vt 0.870968 1.000000
vt 0.870968 1.000000
vt 0.870968 1.000000
vt 0.870968 1.000000
vt 0.870968 1.000000
vt 0.870968 1.000000
vt 0.870968 1.000000
vt 0.870968 1.000000
vt 0.870968 1.000000
vt 0.870968 1.000000
vt 0.870968 1.000000
vt 0.870968 1.000000
vt 0.870968 1.000000
vt 0.870968 1.000000
vt 0.870968 1.000000
vt 0.870968 1.000000
vt 0.870968 1.000000
vt 0.870968 1.000000
vt 0.870968 1.000000
vt 0.870968 1.000000
vt 0.870968 1.000000
vt 0.870968 1.000000
vt 0.870968 1.000000
vt 0.870968 1.000000
vt 0.903226 1.000000
vt 0.903226 1.000000
vt 0.903226 1.000000
vt 0.903226 1.000000
vt 0.903226 1.000000
vt 0.903226 1.000000
vt 0.903226 1.000000
vt 0.903226 1.000000
vt 0.903226 1.000000
vt 0.903226 1.000000
vt 0.903226 1.000000
vt 0.903226 1.000000
vt 0.903226 1.000000
vt 0.903226 1.000000
vt 0.903226 1.000000
vt 0.903226 1.000000
vt 0.903226 1.000000
vt 0.903226 1.000000
vt 0.903226 1.000000
vt 0.903226 1.000000
vt 0.903226 1.000000
vt 0.903226 1.000000
vt 0.903226 1.000000
vt 0.903226 1.000000
vt 0.903226 1.000000
vt 0.903226 1.000000
vt 0.903226 1.000000
vt 0.903226 1.000000
vt 0.903226 1.000000
vt 0.903226 1.000000
vt 0.935484 1.000000
vt 0.935484 1.000000
vt 0.935484 1.000000
vt 0.935484 1.000000
vt 0.935484 1.000000
vt 0.935484 1.000000
vt 0.935484 1.000000
vt 0.935484 1.000000
vt 0.935484 1.000000
vt 0.935484 1.000000
vt 0.935484 1.000000
vt 0.935484 1.000000
vt 0.935484 1.000000
vt 0.935484 1.000000
vt 0.935484 1.000000
vt 0.935484 1.000000
vt 0.935484 1.000000
vt 0.935484 1.000000
vt 0.935484 1.000000
vt 0.935484 1.000000
vt 0.935484 1.000000
vt 0.935484 1.000000
vt 0.935484 1.000000
vt 0.935484 1.000000
vt 0.935484 1.000000
vt 0.935484 1.000000
vt 0.935484 1.000000
vt 0.935484 1.000000
vt 0.935484 1.000000
vt 0.935484 1.000000
vt 0.967742 1.000000
vt 0.967742 1.000000
vt 0.967742 1.000000
vt 0.967742 1.000000
vt 0.967742 1.000000
vt 0.967742 1.000000
vt 0.967742 1.000000
vt 0.967742 1.000000
vt 0.967742 1.000000
vt 0.967742 1.000000
vt 0.967742 1.000000
vt 0.967742 1.000000
vt 0.967742 1.000000
vt 0.967742 1.000000
vt 0.967742 1.000000
vt 0.967742 1.000000
vt 0.967742 1.000000
vt 0.967742 1.000000
vt 0.967742 1.000000
vt 0.967742 1.000000
vt 0.967742 1.000000
vt 0.967742 1.000000
vt 0.967742 1.000000
vt 0.967742 1.000000
vt 0.967742 1.000000
vt 0.967742 1.000000
vt 0.967742 1.000000
vt 0.967742 1.000000
vt 0.967742 1.000000
vt 1.000000 1.000000
vt 1.000000 1.000000
vt 1.000000 1.000000
vt 1.000000 1.000000
vt 1.000000 1.000000
vt 1.000000 1.000000
vt 1.000000 1.000000
vt 1.000000 1.000000
vt 1.000000 1.000000
vt 1.000000 1.000000
vt 1.000000 1.000000
vt 1.000000 1.000000
vt 1.000000 1.000000
vt 1.000000 1.000000
vt 1.000000 1.000000
vt 1.000000 1.000000
vt 1.000000 1.000000
vt 1.000000 1.000000
vt 1.000000 1.000000
vt 1.000000 1.000000
vt 1.000000 1.000000
vt 1.000000 1.000000
vt 1.000000 1.000000
vt 1.000000 1.000000
vt 1.000000 1.000000
vt 1.000000 1.000000
vt 1.000000 1.000000
vt 1.000000 1.000000
vt 1.000000 1.000000
vt 1.000000 0.967742
vt 1.000000 0.967742
vt 1.000000 0.935484
vt 1.000000 0.935484
vt 1.000000 0.903226
vt 1.000000 0.903226
vt 1.000000 0.870968
vt 1.000000 0.870968
vt 1.000000 0.838710
vt 1.000000 0.838710
vt 1.000000 0.806452
vt 1.000000 0.806452
vt 1.000000 0.774194
vt 1.000000 0.774194
vt 1.000000 0.741935
vt 1.000000 0.741935
vt 1.000000 0.709677
vt 1.000000 0.709677
vt 1.000000 0.677419
vt 1.000000 0.677419
vt 1.000000 0.645161
vt 1.000000 0.645161
vt 1.000000 0.612903
vt 1.000000 0.612903
vt 1.000000 0.580645
vt 1.000000 0.580645
vt 1.000000 0.548387
vt 1.000000 0.548387
vt 1.000000 0.516129
vt 1.000000 0.516129
vt 1.000000 0.483871
vt 1.000000 0.483871
vt 1.000000 0.451613
vt 1.000000 0.451613
vt 1.000000 0.419355
vt 1.000000 0.419355
vt 1.000000 0.387097
vt 1.000000 0.387097
vt 1.000000 0.354839
vt 1.000000 0.354839
vt 1.000000 0.322581
vt 1.000000 0.322581
vt 1.000000 0.290323
vt 1.000000 0.290323
vt 1.000000 0.258065
vt 1.000000 0.258065
vt 1.000000 0.225806
vt 1.000000 0.225806
vt 1.000000 0.193548
vt 1.000000 0.193548
vt 1.000000 0.161290
vt 1.000000 0.161290
vt 1.000000 0.129032
vt 1.000000 0.129032
vt 1.000000 0.096774
vt 1.000000 0.096774
vt 1.000000 0.064516
vt 1.000000 0.064516
vt 1.000000 0.967742
vt 1.000000 0.967742
vt 1.000000 0.967742
vt 1.000000 0.967742
vt 1.000000 0.967742
vt 1.000000 0.967742
vt 1.000000 0.967742
vt 1.000000 0.967742
vt 1.000000 0.967742
vt 1.000000 0.967742
vt 1.000000 0.967742
vt 1.000000 0.967742
vt 1.000000 0.967742
vt 1.000000 0.967742
vt 1.000000 0.967742
vt 1.000000 0.967742
vt 1.000000 0.967742
vt 1.000000 0.967742
vt 1.000000 0.967742
vt 1.000000 0.967742
vt 1.000000 0.967742
vt 1.000000 0.967742
vt 1.000000 0.967742
vt 1.000000 0.967742
vt 1.000000 0.967742
vt 1.000000 0.967742
vt 1.000000 0.967742
vt 1.000000 0.967742
vt 1.000000 0.967742
vt 1.000000 0.935484
vt 1.000000 0.935484
vt 1.000000 0.935484
vt 1.000000 0.935484
vt 1.000000 0.935484
vt 1.000000 0.935484
vt 1.000000 0.935484
vt 1.000000 0.935484
vt 1.000000 0.935484
vt 1.000000 0.935484
vt 1.000000 0.935484
vt 1.000000 0.935484
vt 1.000000 0.935484
vt 1.000000 0.935484
vt 1.000000 0.935484
vt 1.000000 0.935484
vt 1.000000 0.935484
vt 1.000000 0.935484
vt 1.000000 0.935484
vt 1.000000 0.935484
vt 1.000000 0.935484
vt 1.000000 0.935484
vt 1.000000 0.935484
vt 1.000000 0.935484
vt 1.000000 0.935484
vt 1.000000 0.935484
vt 1.000000 0.935484
vt 1.000000 0.935484
vt 1.000000 0.935484
vt 1.000000 0.935484
vt 1.000000 0.903226
vt 1.000000 0.903226
vt 1.000000 0.903226
vt 1.000000 0.903226
vt 1.000000 0.903226
vt 1.000000 0.903226
vt 1.000000 0.903226
vt 1.000000 0.903226
vt 1.000000 0.903226
vt 1.000000 0.903226
vt 1.000000 0.903226
vt 1.000000 0.903226
vt 1.000000 0.903226
vt 1.000000 0.903226
vt 1.000000 0.903226
vt 1.000000 0.903226
vt 1.000000 0.903226
vt 1.000000 0.903226
vt 1.000000 0.903226
vt 1.000000 0.903226
vt 1.000000 0.903226
vt 1.000000 0.903226
vt 1.000000 0.903226
vt 1.000000 0.903226
vt 1.000000 0.903226
vt 1.000000 0.903226
vt 1.000000 0.903226
vt 1.000000 0.903226
vt 1.000000 0.903226
vt 1.000000 0.903226
vt 1.000000 0.870968
vt 1.000000 0.870968
vt 1.000000 0.870968
vt 1.000000 0.870968
vt 1.000000 0.870968
vt 1.000000 0.870968
vt 1.000000 0.870968
vt 1.000000 0.870968
vt 1.000000 0.870968
vt 1.000000 0.870968
vt 1.000000 0.870968
vt 1.000000 0.870968
vt 1.000000 0.870968
vt 1.000000 0.870968
vt 1.000000 0.870968
vt 1.000000 0.870968
vt 1.000000 0.870968
vt 1.000000 0.870968
vt 1.000000 0.870968
vt 1.000000 0.870968
vt 1.000000 0.870968
vt 1.000000 0.870968
vt 1.000000 0.870968
vt 1.000000 0.870968
vt 1.000000 0.870968
vt 1.000000 0.870968
vt 1.000000 0.870968
vt 1.000000 0.870968
vt 1.000000 0.870968
vt 1.000000 0.870968
vt 1.000000 0.838710
vt 1.000000 0.838710
vt 1.000000 0.838710
vt 1.000000 0.838710
vt 1.000000 0.838710
vt 1.000000 0.838710
vt 1.000000 0.838710
vt 1.000000 0.838710
vt 1.000000 0.838710
vt 1.000000 0.838710
vt 1.000000 0.838710
vt 1.000000 0.838710
vt 1.000000 0.838710
vt 1.000000 0.838710
vt 1.000000 0.838710
vt 1.000000 0.838710
vt 1.000000 0.838710
vt 1.000000 0.838710
vt 1.000000 0.838710
vt 1.000000 0.838710
vt 1.000000 0.838710
vt 1.000000 0.838710
vt 1.000000 0.838710
vt 1.000000 0.838710
vt 1.000000 0.838710
vt 1.000000 0.838710
vt 1.000000 0.838710
vt 1.000000 0.838710
vt 1.000000 0.838710
vt 1.000000 0.838710
vt 1.000000 0.806452
vt 1.000000 0.806452
vt 1.000000 0.806452
vt 1.000000 0.806452
vt 1.000000 0.806452
vt 1.000000 0.806452
vt 1.000000 0.806452
vt 1.000000 0.806452
vt 1.000000 0.806452
vt 1.000000 0.806452
vt 1.000000 0.806452
vt 1.000000 0.806452
vt 1.000000 0.806452
vt 1.000000 0.806452
vt 1.000000 0.806451
vt 1.000000 0.806451
vt 1.000000 0.806451
vt 1.000000 0.806451
vt 1.000000 0.806451
vt 1.000000 0.806451
vt 1.000000 0.806451
vt 1.000000 0.806451
vt 1.000000 0.806451
vt 1.000000 0.806452
vt 1.000000 0.806452
vt 1.000000 0.806452
vt 1.000000 0.806452
vt 1.000000 0.806452
vt 1.000000 0.806452
vt 1.000000 0.806452
vt 1.000000 0.774194
vt 1.000000 0.774194
vt 1.000000 0.774193
vt 1.000000 0.774193
vt 1.000000 0.774193
vt 1.000000 0.774193
vt 1.000000 0.774193
vt 1.000000 0.774193
vt 1.000000 0.774193
vt 1.000000 0.774193
vt 1.000000 0.774193
vt 1.000000 0.774193
vt 1.000000 0.774193
vt 1.000000 0.774193
vt 1.000000 0.774193
vt 1.000000 0.774193
vt 1.000000 0.774193
vt 1.000000 0.774193
vt 1.000000 0.774193
vt 1.000000 0.774193
vt 1.000000 0.774193
vt 1.000000 0.774193
vt 1.000000 0.774193
vt 1.000000 0.774193
vt 1.000000 0.774193
vt 1.000000 0.774193
vt 1.000000 0.774193
vt 1.000000 0.774194
vt 1.000000 0.774194
vt 1.000000 0.774193
vt 1.000000 0.741936
vt 1.000000 0.741935
vt 1.000000 0.741935
vt 1.000000 0.741935
vt 1.000000 0.741936
vt 1.000000 0.741936
vt 1.000000 0.741936
vt 1.000000 0.741935
vt 1.000000 0.741935
vt 1.000000 0.741936
vt 1.000000 0.741936
vt 1.000000 0.741936
vt 1.000000 0.741936
vt 1.000000 0.741936
vt 1.000000 0.741936
vt 1.000000 0.741936
vt 1.000000 0.741936
vt 1.000000 0.741936
vt 1.000000 0.741936
vt 1.000000 0.741936
vt 1.000000 0.741936
vt 1.000000 0.741935
vt 1.000000 0.741935
vt 1.000000 0.741935
vt 1.000000 0.741935
vt 1.000000 0.741935
vt 1.000000 0.741935
vt 1.000000 0.741935
vt 1.000000 0.741935
vt 1.000000 0.741935
vt 1.000000 0.709677
vt 1.000000 0.709677
vt 1.000000 0.709677
vt 1.000000 0.709677
vt 1.000000 0.709677
vt 1.000000 0.709677
vt 1.000000 0.709677
vt 1.000000 0.709677
vt 1.000000 0.709677
vt 1.000000 0.709677
vt 1.000000 0.709677
vt 1.000000 0.709677
vt 1.000000 0.709677
vt 1.000000 0.709677
vt 1.000000 0.709677
vt 1.000000 0.709677
vt 1.000000 0.709677
vt 1.000000 0.709677
vt 1.000000 0.709677
vt 1.000000 0.709677
vt 1.000000 0.709677
vt 1.000000 0.709677
vt 1.000000 0.709677
vt 1.000000 0.709677
vt 1.000000 0.709677
vt 1.000000 0.709677
vt 1.000000 0.709677
vt 1.000000 0.709677
vt 1.000000 0.709677
vt 1.000000 0.709677
vt 1.000000 0.677419
vt 1.000000 0.677419
vt 1.000000 0.677419
vt 1.000000 0.677419
vt 1.000000 0.677419
vt 1.000000 0.677419
vt 1.000000 0.677419
vt 1.000000 0.677419
vt 1.000000 0.677419
vt 1.000000 0.677419
vt 1.000000 0.677419
vt 1.000000 0.677419
vt 1.000000 0.677419
vt 1.000000 0.677419
vt 1.000000 0.677419
vt 1.000000 0.677419
vt 1.000000 0.677419
vt 1.000000 0.677419
vt 1.000000 0.677419
vt 1.000000 0.677419
vt 1.000000 0.677419
vt 1.000000 0.677419
vt 1.000000 0.677419
vt 1.000000 0.677419
vt 1.000000 0.677419
vt 1.000000 0.677419
vt 1.000000 0.677419
vt 1.000000 0.677419
vt 1.000000 0.677419
vt 1.000000 0.677419
vt 1.000000 0.645161
vt 1.000000 0.645161
vt 1.000000 0.645161
vt 1.000000 0.645161
vt 1.000000 0.645161
vt 1.000000 0.645161
vt 1.000000 0.645161
vt 1.000000 0.645161
vt 1.000000 0.645161
vt 1.000000 0.645161
vt 1.000000 0.645161
vt 1.000000 0.645161
vt 1.000000 0.645161
vt 1.000000 0.645161
vt 1.000000 0.645161
vt 1.000000 0.645161
vt 1.000000 0.645161
vt 1.000000 0.645161
vt 1.000000 0.645161
vt 1.000000 0.645161
vt 1.000000 0.645161
vt 1.000000 0.645161
vt 1.000000 0.645161
vt 1.000000 0.645161
vt 1.000000 0.645161
vt 1.000000 0.645161
vt 1.000000 0.645161
vt 1.000000 0.645161
vt 1.000000 0.645161
vt 1.000000 0.645161
vt 1.000000 0.612903
vt 1.000000 0.612903
vt 1.000000 0.612903
vt 1.000000 0.612903
vt 1.000000 0.612903
vt 1.000000 0.612903
vt 1.000000 0.612903
vt 1.000000 0.612903
vt 1.000000 0.612903
vt 1.000000 0.612903
vt 1.000000 0.612903
vt 1.000000 0.612903
vt 1.000000 0.612903
vt 1.000000 0.612903
vt 1.000000 0.612903
vt 1.000000 0.612903
vt 1.000000 0.612903
vt 1.000000 0.612903
vt 1.000000 0.612903
vt 1.000000 0.612903
vt 1.000000 0.612903
vt 1.000000 0.612903
vt 1.000000 0.612903
vt 1.000000 0.612903
vt 1.000000 0.612903
vt 1.000000 0.612903
vt 1.000000 0.612903
vt 1.000000 0.612903
vt 1.000000 0.612903
vt 1.000000 0.612903
vt 1.000000 0.580645
vt 1.000000 0.580645
vt 1.000000 0.580645
vt 1.000000 0.580645
vt 1.000000 0.580645
vt 1.000000 0.580645
vt 1.000000 0.580645
vt 1.000000 0.580645
vt 1.000000 0.580645
vt 1.000000 0.580645
vt 1.000000 0.580645
vt 1.000000 0.580645
vt 1.000000 0.580645
vt 1.000000 0.580645
vt 1.000000 0.580645
vt 1.000000 0.580645
vt 1.000000 0.580645
vt 1.000000 0.580645
vt 1.000000 0.580645
vt 1.000000 0.580645
vt 1.000000 0.580645
vt 1.000000 0.580645
vt 1.000000 0.580645
vt 1.000000 0.580645
vt 1.000000 0.580645
vt 1.000000 0.580645
vt 1.000000 0.580645
vt 1.000000 0.580645
vt 1.000000 0.580645
vt 1.000000 0.580645
vt 1.000000 0.548387
vt 1.000000 0.548387
vt 1.000000 0.548387
vt 1.000000 0.548387
vt 1.000000 0.548387
vt 1.000000 0.548387
vt 1.000000 0.548387
vt 1.000000 0.548387
vt 1.000000 0.548387
vt 1.000000 0.548387
vt 1.000000 0.548387
vt 1.000000 0.548387
vt 1.000000 0.548387
vt 1.000000 0.548387
vt 1.000000 0.548387
vt 1.000000 0.548387
vt 1.000000 0.548387
vt 1.000000 0.548387
vt 1.000000 0.548387
vt 1.000000 0.548387
vt 1.000000 0.548387
vt 1.000000 0.548387
vt 1.000000 0.548387
vt 1.000000 0.548387
vt 1.000000 0.548387
vt 1.000000 0.548387
vt 1.000000 0.548387
vt 1.000000 0.548387
vt 1.000000 0.548387
vt 1.000000 0.548387
vt 1.000000 0.516129
vt 1.000000 0.516129
vt 1.000000 0.516129
vt 1.000000 0.516129
vt 1.000000 0.516129
vt 1.000000 0.516129
vt 1.000000 0.516129
vt 1.000000 0.516129
vt 1.000000 0.516129
vt 1.000000 0.516129
vt 1.000000 0.516129
vt 1.000000 0.516129
vt 1.000000 0.516129
vt 1.000000 0.516129
vt 1.000000 0.516129
vt 1.000000 0.516129
vt 1.000000 0.516129
vt 1.000000 0.516129
vt 1.000000 0.516129
vt 1.000000 0.516129
vt 1.000000 0.516129
vt 1.000000 0.516129
vt 1.000000 0.516129
vt 1.000000 0.516129
vt 1.000000 0.516129
vt 1.000000 0.516129
vt 1.000000 0.516129
vt 1.000000 0.516129
vt 1.000000 0.516129
vt 1.000000 0.516129
vt 1.000000 0.483871
vt 1.000000 0.483871
vt 1.000000 0.483871
vt 1.000000 0.483871
vt 1.000000 0.483871
vt 1.000000 0.483871
vt 1.000000 0.483871
vt 1.000000 0.483871
vt 1.000000 0.483871
vt 1.000000 0.483871
vt 1.000000 0.483871
vt 1.000000 0.483871
vt 1.000000 0.483871
vt 1.000000 0.483871
vt 1.000000 0.483871
vt 1.000000 0.483871
vt 1.000000 0.483871
vt 1.000000 0.483871
vt 1.000000 0.483871
vt 1.000000 0.483871
vt 1.000000 0.483871
vt 1.000000 0.483871
vt 1.000000 0.483871
vt 1.000000 0.483871
vt 1.000000 0.483871
vt 1.000000 0.483871
vt 1.000000 0.483871
vt 1.000000 0.483871
vt 1.000000 0.483871
vt 1.000000 0.483871
vt 1.000000 0.451613
vt 1.000000 0.451613
vt 1.000000 0.451613
vt 1.000000 0.451613
vt 1.000000 0.451613
vt 1.000000 0.451613
vt 1.000000 0.451613
vt 1.000000 0.451613
vt 1.000000 0.451613
vt 1.000000 0.451613
vt 1.000000 0.451613
vt 1.000000 0.451613
vt 1.000000 0.451613
vt 1.000000 0.451613
vt 1.000000 0.451613
vt 1.000000 0.451613
vt 1.000000 0.451613
vt 1.000000 0.451613
vt 1.000000 0.451613
vt 1.000000 0.451613
vt 1.000000 0.451613
vt 1.000000 0.451613
vt 1.000000 0.451613
vt 1.000000 0.451613
vt 1.000000 0.451613
vt 1.000000 0.451613
vt 1.000000 0.451613
vt 1.000000 0.451613
vt 1.000000 0.451613
vt 1.000000 0.451613
vt 1.000000 0.419355
vt 1.000000 0.419355
vt 1.000000 0.419355
vt 1.000000 0.419355
vt 1.000000 0.419355
vt 1.000000 0.419355
vt 1.000000 0.419355
vt 1.000000 0.419355
vt 1.000000 0.419355
vt 1.000000 0.419355
vt 1.000000 0.419355
vt 1.000000 0.419355
vt 1.000000 0.419355
vt 1.000000 0.419355
vt 1.000000 0.419355
vt 1.000000 0.419355
vt 1.000000 0.419355
vt 1.000000 0.419355
vt 1.000000 0.419355
vt 1.000000 0.419355
vt 1.000000 0.419355
vt 1.000000 0.419355
vt 1.000000 0.419355
vt 1.000000 0.419355
vt 1.000000 0.419355
vt 1.000000 0.419355
vt 1.000000 0.419355
vt 1.000000 0.419355
vt 1.000000 0.419355
vt 1.000000 0.419355
vt 1.000000 0.387097
vt 1.000000 0.387097
vt 1.000000 0.387097
vt 1.000000 0.387097
vt 1.000000 0.387097
vt 1.000000 0.387097
vt 1.000000 0.387097
vt 1.000000 0.387097
vt 1.000000 0.387097
vt 1.000000 0.387097
vt 1.000000 0.387097
vt 1.000000 0.387097
vt 1.000000 0.387097
vt 1.000000 0.387097
vt 1.000000 0.387097
vt 1.000000 0.387097
vt 1.000000 0.387097
vt 1.000000 0.387097
vt 1.000000 0.387097
vt 1.000000 0.387097
vt 1.000000 0.387097
vt 1.000000 0.387097
vt 1.000000 0.387097
vt 1.000000 0.387097
vt 1.000000 0.387097
vt 1.000000 0.387097
vt 1.000000 0.387097
vt 1.000000 0.387097
vt 1.000000 0.387097
vt 1.000000 0.387097
vt 1.000000 0.354839
vt 1.000000 0.354839
vt 1.000000 0.354839
vt 1.000000 0.354839
vt 1.000000 0.354839
vt 1.000000 0.354839
vt 1.000000 0.354839
vt 1.000000 0.354839
vt 1.000000 0.354839
vt 1.000000 0.354839
vt 1.000000 0.354839
vt 1.000000 0.354839
vt 1.000000 0.354839
vt 1.000000 0.354839
vt 1.000000 0.354839
vt 1.000000 0.354839
vt 1.000000 0.354839
vt 1.000000 0.354839
vt 1.000000 0.354839
vt 1.000000 0.354839
vt 1.000000 0.354839
vt 1.000000 0.354839
vt 1.000000 0.354839
vt 1.000000 0.354839
vt 1.000000 0.354839
vt 1.000000 0.354839
vt 1.000000 0.354839
vt 1.000000 0.354839
vt 1.000000 0.354839
vt 1.000000 0.354839
vt 1.000000 0.322581
vt 1.000000 0.322581
vt 1.000000 0.322581
vt 1.000000 0.322581
vt 1.000000 0.322581
vt 1.000000 0.322581
vt 1.000000 0.322581
vt 1.000000 0.322581
vt 1.000000 0.322581
vt 1.000000 0.322581
vt 1.000000 0.322581
vt 1.000000 0.322581
vt 1.000000 0.322581
vt 1.000000 0.322581
vt 1.000000 0.322581
vt 1.000000 0.322581
vt 1.000000 0.322581
vt 1.000000 0.322581
vt 1.000000 0.322581
vt 1.000000 0.322581
vt 1.000000 0.322581
vt 1.000000 0.322581
vt 1.000000 0.322581
vt 1.000000 0.322581
vt 1.000000 0.322581
vt 1.000000 0.322581
vt 1.000000 0.322581
vt 1.000000 0.322581
vt 1.000000 0.322581
vt 1.000000 0.322581
vt 1.000000 0.290323
vt 1.000000 0.290323
vt 1.000000 0.290323
vt 1.000000 0.290323
vt 1.000000 0.290323
vt 1.000000 0.290323
vt 1.000000 0.290323
vt 1.000000 0.290323
vt 1.000000 0.290323
vt 1.000000 0.290323
vt 1.000000 0.290323
vt 1.000000 0.290323
vt 1.000000 0.290323
vt 1.000000 0.290323
vt 1.000000 0.290322
vt 1.000000 0.290322
vt 1.000000 0.290323
vt 1.000000 0.290323
vt 1.000000 0.290323
vt 1.000000 0.290323
vt 1.000000 0.290323
vt 1.000000 0.290323
vt 1.000000 0.290323
vt 1.000000 0.290323
vt 1.000000 0.290323
vt 1.000000 0.290323
vt 1.000000 0.290323
vt 1.000000 0.290323
vt 1.000000 0.290323
vt 1.000000 0.290323
vt 1.000000 0.258065
vt 1.000000 0.258065
vt 1.000000 0.258065
vt 1.000000 0.258065
vt 1.000000 0.258065
vt 1.000000 0.258065
vt 1.000000 0.258065
vt 1.000000 0.258065
vt 1.000000 0.258065
vt 1.000000 0.258065
vt 1.000000 0.258065
vt 1.000000 0.258065
vt 1.000000 0.258065
vt 1.000000 0.258065
vt 1.000000 0.258065
vt 1.000000 0.258065
vt 1.000000 0.258065
vt 1.000000 0.258065
vt 1.000000 0.258065
vt 1.000000 0.258065
vt 1.000000 0.258065
vt 1.000000 0.258065
vt 1.000000 0.258065
vt 1.000000 0.258065
vt 1.000000 0.258065
vt 1.000000 0.258065
vt 1.000000 0.258065
vt 1.000000 0.258065
vt 1.000000 0.258065
vt 1.000000 0.258065
vt 1.000000 0.225806
vt 1.000000 0.225806
vt 1.000000 0.225806
vt 1.000000 0.225806
vt 1.000000 0.225806
vt 1.000000 0.225806
vt 1.000000 0.225806
vt 1.000000 0.225806
vt 1.000000 0.225806
vt 1.000000 0.225806
vt 1.000000 0.225806
vt 1.000000 0.225806
vt 1.000000 0.225806
vt 1.000000 0.225806
vt 1.000000 0.225806
vt 1.000000 0.225806
vt 1.000000 0.225806
vt 1.000000 0.225806
vt 1.000000 0.225806
vt 1.000000 0.225806
vt 1.000000 0.225806
vt 1.000000 0.225806
vt 1.000000 0.225806
vt 1.000000 0.225806
vt 1.000000 0.225806
vt 1.000000 0.225806
vt 1.000000 0.225806
vt 1.000000 0.225806
vt 1.000000 0.225806
vt 1.000000 0.225806
vt 1.000000 0.193548
vt 1.000000 0.193548
vt 1.000000 0.193548
vt 1.000000 0.193548
vt 1.000000 0.193548
vt 1.000000 0.193548
vt 1.000000 0.193548
vt 1.000000 0.193548
vt 1.000000 0.193548
vt 1.000000 0.193548
vt 1.000000 0.193548
vt 1.000000 0.193548
vt 1.000000 0.193548
vt 1.000000 0.193548
vt 1.000000 0.193548
vt 1.000000 0.193548
vt 1.000000 0.193548
vt 1.000000 0.193548
vt 1.000000 0.193548
vt 1.000000 0.193548
vt 1.000000 0.193548
vt 1.000000 0.193548
vt 1.000000 0.193548
vt 1.000000 0.193548
vt 1.000000 0.193548
vt 1.000000 0.193548
vt 1.000000 0.193548
vt 1.000000 0.193548
vt 1.000000 0.193548
vt 1.000000 0.193548
vt 1.000000 0.161290
vt 1.000000 0.161290
vt 1.000000 0.161290
vt 1.000000 0.161290
vt 1.000000 0.161290
vt 1.000000 0.161290
vt 1.000000 0.161290
vt 1.000000 0.161290
vt 1.000000 0.161290
vt 1.000000 0.161290
vt 1.000000 0.161290
vt 1.000000 0.161290
vt 1.000000 0.161290
vt 1.000000 0.161290
vt 1.000000 0.161290
vt 1.000000 0.161290
vt 1.000000 0.161290
vt 1.000000 0.161290
vt 1.000000 0.161290
vt 1.000000 0.161290
vt 1.000000 0.161290
vt 1.000000 0.161290
vt 1.000000 0.161290
vt 1.000000 0.161290
vt 1.000000 0.161290
vt 1.000000 0.161290
vt 1.000000 0.161290
vt 1.000000 0.161290
vt 1.000000 0.161290
vt 1.000000 0.161290
vt 1.000000 0.129032
vt 1.000000 0.129032
vt 1.000000 0.129032
vt 1.000000 0.129032
vt 1.000000 0.129032
vt 1.000000 0.129032
vt 1.000000 0.129032
vt 1.000000 0.129032
vt 1.000000 0.129032
vt 1.000000 0.129032
vt 1.000000 0.129032
vt 1.000000 0.129032
vt 1.000000 0.129032
vt 1.000000 0.129032
vt 1.000000 0.129032
vt 1.000000 0.129032
vt 1.000000 0.129032
vt 1.000000 0.129032
vt 1.000000 0.129032
vt 1.000000 0.129032
vt 1.000000 0.129032
vt 1.000000 0.129032
vt 1.000000 0.129032
vt 1.000000 0.129032
vt 1.000000 0.129032
vt 1.000000 0.129032
vt 1.000000 0.129032
vt 1.000000 0.129032
vt 1.000000 0.129032
vt 1.000000 0.129032
vt 1.000000 0.096774
vt 1.000000 0.096774
vt 1.000000 0.096774
vt 1.000000 0.096774
vt 1.000000 0.096774
vt 1.000000 0.096774
vt 1.000000 0.096774
vt 1.000000 0.096774
vt 1.000000 0.096774
vt 1.000000 0.096774
vt 1.000000 0.096774
vt 1.000000 0.096774
vt 1.000000 0.096774
vt 1.000000 0.096774
vt 1.000000 0.096774
vt 1.000000 0.096774
vt 1.000000 0.096774
vt 1.000000 0.096774
vt 1.000000 0.096774
vt 1.000000 0.096774
vt 1.000000 0.096774
vt 1.000000 0.096774
vt 1.000000 0.096774
vt 1.000000 0.096774
vt 1.000000 0.096774
vt 1.000000 0.096774
vt 1.000000 0.096774
vt 1.000000 0.096774
vt 1.000000 0.096774
vt 1.000000 0.096774
vt 1.000000 0.064516
vt 1.000000 0.064516
vt 1.000000 0.064516
vt 1.000000 0.064516
vt 1.000000 0.064516
vt 1.000000 0.064516
vt 1.000000 0.064516
vt 1.000000 0.064516
vt 1.000000 0.064516
vt 1.000000 0.064516
vt 1.000000 0.064516
vt 1.000000 0.064516
vt 1.000000 0.064516
vt 1.000000 0.064516
vt 1.000000 0.064516
vt 1.000000 0.064516
vt 1.000000 0.064516
vt 1.000000 0.064516
vt 1.000000 0.064516
vt 1.000000 0.064516
vt 1.000000 0.064516
vt 1.000000 0.064516
vt 1.000000 0.064516
vt 1.000000 0.064516
vt 1.000000 0.064516
vt 1.000000 0.064516
vt 1.000000 0.064516
vt 1.000000 0.064516
vt 1.000000 0.064516
vt 1.000000 0.064516
vt 1.000000 0.032258
vt 1.000000 0.032258
vt 1.000000 0.032258
vt 1.000000 0.032258
vt 1.000000 0.032258
vt 1.000000 0.032258
vt 1.000000 0.032258
vt 1.000000 0.032258
vt 1.000000 0.032258
vt 1.000000 0.032258
vt 1.000000 0.032258
vt 1.000000 0.032258
vt 1.000000 0.032258
vt 1.000000 0.032258
vt 1.000000 0.032258
vt 1.000000 0.032258
vt 1.000000 0.032258
vt 1.000000 0.032258
vt 1.000000 0.032258
vt 1.000000 0.032258
vt 1.000000 0.032258
vt 1.000000 0.032258
vt 1.000000 0.032258
vt 1.000000 0.032258
vt 1.000000 0.032258
vt 1.000000 0.032258
vt 1.000000 0.032258
vt 1.000000 0.032258
vt 1.000000 0.032258
vt 1.000000 0.032258
vt 1.000000 0.000000
vt 1.000000 0.000000
vt 1.000000 0.000000
vt 1.000000 0.000000
vt 1.000000 0.000000
vt 1.000000 0.000000
vt 1.000000 0.000000
vt 1.000000 0.000000
vt 1.000000 0.000000
vt 1.000000 0.000000
vt 1.000000 0.000000
vt 1.000000 0.000000
vt 1.000000 0.000000
vt 1.000000 0.000000
vt 1.000000 0.000000
vt 1.000000 0.000000
vt 1.000000 0.000000
vt 1.000000 0.000000
vt 1.000000 0.000000
vt 1.000000 0.000000
vt 1.000000 0.000000
vt 1.000000 0.000000
vt 1.000000 0.000000
vt 1.000000 0.000000
vt 1.000000 0.000000
vt 1.000000 0.000000
vt 1.000000 0.000000
vt 1.000000 0.000000
vt 1.000000 0.000000
vt 1.000000 0.000000
vt 0.967742 0.000000
vt 0.967742 0.000000
vt 0.935484 0.000000
vt 0.935484 0.000000
vt 0.903226 0.000000
vt 0.903226 0.000000
vt 0.870968 0.000000
vt 0.870968 0.000000
vt 0.838710 0.000000
vt 0.838710 0.000000
vt 0.806452 0.000000
vt 0.806452 0.000000
vt 0.774194 0.000000
vt 0.774194 0.000000
vt 0.741935 0.000000
vt 0.741935 0.000000
vt 0.709677 0.000000
vt 0.709677 0.000000
vt 0.677419 0.000000
vt 0.677419 0.000000
vt 0.645161 0.000000
vt 0.645161 0.000000
vt 0.612903 0.000000
vt 0.612903 0.000000
vt 0.580645 0.000000
vt 0.580645 0.000000
vt 0.548387 0.000000
vt 0.548387 0.000000
vt 0.516129 0.000000
vt 0.516129 0.000000
vt 0.483871 0.000000
vt 0.483871 0.000000
vt 0.451613 0.000000
vt 0.451613 0.000000
vt 0.419355 0.000000
vt 0.419355 0.000000
vt 0.387097 0.000000
vt 0.387097 0.000000
vt 0.354839 0.000000
vt 0.354839 0.000000
vt 0.322581 0.000000
vt 0.322581 0.000000
vt 0.290323 0.000000
vt 0.290323 0.000000
vt 0.258065 0.000000
vt 0.258065 0.000000
vt 0.225806 0.000000
vt 0.225806 0.000000
vt 0.193548 0.000000
vt 0.193548 0.000000
vt 0.161290 0.000000
vt 0.161290 0.000000
vt 0.129032 0.000000
vt 0.129032 0.000000
vt 0.096774 0.000000
vt 0.096774 0.000000
vt 0.064516 0.000000
vt 0.064516 0.000000
vt 0.967742 0.000000
vt 0.967742 0.000000
vt 0.967742 0.000000
vt 0.967742 0.000000
vt 0.967742 0.000000
vt 0.967742 0.000000
vt 0.967742 0.000000
vt 0.967742 0.000000
vt 0.967742 0.000000
vt 0.967742 0.000000
vt 0.967742 0.000000
vt 0.967742 0.000000
vt 0.967742 0.000000
vt 0.967742 0.000000
vt 0.967742 0.000000
vt 0.967742 0.000000
vt 0.967742 0.000000
vt 0.967742 0.000000
vt 0.967742 0.000000
vt 0.967742 0.000000
vt 0.967742 0.000000
vt 0.967742 0.000000
vt 0.967742 0.000000
vt 0.967742 0.000000
vt 0.967742 0.000000
vt 0.967742 0.000000
vt 0.967742 0.000000
vt 0.967742 0.000000
vt 0.967742 0.000000
vt 0.967742 0.000000
vt 0.935484 0.000000
vt 0.935484 0.000000
vt 0.935484 0.000000
vt 0.935484 0.000000
vt 0.935484 0.000000
vt 0.935484 0.000000
vt 0.935484 0.000000
vt 0.935484 0.000000
vt 0.935484 0.000000
vt 0.935484 0.000000
vt 0.935484 0.000000
vt 0.935484 0.000000
vt 0.935484 0.000000
vt 0.935484 0.000000
vt 0.935484 0.000000
vt 0.935484 0.000000
vt 0.935484 0.000000
vt 0.935484 0.000000
vt 0.935484 0.000000
vt 0.935484 0.000000
vt 0.935484 0.000000
vt 0.935484 0.000000
vt 0.935484 0.000000
vt 0.935484 0.000000
vt 0.935484 0.000000
vt 0.935484 0.000000
vt 0.935484 0.000000
vt 0.935484 0.000000
vt 0.935484 0.000000
vt 0.935484 0.000000
vt 0.903226 0.000000
vt 0.903226 0.000000
vt 0.903226 0.000000
vt 0.903226 0.000000
vt 0.903226 0.000000
vt 0.903226 0.000000
vt 0.903226 0.000000
vt 0.903226 0.000000
vt 0.903226 0.000000
vt 0.903226 0.000000
vt 0.903226 0.000000
vt 0.903226 0.000000
vt 0.903226 0.000000
vt 0.903226 0.000000
vt 0.903226 0.000000
vt 0.903226 0.000000
vt 0.903226 0.000000
vt 0.903226 0.000000
vt 0.903226 0.000000
vt 0.903226 0.000000
vt 0.903226 0.000000
vt 0.903226 0.000000
vt 0.903226 0.000000
vt 0.903226 0.000000
vt 0.903226 0.000000
vt 0.903226 0.000000
vt 0.903226 0.000000
vt 0.903226 0.000000
vt 0.903226 0.000000
vt 0.903226 0.000000
vt 0.870968 0.000000
vt 0.870968 0.000000
vt 0.870968 0.000000
vt 0.870968 0.000000
vt 0.870968 0.000000
vt 0.870968 0.000000
vt 0.870968 0.000000
vt 0.870968 0.000000
vt 0.870968 0.000000
vt 0.870968 0.000000
vt 0.870968 0.000000
vt 0.870968 0.000000
vt 0.870968 0.000000
vt 0.870968 0.000000
vt 0.870968 0.000000
vt 0.870968 0.000000
vt 0.870968 0.000000
vt 0.870968 0.000000
vt 0.870968 0.000000
vt 0.870968 0.000000
vt 0.870968 0.000000
vt 0.870968 0.000000
vt 0.870968 0.000000
vt 0.870968 0.000000
vt 0.870968 0.000000
vt 0.870968 0.000000
vt 0.870968 0.000000
vt 0.870968 0.000000
vt 0.870968 0.000000
vt 0.870968 0.000000
vt 0.838710 0.000000
vt 0.838710 0.000000
vt 0.838710 0.000000
vt 0.838710 0.000000
vt 0.838710 0.000000
vt 0.838710 0.000000
vt 0.838710 0.000000
vt 0.838710 0.000000
vt 0.838710 0.000000
vt 0.838710 0.000000
vt 0.838710 0.000000
vt 0.838710 0.000000
vt 0.838710 0.000000
vt 0.838710 0.000000
vt 0.838710 0.000000
vt 0.838710 0.000000
vt 0.838710 0.000000
vt 0.838710 0.000000
vt 0.838710 0.000000
vt 0.838710 0.000000
vt 0.838710 0.000000
vt 0.838710 0.000000
vt 0.838710 0.000000
vt 0.838710 0.000000
vt 0.838710 0.000000
vt 0.838710 0.000000
vt 0.838710 0.000000
vt 0.838710 0.000000
vt 0.838710 0.000000
vt 0.838710 0.000000
vt 0.806452 0.000000
vt 0.806452 0.000000
vt 0.806452 0.000000
vt 0.806452 0.000000
vt 0.806452 0.000000
vt 0.806452 0.000000
vt 0.806452 0.000000
vt 0.806452 0.000000
vt 0.806452 0.000000
vt 0.806452 0.000000
vt 0.806452 0.000000
vt 0.806452 0.000000
vt 0.806452 0.000000
vt 0.806452 0.000000
vt 0.806451 0.000000
vt 0.806451 0.000000
vt 0.806451 0.000000
vt 0.806451 0.000000
vt 0.806451 0.000000
vt 0.806451 0.000000
vt 0.806451 0.000000
vt 0.806451 0.000000
vt 0.806451 0.000000
vt 0.806452 0.000000
vt 0.806452 0.000000
vt 0.806452 0.000000
vt 0.806452 0.000000
vt 0.806452 0.000000
vt 0.806452 0.000000
vt 0.806452 0.000000
vt 0.774194 0.000000
vt 0.774194 0.000000
vt 0.774193 0.000000
vt 0.774193 0.000000
vt 0.774193 0.000000
vt 0.774193 0.000000
vt 0.774193 0.000000
vt 0.774193 0.000000
vt 0.774193 0.000000
vt 0.774193 0.000000
vt 0.774193 0.000000
vt 0.774193 0.000000
vt 0.774193 0.000000
vt 0.774193 0.000000
vt 0.774193 0.000000
vt 0.774193 0.000000
vt 0.774193 0.000000
vt 0.774193 0.000000
vt 0.774193 0.000000
vt 0.774193 0.000000
vt 0.774193 0.000000
vt 0.774193 0.000000
vt 0.774193 0.000000
vt 0.774193 0.000000
vt 0.774193 0.000000
vt 0.774193 0.000000
vt 0.774193 0.000000
vt 0.774194 0.000000
vt 0.774194 0.000000
vt 0.774193 0.000000
vt 0.741936 0.000000
vt 0.741935 0.000000
vt 0.741935 0.000000
vt 0.741935 0.000000
vt 0.741936 0.000000
vt 0.741936 0.000000
vt 0.741936 0.000000
vt 0.741935 0.000000
vt 0.741935 0.000000
vt 0.741936 0.000000
vt 0.741936 0.000000
vt 0.741936 0.000000
vt 0.741936 0.000000
vt 0.741936 0.000000
vt 0.741936 0.000000
vt 0.741936 0.000000
vt 0.741936 0.000000
vt 0.741936 0.000000
vt 0.741936 0.000000
vt 0.741936 0.000000
vt 0.741936 0.000000
vt 0.741935 0.000000
vt 0.741935 0.000000
vt 0.741935 0.000000
vt 0.741935 0.000000
vt 0.741935 0.000000
vt 0.741935 0.000000
vt 0.741935 0.000000
vt 0.741935 0.000000
vt 0.741935 0.000000
vt 0.709677 0.000000
vt 0.709677 0.000000
vt 0.709677 0.000000
vt 0.709677 0.000000
vt 0.709677 0.000000
vt 0.709677 0.000000
vt 0.709677 0.000000
vt 0.709677 0.000000
vt 0.709677 0.000000
vt 0.709677 0.000000
vt 0.709677 0.000000
vt 0.709677 0.000000
vt 0.709677 0.000000
vt 0.709677 0.000000
vt 0.709677 0.000000
vt 0.709677 0.000000
vt 0.709677 0.000000
vt 0.709677 0.000000
vt 0.709677 0.000000
vt 0.709677 0.000000
vt 0.709677 0.000000
vt 0.709677 0.000000
vt 0.709677 0.000000
vt 0.709677 0.000000
vt 0.709677 0.000000
vt 0.709677 0.000000
vt 0.709677 0.000000
vt 0.709677 0.000000
vt 0.709677 0.000000
vt 0.709677 0.000000
vt 0.677419 0.000000
vt 0.677419 0.000000
vt 0.677419 0.000000
vt 0.677419 0.000000
vt 0.677419 0.000000
vt 0.677419 0.000000
vt 0.677419 0.000000
vt 0.677419 0.000000
vt 0.677419 0.000000
vt 0.677419 0.000000
vt 0.677419 0.000000
vt 0.677419 0.000000
vt 0.677419 0.000000
vt 0.677419 0.000000
vt 0.677419 0.000000
vt 0.677419 0.000000
vt 0.677419 0.000000
vt 0.677419 0.000000
vt 0.677419 0.000000
vt 0.677419 0.000000
vt 0.677419 0.000000
vt 0.677419 0.000000
vt 0.677419 0.000000
vt 0.677419 0.000000
vt 0.677419 0.000000
vt 0.677419 0.000000
vt 0.677419 0.000000
vt 0.677419 0.000000
vt 0.677419 0.000000
vt 0.677419 0.000000
vt 0.645161 0.000000
vt 0.645161 0.000000
vt 0.645161 0.000000
vt 0.645161 0.000000
vt 0.645161 0.000000
vt 0.645161 0.000000
vt 0.645161 0.000000
vt 0.645161 0.000000
vt 0.645161 0.000000
vt 0.645161 0.000000
vt 0.645161 0.000000
vt 0.645161 0.000000
vt 0.645161 0.000000
vt 0.645161 0.000000
vt 0.645161 0.000000
vt 0.645161 0.000000
vt 0.645161 0.000000
vt 0.645161 0.000000
vt 0.645161 0.000000
vt 0.645161 0.000000
vt 0.645161 0.000000
vt 0.645161 0.000000
vt 0.645161 0.000000
vt 0.645161 0.000000
vt 0.645161 0.000000
vt 0.645161 0.000000
vt 0.645161 0.000000
vt 0.645161 0.000000
vt 0.645161 0.000000
vt 0.645161 0.000000
vt 0.612903 0.000000
vt 0.612903 0.000000
vt 0.612903 0.000000
vt 0.612903 0.000000
vt 0.612903 0.000000
vt 0.612903 0.000000
vt 0.612903 0.000000
vt 0.612903 0.000000
vt 0.612903 0.000000
vt 0.612903 0.000000
vt 0.612903 0.000000
vt 0.612903 0.000000
vt 0.612903 0.000000
vt 0.612903 0.000000
vt 0.612903 0.000000
vt 0.612903 0.000000
vt 0.612903 0.000000
vt 0.612903 0.000000
vt 0.612903 0.000000
vt 0.612903 0.000000
vt 0.612903 0.000000
vt 0.612903 0.000000
vt 0.612903 0.000000
vt 0.612903 0.000000
vt 0.612903 0.000000
vt 0.612903 0.000000
vt 0.612903 0.000000
vt 0.612903 0.000000
vt 0.612903 0.000000
vt 0.612903 0.000000
vt 0.580645 0.000000
vt 0.580645 0.000000
vt 0.580645 0.000000
vt 0.580645 0.000000
vt 0.580645 0.000000
vt 0.580645 0.000000
vt 0.580645 0.000000
vt 0.580645 0.000000
vt 0.580645 0.000000
vt 0.580645 0.000000
vt 0.580645 0.000000
vt 0.580645 0.000000
vt 0.580645 0.000000
vt 0.580645 0.000000
vt 0.580645 0.000000
vt 0.580645 0.000000
vt 0.580645 0.000000
vt 0.580645 0.000000
vt 0.580645 0.000000
vt 0.580645 0.000000
vt 0.580645 0.000000
vt 0.580645 0.000000
vt 0.580645 0.000000
vt 0.580645 0.000000
vt 0.580645 0.000000
vt 0.580645 0.000000
vt 0.580645 0.000000
vt 0.580645 0.000000
vt 0.580645 0.000000
vt 0.580645 0.000000
vt 0.548387 0.000000
vt 0.548387 0.000000
vt 0.548387 0.000000
vt 0.548387 0.000000
vt 0.548387 0.000000
vt 0.548387 0.000000
vt 0.548387 0.000000
vt 0.548387 0.000000
vt 0.548387 0.000000
vt 0.548387 0.000000
vt 0.548387 0.000000
vt 0.548387 0.000000
vt 0.548387 0.000000
vt 0.548387 0.000000
vt 0.548387 0.000000
vt 0.548387 0.000000
vt 0.548387 0.000000
vt 0.548387 0.000000
vt 0.548387 0.000000
vt 0.548387 0.000000
vt 0.548387 0.000000
vt 0.548387 0.000000
vt 0.548387 0.000000
vt 0.548387 0.000000
vt 0.548387 0.000000
vt 0.548387 0.000000
vt 0.548387 0.000000
vt 0.548387 0.000000
vt 0.548387 0.000000
vt 0.548387 0.000000
vt 0.516129 0.000000
vt 0.516129 0.000000
vt 0.516129 0.000000
vt 0.516129 0.000000
vt 0.516129 0.000000
vt 0.516129 0.000000
vt 0.516129 0.000000
vt 0.516129 0.000000
vt 0.516129 0.000000
vt 0.516129 0.000000
vt 0.516129 0.000000
vt 0.516129 0.000000
vt 0.516129 0.000000
vt 0.516129 0.000000
vt 0.516129 0.000000
vt 0.516129 0.000000
vt 0.516129 0.000000
vt 0.516129 0.000000
vt 0.516129 0.000000
vt 0.516129 0.000000
vt 0.516129 0.000000
vt 0.516129 0.000000
vt 0.516129 0.000000
vt 0.516129 0.000000
vt 0.516129 0.000000
vt 0.516129 0.000000
vt 0.516129 0.000000
vt 0.516129 0.000000
vt 0.516129 0.000000
vt 0.516129 0.000000
vt 0.483871 0.000000
vt 0.483871 0.000000
vt 0.483871 0.000000
vt 0.483871 0.000000
vt 0.483871 0.000000
vt 0.483871 0.000000
vt 0.483871 0.000000
vt 0.483871 0.000000
vt 0.483871 0.000000
vt 0.483871 0.000000
vt 0.483871 0.000000
vt 0.483871 0.000000
vt 0.483871 0.000000
vt 0.483871 0.000000
vt 0.483871 0.000000
vt 0.483871 0.000000
vt 0.483871 0.000000
vt 0.483871 0.000000
vt 0.483871 0.000000
vt 0.483871 0.000000
vt 0.483871 0.000000
vt 0.483871 0.000000
vt 0.483871 0.000000
vt 0.483871 0.000000
vt 0.483871 0.000000
vt 0.483871 0.000000
vt 0.483871 0.000000
vt 0.483871 0.000000
vt 0.483871 0.000000
vt 0.483871 0.000000
vt 0.451613 0.000000
vt 0.451613 0.000000
vt 0.451613 0.000000
vt 0.451613 0.000000
vt 0.451613 0.000000
vt 0.451613 0.000000
vt 0.451613 0.000000
vt 0.451613 0.000000
vt 0.451613 0.000000
vt 0.451613 0.000000
vt 0.451613 0.000000
vt 0.451613 0.000000
vt 0.451613 0.000000
vt 0.451613 0.000000
vt 0.451613 0.000000
vt 0.451613 0.000000
vt 0.451613 0.000000
vt 0.451613 0.000000
vt 0.451613 0.000000
vt 0.451613 0.000000
vt 0.451613 0.000000
vt 0.451613 0.000000
vt 0.451613 0.000000
vt 0.451613 0.000000
vt 0.451613 0.000000
vt 0.451613 0.000000
vt 0.451613 0.000000
vt 0.451613 0.000000
vt 0.451613 0.000000
vt 0.451613 0.000000
vt 0.419355 0.000000
vt 0.419355 0.000000
vt 0.419355 0.000000
vt 0.419355 0.000000
vt 0.419355 0.000000
vt 0.419355 0.000000
vt 0.419355 0.000000
vt 0.419355 0.000000
vt 0.419355 0.000000
vt 0.419355 0.000000
vt 0.419355 0.000000
vt 0.419355 0.000000
vt 0.419355 0.000000
vt 0.419355 0.000000
vt 0.419355 0.000000
vt 0.419355 0.000000
vt 0.419355 0.000000
vt 0.419355 0.000000
vt 0.419355 0.000000
vt 0.419355 0.000000
vt 0.419355 0.000000
vt 0.419355 0.000000
vt 0.419355 0.000000
vt 0.419355 0.000000
vt 0.419355 0.000000
vt 0.419355 0.000000
vt 0.419355 0.000000
vt 0.419355 0.000000
vt 0.419355 0.000000
vt 0.419355 0.000000
vt 0.387097 0.000000
vt 0.387097 0.000000
vt 0.387097 0.000000
vt 0.387097 0.000000
vt 0.387097 0.000000
vt 0.387097 0.000000
vt 0.387097 0.000000
vt 0.387097 0.000000
vt 0.387097 0.000000
vt 0.387097 0.000000
vt 0.387097 0.000000
vt 0.387097 0.000000
vt 0.387097 0.000000
vt 0.387097 0.000000
vt 0.387097 0.000000
vt 0.387097 0.000000
vt 0.387097 0.000000
vt 0.387097 0.000000
vt 0.387097 0.000000
vt 0.387097 0.000000
vt 0.387097 0.000000
vt 0.387097 0.000000
vt 0.387097 0.000000
vt 0.387097 0.000000
vt 0.387097 0.000000
vt 0.387097 0.000000
vt 0.387097 0.000000
vt 0.387097 0.000000
vt 0.387097 0.000000
vt 0.387097 0.000000
vt 0.354839 0.000000
vt 0.354839 0.000000
vt 0.354839 0.000000
vt 0.354839 0.000000
vt 0.354839 0.000000
vt 0.354839 0.000000
vt 0.354839 0.000000
vt 0.354839 0.000000
vt 0.354839 0.000000
vt 0.354839 0.000000
vt 0.354839 0.000000
vt 0.354839 0.000000
vt 0.354839 0.000000
vt 0.354839 0.000000
vt 0.354839 0.000000
vt 0.354839 0.000000
vt 0.354839 0.000000
vt 0.354839 0.000000
vt 0.354839 0.000000
vt 0.354839 0.000000
vt 0.354839 0.000000
vt 0.354839 0.000000
vt 0.354839 0.000000
vt 0.354839 0.000000
vt 0.354839 0.000000
vt 0.354839 0.000000
vt 0.354839 0.000000
vt 0.354839 0.000000
vt 0.354839 0.000000
vt 0.354839 0.000000
vt 0.322581 0.000000
vt 0.322581 0.000000
vt 0.322581 0.000000
vt 0.322581 0.000000
vt 0.322581 0.000000
vt 0.322581 0.000000
vt 0.322581 0.000000
vt 0.322581 0.000000
vt 0.322581 0.000000
vt 0.322581 0.000000
vt 0.322581 0.000000
vt 0.322581 0.000000
vt 0.322581 0.000000
vt 0.322581 0.000000
vt 0.322581 0.000000
vt 0.322581 0.000000
vt 0.322581 0.000000
vt 0.322581 0.000000
vt 0.322581 0.000000
vt 0.322581 0.000000
vt 0.322581 0.000000
vt 0.322581 0.000000
vt 0.322581 0.000000
vt 0.322581 0.000000
vt 0.322581 0.000000
vt 0.322581 0.000000
vt 0.322581 0.000000
vt 0.322581 0.000000
vt 0.322581 0.000000
vt 0.322581 0.000000
vt 0.290323 0.000000
vt 0.290323 0.000000
vt 0.290323 0.000000
vt 0.290323 0.000000
vt 0.290323 0.000000
vt 0.290323 0.000000
vt 0.290323 0.000000
vt 0.290323 0.000000
vt 0.290323 0.000000
vt 0.290323 0.000000
vt 0.290323 0.000000
vt 0.290323 0.000000
vt 0.290323 0.000000
vt 0.290323 0.000000
vt 0.290322 0.000000
vt 0.290322 0.000000
vt 0.290323 0.000000
vt 0.290323 0.000000
vt 0.290323 0.000000
vt 0.290323 0.000000
vt 0.290323 0.000000
vt 0.290323 0.000000
vt 0.290323 0.000000
vt 0.290323 0.000000
vt 0.290323 0.000000
vt 0.290323 0.000000
vt 0.290323 0.000000
vt 0.290323 0.000000
vt 0.290323 0.000000
vt 0.290323 0.000000
vt 0.258065 0.000000
vt 0.258065 0.000000
vt 0.258065 0.000000
vt 0.258065 0.000000
vt 0.258065 0.000000
vt 0.258065 0.000000
vt 0.258065 0.000000
vt 0.258065 0.000000
vt 0.258065 0.000000
vt 0.258065 0.000000
vt 0.258065 0.000000
vt 0.258065 0.000000
vt 0.258065 0.000000
vt 0.258065 0.000000
vt 0.258065 0.000000
vt 0.258065 0.000000
vt 0.258065 0.000000
vt 0.258065 0.000000
vt 0.258065 0.000000
vt 0.258065 0.000000
vt 0.258065 0.000000
vt 0.258065 0.000000
vt 0.258065 0.000000
vt 0.258065 0.000000
vt 0.258065 0.000000
vt 0.258065 0.000000
vt 0.258065 0.000000
vt 0.258065 0.000000
vt 0.258065 0.000000
vt 0.258065 0.000000
vt 0.225806 0.000000
vt 0.225806 0.000000
vt 0.225806 0.000000
vt 0.225806 0.000000
vt 0.225806 0.000000
vt 0.225806 0.000000
vt 0.225806 0.000000
vt 0.225806 0.000000
vt 0.225806 0.000000
vt 0.225806 0.000000
vt 0.225806 0.000000
vt 0.225806 0.000000
vt 0.225806 0.000000
vt 0.225806 0.000000
vt 0.225806 0.000000
vt 0.225806 0.000000
vt 0.225806 0.000000
vt 0.225806 0.000000
vt 0.225806 0.000000
vt 0.225806 0.000000
vt 0.225806 0.000000
vt 0.225806 0.000000
vt 0.225806 0.000000
vt 0.225806 0.000000
vt 0.225806 0.000000
vt 0.225806 0.000000
vt 0.225806 0.000000
vt 0.225806 0.000000
vt 0.225806 0.000000
vt 0.225806 0.000000
vt 0.193548 0.000000
vt 0.193548 0.000000
vt 0.193548 0.000000
vt 0.193548 0.000000
vt 0.193548 0.000000
vt 0.193548 0.000000
vt 0.193548 0.000000
vt 0.193548 0.000000
vt 0.193548 0.000000
vt 0.193548 0.000000
vt 0.193548 0.000000
vt 0.193548 0.000000
vt 0.193548 0.000000
vt 0.193548 0.000000
vt 0.193548 0.000000
vt 0.193548 0.000000
vt 0.193548 0.000000
vt 0.193548 0.000000
vt 0.193548 0.000000
vt 0.193548 0.000000
vt 0.193548 0.000000
vt 0.193548 0.000000
vt 0.193548 0.000000
vt 0.193548 0.000000
vt 0.193548 0.000000
vt 0.193548 0.000000
vt 0.193548 0.000000
vt 0.193548 0.000000
vt 0.193548 0.000000
vt 0.193548 0.000000
vt 0.161290 0.000000
vt 0.161290 0.000000
vt 0.161290 0.000000
vt 0.161290 0.000000
vt 0.161290 0.000000
vt 0.161290 0.000000
vt 0.161290 0.000000
vt 0.161290 0.000000
vt 0.161290 0.000000
vt 0.161290 0.000000
vt 0.161290 0.000000
vt 0.161290 0.000000
vt 0.161290 0.000000
vt 0.161290 0.000000
vt 0.161290 0.000000
vt 0.161290 0.000000
vt 0.161290 0.000000
vt 0.161290 0.000000
vt 0.161290 0.000000
vt 0.161290 0.000000
vt 0.161290 0.000000
vt 0.161290 0.000000
vt 0.161290 0.000000
vt 0.161290 0.000000
vt 0.161290 0.000000
vt 0.161290 0.000000
vt 0.161290 0.000000
vt 0.161290 0.000000
vt 0.161290 0.000000
vt 0.161290 0.000000
vt 0.129032 0.000000
vt 0.129032 0.000000
vt 0.129032 0.000000
vt 0.129032 0.000000
vt 0.129032 0.000000
vt 0.129032 0.000000
vt 0.129032 0.000000
vt 0.129032 0.000000
vt 0.129032 0.000000
vt 0.129032 0.000000
vt 0.129032 0.000000
vt 0.129032 0.000000
vt 0.129032 0.000000
vt 0.129032 0.000000
vt 0.129032 0.000000
vt 0.129032 0.000000
vt 0.129032 0.000000
vt 0.129032 0.000000
vt 0.129032 0.000000
vt 0.129032 0.000000
vt 0.129032 0.000000
vt 0.129032 0.000000
vt 0.129032 0.000000
vt 0.129032 0.000000
vt 0.129032 0.000000
vt 0.129032 0.000000
vt 0.129032 0.000000
vt 0.129032 0.000000
vt 0.129032 0.000000
vt 0.129032 0.000000
vt 0.096774 0.000000
vt 0.096774 0.000000
vt 0.096774 0.000000
vt 0.096774 0.000000
vt 0.096774 0.000000
vt 0.096774 0.000000
vt 0.096774 0.000000
vt 0.096774 0.000000
vt 0.096774 0.000000
vt 0.096774 0.000000
vt 0.096774 0.000000
vt 0.096774 0.000000
vt 0.096774 0.000000
vt 0.096774 0.000000
vt 0.096774 0.000000
vt 0.096774 0.000000
vt 0.096774 0.000000
vt 0.096774 0.000000
vt 0.096774 0.000000
vt 0.096774 0.000000
vt 0.096774 0.000000
vt 0.096774 0.000000
vt 0.096774 0.000000
vt 0.096774 0.000000
vt 0.096774 0.000000
vt 0.096774 0.000000
vt 0.096774 0.000000
vt 0.096774 0.000000
vt 0.096774 0.000000
vt 0.096774 0.000000
vt 0.064516 0.000000
vt 0.064516 0.000000
vt 0.064516 0.000000
vt 0.064516 0.000000
vt 0.064516 0.000000
vt 0.064516 0.000000
vt 0.064516 0.000000
vt 0.064516 0.000000
vt 0.064516 0.000000
vt 0.064516 0.000000
vt 0.064516 0.000000
vt 0.064516 0.000000
vt 0.064516 0.000000
vt 0.064516 0.000000
vt 0.064516 0.000000
vt 0.064516 0.000000
vt 0.064516 0.000000
vt 0.064516 0.000000
vt 0.064516 0.000000
vt 0.064516 0.000000
vt 0.064516 0.000000
vt 0.064516 0.000000
vt 0.064516 0.000000
vt 0.064516 0.000000
vt 0.064516 0.000000
vt 0.064516 0.000000
vt 0.064516 0.000000
vt 0.064516 0.000000
vt 0.064516 0.000000
vt 0.064516 0.000000
vt 0.032258 0.000000
vt 0.032258 0.000000
vt 0.032258 0.000000
vt 0.032258 0.000000
vt 0.032258 0.000000
vt 0.032258 0.000000
vt 0.032258 0.000000
vt 0.032258 0.000000
vt 0.032258 0.000000
vt 0.032258 0.000000
vt 0.032258 0.000000
vt 0.032258 0.000000
vt 0.032258 0.000000
vt 0.032258 0.000000
vt 0.032258 0.000000
vt 0.032258 0.000000
vt 0.032258 0.000000
vt 0.032258 0.000000
vt 0.032258 0.000000
vt 0.032258 0.000000
vt 0.032258 0.000000
vt 0.032258 0.000000
vt 0.032258 0.000000
vt 0.032258 0.000000
vt 0.032258 0.000000
vt 0.032258 0.000000
vt 0.032258 0.000000
vt 0.032258 0.000000
vt 0.032258 0.000000
vt 0.032258 0.000000
vt 0.000000 0.000000
vt 0.000000 0.000000
vt 0.000000 0.000000
vt 0.000000 0.000000
vt 0.000000 0.000000
vt 0.000000 0.000000
vt 0.000000 0.000000
vt 0.000000 0.000000
vt 0.000000 0.000000
vt 0.000000 0.000000
vt 0.000000 0.000000
vt 0.000000 0.000000
vt 0.000000 0.000000
vt 0.000000 0.000000
vt 0.000000 0.000000
vt 0.000000 0.000000
vt 0.000000 0.000000
vt 0.000000 0.000000
vt 0.000000 0.000000
vt 0.000000 0.000000
vt 0.000000 0.000000
vt 0.000000 0.000000
vt 0.000000 0.000000
vt 0.000000 0.000000
vt 0.000000 0.000000
vt 0.000000 0.000000
vt 0.000000 0.000000
vt 0.000000 0.000000
vt 0.000000 0.000000
vt 0.000000 0.000000
vt 0.000000 0.032258
vt 0.000000 0.032258
vt 0.000000 0.064516
vt 0.000000 0.064516
vt 0.000000 0.096774
vt 0.000000 0.096774
vt 0.000000 0.129032
vt 0.000000 0.129032
vt 0.000000 0.161290
vt 0.000000 0.161290
vt 0.000000 0.193548
vt 0.000000 0.193548
vt 0.000000 0.225806
vt 0.000000 0.225806
vt 0.000000 0.258065
vt 0.000000 0.258065
vt 0.000000 0.290323
vt 0.000000 0.290323
vt 0.000000 0.322581
vt 0.000000 0.322581
vt 0.000000 0.354839
vt 0.000000 0.354839
vt 0.000000 0.387097
vt 0.000000 0.387097
vt 0.000000 0.419355
vt 0.000000 0.419355
vt 0.000000 0.451613
vt 0.000000 0.451613
vt 0.000000 0.483871
vt 0.000000 0.483871
vt 0.000000 0.516129
vt 0.000000 0.516129
vt 0.000000 0.548387
vt 0.000000 0.548387
vt 0.000000 0.580645
vt 0.000000 0.580645
vt 0.000000 0.612903
vt 0.000000 0.612903
vt 0.000000 0.645161
vt 0.000000 0.645161
vt 0.000000 0.677419
vt 0.000000 0.677419
vt 0.000000 0.709677
vt 0.000000 0.709677
vt 0.000000 0.741935
vt 0.000000 0.741935
vt 0.000000 0.774194
vt 0.000000 0.774194
vt 0.000000 0.806452
vt 0.000000 0.806452
vt 0.000000 0.838710
vt 0.000000 0.838710
vt 0.000000 0.870968
vt 0.000000 0.870968
vt 0.000000 0.903226
vt 0.000000 0.903226
vt 0.000000 0.935484
vt 0.000000 0.935484
vt 0.000000 0.032258
vt 0.000000 0.032258
vt 0.000000 0.032258
vt 0.000000 0.032258
vt 0.000000 0.032258
vt 0.000000 0.032258
vt 0.000000 0.032258
vt 0.000000 0.032258
vt 0.000000 0.032258
vt 0.000000 0.032258
vt 0.000000 0.032258
vt 0.000000 0.032258
vt 0.000000 0.032258
vt 0.000000 0.032258
vt 0.000000 0.032258
vt 0.000000 0.032258
vt 0.000000 0.032258
vt 0.000000 0.032258
vt 0.000000 0.032258
vt 0.000000 0.032258
vt 0.000000 0.032258
vt 0.000000 0.032258
vt 0.000000 0.032258
vt 0.000000 0.032258
vt 0.000000 0.032258
vt 0.000000 0.032258
vt 0.000000 0.032258
vt 0.000000 0.032258
vt 0.000000 0.032258
vt 0.000000 0.032258
vt 0.000000 0.064516
vt 0.000000 0.064516
vt 0.000000 0.064516
vt 0.000000 0.064516
vt 0.000000 0.064516
vt 0.000000 0.064516
vt 0.000000 0.064516
vt 0.000000 0.064516
vt 0.000000 0.064516
vt 0.000000 0.064516
vt 0.000000 0.064516
vt 0.000000 0.064516
vt 0.000000 0.064516
vt 0.000000 0.064516
vt 0.000000 0.064516
vt 0.000000 0.064516
vt 0.000000 0.064516
vt 0.000000 0.064516
vt 0.000000 0.064516
vt 0.000000 0.064516
vt 0.000000 0.064516
vt 0.000000 0.064516
vt 0.000000 0.064516
vt 0.000000 0.064516
vt 0.000000 0.064516
vt 0.000000 0.064516
vt 0.000000 0.064516
vt 0.000000 0.064516
vt 0.000000 0.064516
vt 0.000000 0.064516
vt 0.000000 0.096774
vt 0.000000 0.096774
vt 0.000000 0.096774
vt 0.000000 0.096774
vt 0.000000 0.096774
vt 0.000000 0.096774
vt 0.000000 0.096774
vt 0.000000 0.096774
vt 0.000000 0.096774
vt 0.000000 0.096774
vt 0.000000 0.096774
vt 0.000000 0.096774
vt 0.000000 0.096774
vt 0.000000 0.096774
vt 0.000000 0.096774
vt 0.000000 0.096774
vt 0.000000 0.096774
vt 0.000000 0.096774
vt 0.000000 0.096774
vt 0.000000 0.096774
vt 0.000000 0.096774
vt 0.000000 0.096774
vt 0.000000 0.096774
vt 0.000000 0.096774
vt 0.000000 0.096774
vt 0.000000 0.096774
vt 0.000000 0.096774
vt 0.000000 0.096774
vt 0.000000 0.096774
vt 0.000000 0.096774
vt 0.000000 0.129032
vt 0.000000 0.129032
vt 0.000000 0.129032
vt 0.000000 0.129032
vt 0.000000 0.129032
vt 0.000000 0.129032
vt 0.000000 0.129032
vt 0.000000 0.129032
vt 0.000000 0.129032
vt 0.000000 0.129032
vt 0.000000 0.129032
vt 0.000000 0.129032
vt 0.000000 0.129032
vt 0.000000 0.129032
vt 0.000000 0.129032
vt 0.000000 0.129032
vt 0.000000 0.129032
vt 0.000000 0.129032
vt 0.000000 0.129032
vt 0.000000 0.129032
vt 0.000000 0.129032
vt 0.000000 0.129032
vt 0.000000 0.129032
vt 0.000000 0.129032
vt 0.000000 0.129032
vt 0.000000 0.129032
vt 0.000000 0.129032
vt 0.000000 0.129032
vt 0.000000 0.129032
vt 0.000000 0.129032
vt 0.000000 0.161290
vt 0.000000 0.161290
vt 0.000000 0.161290
vt 0.000000 0.161290
vt 0.000000 0.161290
vt 0.000000 0.161290
vt 0.000000 0.161290
vt 0.000000 0.161290
vt 0.000000 0.161290
vt 0.000000 0.161290
vt 0.000000 0.161290
vt 0.000000 0.161290
vt 0.000000 0.161290
vt 0.000000 0.161290
vt 0.000000 0.161290
vt 0.000000 0.161290
vt 0.000000 0.161290
vt 0.000000 0.161290
vt 0.000000 0.161290
vt 0.000000 0.161290
vt 0.000000 0.161290
vt 0.000000 0.161290
vt 0.000000 0.161290
vt 0.000000 0.161290
vt 0.000000 0.161290
vt 0.000000 0.161290
vt 0.000000 0.161290
vt 0.000000 0.161290
vt 0.000000 0.161290
vt 0.000000 0.161290
vt 0.000000 0.193548
vt 0.000000 0.193548
vt 0.000000 0.193548
vt 0.000000 0.193548
vt 0.000000 0.193548
vt 0.000000 0.193548
vt 0.000000 0.193548
vt 0.000000 0.193548
vt 0.000000 0.193548
vt 0.000000 0.193548
vt 0.000000 0.193548
vt 0.000000 0.193548
vt 0.000000 0.193548
vt 0.000000 0.193548
vt 0.000000 0.193548
vt 0.000000 0.193548
vt 0.000000 0.193548
vt 0.000000 0.193548
vt 0.000000 0.193548
vt 0.000000 0.193548
vt 0.000000 0.193548
vt 0.000000 0.193548
vt 0.000000 0.193548
vt 0.000000 0.193548
vt 0.000000 0.193548
vt 0.000000 0.193548
vt 0.000000 0.193548
vt 0.000000 0.193548
vt 0.000000 0.193548
vt 0.000000 0.193548
vt 0.000000 0.225806
vt 0.000000 0.225806
vt 0.000000 0.225806
vt 0.000000 0.225806
vt 0.000000 0.225806
vt 0.000000 0.225806
vt 0.000000 0.225806
vt 0.000000 0.225806
vt 0.000000 0.225806
vt 0.000000 0.225806
vt 0.000000 0.225806
vt 0.000000 0.225806
vt 0.000000 0.225806
vt 0.000000 0.225806
vt 0.000000 0.225806
vt 0.000000 0.225806
vt 0.000000 0.225806
vt 0.000000 0.225806
vt 0.000000 0.225806
vt 0.000000 0.225806
vt 0.000000 0.225806
vt 0.000000 0.225806
vt 0.000000 0.225806
vt 0.000000 0.225806
vt 0.000000 0.225806
vt 0.000000 0.225806
vt 0.000000 0.225806
vt 0.000000 0.225806
vt 0.000000 0.225806
vt 0.000000 0.225806
vt 0.000000 0.258065
vt 0.000000 0.258065
vt 0.000000 0.258065
vt 0.000000 0.258065
vt 0.000000 0.258065
vt 0.000000 0.258065
vt 0.000000 0.258065
vt 0.000000 0.258065
vt 0.000000 0.258065
vt 0.000000 0.258065
vt 0.000000 0.258065
vt 0.000000 0.258065
vt 0.000000 0.258065
vt 0.000000 0.258065
vt 0.000000 0.258065
vt 0.000000 0.258065
vt 0.000000 0.258065
vt 0.000000 0.258065
vt 0.000000 0.258065
vt 0.000000 0.258065
vt 0.000000 0.258065
vt 0.000000 0.258065
vt 0.000000 0.258065
vt 0.000000 0.258065
vt 0.000000 0.258065
vt 0.000000 0.258065
vt 0.000000 0.258065
vt 0.000000 0.258065
vt 0.000000 0.258065
vt 0.000000 0.258065
vt 0.000000 0.290323
vt 0.000000 0.290323
vt 0.000000 0.290323
vt 0.000000 0.290323
vt 0.000000 0.290323
vt 0.000000 0.290323
vt 0.000000 0.290323
vt 0.000000 0.290323
vt 0.000000 0.290323
vt 0.000000 0.290323
vt 0.000000 0.290323
vt 0.000000 0.290323
vt 0.000000 0.290323
vt 0.000000 0.290323
vt 0.000000 0.290322
vt 0.000000 0.290322
vt 0.000000 0.290323
vt 0.000000 0.290323
vt 0.000000 0.290323
vt 0.000000 0.290323
vt 0.000000 0.290323
vt 0.000000 0.290323
vt 0.000000 0.290323
vt 0.000000 0.290323
vt 0.000000 0.290323
vt 0.000000 0.290323
vt 0.000000 0.290323
vt 0.000000 0.290323
vt 0.000000 0.290323
vt 0.000000 0.290323
vt 0.000000 0.322581
vt 0.000000 0.322581
vt 0.000000 0.322581
vt 0.000000 0.322581
vt 0.000000 0.322581
vt 0.000000 0.322581
vt 0.000000 0.322581
vt 0.000000 0.322581
vt 0.000000 0.322581
vt 0.000000 0.322581
vt 0.000000 0.322581
vt 0.000000 0.322581
vt 0.000000 0.322581
vt 0.000000 0.322581
vt 0.000000 0.322581
vt 0.000000 0.322581
vt 0.000000 0.322581
vt 0.000000 0.322581
vt 0.000000 0.322581
vt 0.000000 0.322581
vt 0.000000 0.322581
vt 0.000000 0.322581
vt 0.000000 0.322581
vt 0.000000 0.322581
vt 0.000000 0.322581
vt 0.000000 0.322581
vt 0.000000 0.322581
vt 0.000000 0.322581
vt 0.000000 0.322581
vt 0.000000 0.322581
vt 0.000000 0.354839
vt 0.000000 0.354839
vt 0.000000 0.354839
vt 0.000000 0.354839
vt 0.000000 0.354839
vt 0.000000 0.354839
vt 0.000000 0.354839
vt 0.000000 0.354839
vt 0.000000 0.354839
vt 0.000000 0.354839
vt 0.000000 0.354839
vt 0.000000 0.354839
vt 0.000000 0.354839
vt 0.000000 0.354839
vt 0.000000 0.354839
vt 0.000000 0.354839
vt 0.000000 0.354839
vt 0.000000 0.354839
vt 0.000000 0.354839
vt 0.000000 0.354839
vt 0.000000 0.354839
vt 0.000000 0.354839
vt 0.000000 0.354839
vt 0.000000 0.354839
vt 0.000000 0.354839
vt 0.000000 0.354839
vt 0.000000 0.354839
vt 0.000000 0.354839
vt 0.000000 0.354839
vt 0.000000 0.354839
vt 0.000000 0.387097
vt 0.000000 0.387097
vt 0.000000 0.387097
vt 0.000000 0.387097
vt 0.000000 0.387097
vt 0.000000 0.387097
vt 0.000000 0.387097
vt 0.000000 0.387097
vt 0.000000 0.387097
vt 0.000000 0.387097
vt 0.000000 0.387097
vt 0.000000 0.387097
vt 0.000000 0.387097
vt 0.000000 0.387097
vt 0.000000 0.387097
vt 0.000000 0.387097
vt 0.000000 0.387097
vt 0.000000 0.387097
vt 0.000000 0.387097
vt 0.000000 0.387097
vt 0.000000 0.387097
vt 0.000000 0.387097
vt 0.000000 0.387097
vt 0.000000 0.387097
vt 0.000000 0.387097
vt 0.000000 0.387097
vt 0.000000 0.387097
vt 0.000000 0.387097
vt 0.000000 0.387097
vt 0.000000 0.387097
vt 0.000000 0.419355
vt 0.000000 0.419355
vt 0.000000 0.419355
vt 0.000000 0.419355
vt 0.000000 0.419355
vt 0.000000 0.419355
vt 0.000000 0.419355
vt 0.000000 0.419355
vt 0.000000 0.419355
vt 0.000000 0.419355
vt 0.000000 0.419355
vt 0.000000 0.419355
vt 0.000000 0.419355
vt 0.000000 0.419355
vt 0.000000 0.419355
vt 0.000000 0.419355
vt 0.000000 0.419355
vt 0.000000 0.419355
vt 0.000000 0.419355
vt 0.000000 0.419355
vt 0.000000 0.419355
vt 0.000000 0.419355
vt 0.000000 0.419355
vt 0.000000 0.419355
vt 0.000000 0.419355
vt 0.000000 0.419355
vt 0.000000 0.419355
vt 0.000000 0.419355
vt 0.000000 0.419355
vt 0.000000 0.419355
vt 0.000000 0.451613
vt 0.000000 0.451613
vt 0.000000 0.451613
vt 0.000000 0.451613
vt 0.000000 0.451613
vt 0.000000 0.451613
vt 0.000000 0.451613
vt 0.000000 0.451613
vt 0.000000 0.451613
vt 0.000000 0.451613
vt 0.000000 0.451613
vt 0.000000 0.451613
vt 0.000000 0.451613
vt 0.000000 0.451613
vt 0.000000 0.451613
vt 0.000000 0.451613
vt 0.000000 0.451613
vt 0.000000 0.451613
vt 0.000000 0.451613
vt 0.000000 0.451613
vt 0.000000 0.451613
vt 0.000000 0.451613
vt 0.000000 0.451613
vt 0.000000 0.451613
vt 0.000000 0.451613
vt 0.000000 0.451613
vt 0.000000 0.451613
vt 0.000000 0.451613
vt 0.000000 0.451613
vt 0.000000 0.451613
vt 0.000000 0.483871
vt 0.000000 0.483871
vt 0.000000 0.483871
vt 0.000000 0.483871
vt 0.000000 0.483871
vt 0.000000 0.483871
vt 0.000000 0.483871
vt 0.000000 0.483871
vt 0.000000 0.483871
vt 0.000000 0.483871
vt 0.000000 0.483871
vt 0.000000 0.483871
vt 0.000000 0.483871
vt 0.000000 0.483871
vt 0.000000 0.483871
vt 0.000000 0.483871
vt 0.000000 0.483871
vt 0.000000 0.483871
vt 0.000000 0.483871
vt 0.000000 0.483871
vt 0.000000 0.483871
vt 0.000000 0.483871
vt 0.000000 0.483871
vt 0.000000 0.483871
vt 0.000000 0.483871
vt 0.000000 0.483871
vt 0.000000 0.483871
vt 0.000000 0.483871
vt 0.000000 0.483871
vt 0.000000 0.483871
vt 0.000000 0.516129
vt 0.000000 0.516129
vt 0.000000 0.516129
vt 0.000000 0.516129
vt 0.000000 0.516129
vt 0.000000 0.516129
vt 0.000000 0.516129
vt 0.000000 0.516129
vt 0.000000 0.516129
vt 0.000000 0.516129
vt 0.000000 0.516129
vt 0.000000 0.516129
vt 0.000000 0.516129
vt 0.000000 0.516129
vt 0.000000 0.516129
vt 0.000000 0.516129
vt 0.000000 0.516129
vt 0.000000 0.516129
vt 0.000000 0.516129
vt 0.000000 0.516129
vt 0.000000 0.516129
vt 0.000000 0.516129
vt 0.000000 0.516129
vt 0.000000 0.516129
vt 0.000000 0.516129
vt 0.000000 0.516129
vt 0.000000 0.516129
vt 0.000000 0.516129
vt 0.000000 0.516129
vt 0.000000 0.516129
vt 0.000000 0.548387
vt 0.000000 0.548387
vt 0.000000 0.548387
vt 0.000000 0.548387
vt 0.000000 0.548387
vt 0.000000 0.548387
vt 0.000000 0.548387
vt 0.000000 0.548387
vt 0.000000 0.548387
vt 0.000000 0.548387
vt 0.000000 0.548387
vt 0.000000 0.548387
vt 0.000000 0.548387
vt 0.000000 0.548387
vt 0.000000 0.548387
vt 0.000000 0.548387
vt 0.000000 0.548387
vt 0.000000 0.548387
vt 0.000000 0.548387
vt 0.000000 0.548387
vt 0.000000 0.548387
vt 0.000000 0.548387
vt 0.000000 0.548387
vt 0.000000 0.548387
vt 0.000000 0.548387
vt 0.000000 0.548387
vt 0.000000 0.548387
vt 0.000000 0.548387
vt 0.000000 0.548387
vt 0.000000 0.548387
vt 0.000000 0.580645
vt 0.000000 0.580645
vt 0.000000 0.580645
vt 0.000000 0.580645
vt 0.000000 0.580645
vt 0.000000 0.580645
vt 0.000000 0.580645
vt 0.000000 0.580645
vt 0.000000 0.580645
vt 0.000000 0.580645
vt 0.000000 0.580645
vt 0.000000 0.580645
vt 0.000000 0.580645
vt 0.000000 0.580645
vt 0.000000 0.580645
vt 0.000000 0.580645
vt 0.000000 0.580645
vt 0.000000 0.580645
vt 0.000000 0.580645
vt 0.000000 0.580645
vt 0.000000 0.580645
vt 0.000000 0.580645
vt 0.000000 0.580645
vt 0.000000 0.580645
vt 0.000000 0.580645
vt 0.000000 0.580645
vt 0.000000 0.580645
vt 0.000000 0.580645
vt 0.000000 0.580645
vt 0.000000 0.580645
vt 0.000000 0.612903
vt 0.000000 0.612903
vt 0.000000 0.612903
vt 0.000000 0.612903
vt 0.000000 0.612903
vt 0.000000 0.612903
vt 0.000000 0.612903
vt 0.000000 0.612903
vt 0.000000 0.612903
vt 0.000000 0.612903
vt 0.000000 0.612903
vt 0.000000 0.612903
vt 0.000000 0.612903
vt 0.000000 0.612903
vt 0.000000 0.612903
vt 0.000000 0.612903
vt 0.000000 0.612903
vt 0.000000 0.612903
vt 0.000000 0.612903
vt 0.000000 0.612903
vt 0.000000 0.612903
vt 0.000000 0.612903
vt 0.000000 0.612903
vt 0.000000 0.612903
vt 0.000000 0.612903
vt 0.000000 0.612903
vt 0.000000 0.612903
vt 0.000000 0.612903
vt 0.000000 0.612903
vt 0.000000 0.612903
vt 0.000000 0.645161
vt 0.000000 0.645161
vt 0.000000 0.645161
vt 0.000000 0.645161
vt 0.000000 0.645161
vt 0.000000 0.645161
vt 0.000000 0.645161
vt 0.000000 0.645161
vt 0.000000 0.645161
vt 0.000000 0.645161
vt 0.000000 0.645161
vt 0.000000 0.645161
vt 0.000000 0.645161
vt 0.000000 0.645161
vt 0.000000 0.645161
vt 0.000000 0.645161
vt 0.000000 0.645161
vt 0.000000 0.645161
vt 0.000000 0.645161
vt 0.000000 0.645161
vt 0.000000 0.645161
vt 0.000000 0.645161
vt 0.000000 0.645161
vt 0.000000 0.645161
vt 0.000000 0.645161
vt 0.000000 0.645161
vt 0.000000 0.645161
vt 0.000000 0.645161
vt 0.000000 0.645161
vt 0.000000 0.645161
vt 0.000000 0.677419
vt 0.000000 0.677419
vt 0.000000 0.677419
vt 0.000000 0.677419
vt 0.000000 0.677419
vt 0.000000 0.677419
vt 0.000000 0.677419
vt 0.000000 0.677419
vt 0.000000 0.677419
vt 0.000000 0.677419
vt 0.000000 0.677419
vt 0.000000 0.677419
vt 0.000000 0.677419
vt 0.000000 0.677419
vt 0.000000 0.677419
vt 0.000000 0.677419
vt 0.000000 0.677419
vt 0.000000 0.677419
vt 0.000000 0.677419
vt 0.000000 0.677419
vt 0.000000 0.677419
vt 0.000000 0.677419
vt 0.000000 0.677419
vt 0.000000 0.677419
vt 0.000000 0.677419
vt 0.000000 0.677419
vt 0.000000 0.677419
vt 0.000000 0.677419
vt 0.000000 0.677419
vt 0.000000 0.677419
vt 0.000000 0.709677
vt 0.000000 0.709677
vt 0.000000 0.709677
vt 0.000000 0.709677
vt 0.000000 0.709677
vt 0.000000 0.709677
vt 0.000000 0.709677
vt 0.000000 0.709677
vt 0.000000 0.709677
vt 0.000000 0.709677
vt 0.000000 0.709677
vt 0.000000 0.709677
vt 0.000000 0.709677
vt 0.000000 0.709677
vt 0.000000 0.709677
vt 0.000000 0.709677
vt 0.000000 0.709677
vt 0.000000 0.709677
vt 0.000000 0.709677
vt 0.000000 0.709677
vt 0.000000 0.709677
vt 0.000000 0.709677
vt 0.000000 0.709677
vt 0.000000 0.709677
vt 0.000000 0.709677
vt 0.000000 0.709677
vt 0.000000 0.709677
vt 0.000000 0.709677
vt 0.000000 0.709677
vt 0.000000 0.709677
vt 0.000000 0.741935
vt 0.000000 0.741935
vt 0.000000 0.741935
vt 0.000000 0.741935
vt 0.000000 0.741935
vt 0.000000 0.741936
vt 0.000000 0.741935
vt 0.000000 0.741935
vt 0.000000 0.741935
vt 0.000000 0.741935
vt 0.000000 0.741935
vt 0.000000 0.741935
vt 0.000000 0.741935
vt 0.000000 0.741935
vt 0.000000 0.741935
vt 0.000000 0.741935
vt 0.000000 0.741935
vt 0.000000 0.741935
vt 0.000000 0.741935
vt 0.000000 0.741935
vt 0.000000 0.741935
vt 0.000000 0.741935
vt 0.000000 0.741935
vt 0.000000 0.741935
vt 0.000000 0.741935
vt 0.000000 0.741935
vt 0.000000 0.741935
vt 0.000000 0.741935
vt 0.000000 0.741935
vt 0.000000 0.741935
vt 0.000000 0.774194
vt 0.000000 0.774194
vt 0.000000 0.774193
vt 0.000000 0.774193
vt 0.000000 0.774193
vt 0.000000 0.774193
vt 0.000000 0.774193
vt 0.000000 0.774193
vt 0.000000 0.774193
vt 0.000000 0.774193
vt 0.000000 0.774193
vt 0.000000 0.774193
vt 0.000000 0.774193
vt 0.000000 0.774193
vt 0.000000 0.774193
vt 0.000000 0.774193
vt 0.000000 0.774193
vt 0.000000 0.774193
vt 0.000000 0.774193
vt 0.000000 0.774193
vt 0.000000 0.774193
vt 0.000000 0.774193
vt 0.000000 0.774193
vt 0.000000 0.774193
vt 0.000000 0.774193
vt 0.000000 0.774193
vt 0.000000 0.774193
vt 0.000000 0.774194
vt 0.000000 0.774194
vt 0.000000 0.774193
vt 0.000000 0.806452
vt 0.000000 0.806452
vt 0.000000 0.806452
vt 0.000000 0.806452
vt 0.000000 0.806452
vt 0.000000 0.806452
vt 0.000000 0.806452
vt 0.000000 0.806452
vt 0.000000 0.806452
vt 0.000000 0.806452
vt 0.000000 0.806452
vt 0.000000 0.806452
vt 0.000000 0.806452
vt 0.000000 0.806452
vt 0.000000 0.806451
vt 0.000000 0.806451
vt 0.000000 0.806451
vt 0.000000 0.806451
vt 0.000000 0.806451
vt 0.000000 0.806451
vt 0.000000 0.806451
vt 0.000000 0.806451
vt 0.000000 0.806451
vt 0.000000 0.806452
vt 0.000000 0.806452
vt 0.000000 0.806452
vt 0.000000 0.806452
vt 0.000000 0.806452
vt 0.000000 0.806452
vt 0.000000 0.806452
vt 0.000000 0.838710
vt 0.000000 0.838710
vt 0.000000 0.838710
vt 0.000000 0.838710
vt 0.000000 0.838710
vt 0.000000 0.838710
vt 0.000000 0.838710
vt 0.000000 0.838710
vt 0.000000 0.838710
vt 0.000000 0.838710
vt 0.000000 0.838710
vt 0.000000 0.838710
vt 0.000000 0.838710
vt 0.000000 0.838710
vt 0.000000 0.838710
vt 0.000000 0.838710
vt 0.000000 0.838710
vt 0.000000 0.838710
vt 0.000000 0.838710
vt 0.000000 0.838710
vt 0.000000 0.838710
vt 0.000000 0.838710
vt 0.000000 0.838710
vt 0.000000 0.838710
vt 0.000000 0.838710
vt 0.000000 0.838710
vt 0.000000 0.838710
vt 0.000000 0.838710
vt 0.000000 0.838710
vt 0.000000 0.838710
vt 0.000000 0.870968
vt 0.000000 0.870968
vt 0.000000 0.870968
vt 0.000000 0.870968
vt 0.000000 0.870968
vt 0.000000 0.870968
vt 0.000000 0.870968
vt 0.000000 0.870968
vt 0.000000 0.870968
vt 0.000000 0.870968
vt 0.000000 0.870968
vt 0.000000 0.870968
vt 0.000000 0.870968
vt 0.000000 0.870968
vt 0.000000 0.870968
vt 0.000000 0.870968
vt 0.000000 0.870968
vt 0.000000 0.870968
vt 0.000000 0.870968
vt 0.000000 0.870968
vt 0.000000 0.870968
vt 0.000000 0.870968
vt 0.000000 0.870968
vt 0.000000 0.870968
vt 0.000000 0.870968
vt 0.000000 0.870968
vt 0.000000 0.870968
vt 0.000000 0.870968
vt 0.000000 0.870968
vt 0.000000 0.870968
vt 0.000000 0.903226
vt 0.000000 0.903226
vt 0.000000 0.903226
vt 0.000000 0.903226
vt 0.000000 0.903226
vt 0.000000 0.903226
vt 0.000000 0.903226
vt 0.000000 0.903226
vt 0.000000 0.903226
vt 0.000000 0.903226
vt 0.000000 0.903226
vt 0.000000 0.903226
vt 0.000000 0.903226
vt 0.000000 0.903226
vt 0.000000 0.903226
vt 0.000000 0.903226
vt 0.000000 0.903226
vt 0.000000 0.903226
vt 0.000000 0.903226
vt 0.000000 0.903226
vt 0.000000 0.903226
vt 0.000000 0.903226
vt 0.000000 0.903226
vt 0.000000 0.903226
vt 0.000000 0.903226
vt 0.000000 0.903226
vt 0.000000 0.903226
vt 0.000000 0.903226
vt 0.000000 0.903226
vt 0.000000 0.903226
vt 0.000000 0.935484
vt 0.000000 0.935484
vt 0.000000 0.935484
vt 0.000000 0.935484
vt 0.000000 0.935484
vt 0.000000 0.935484
vt 0.000000 0.935484
vt 0.000000 0.935484
vt 0.000000 0.935484
vt 0.000000 0.935484
vt 0.000000 0.935484
vt 0.000000 0.935484
vt 0.000000 0.935484
vt 0.000000 0.935484
vt 0.000000 0.935484
vt 0.000000 0.935484
vt 0.000000 0.935484
vt 0.000000 0.935484
vt 0.000000 0.935484
vt 0.000000 0.935484
vt 0.000000 0.935484
vt 0.000000 0.935484
vt 0.000000 0.935484
vt 0.000000 0.935484
vt 0.000000 0.935484
vt 0.000000 0.935484
vt 0.000000 0.935484
vt 0.000000 0.935484
vt 0.000000 0.935484
vt 0.000000 0.935484
vt 0.000000 0.967742
vt 0.000000 0.967742
vt 0.000000 0.967742
vt 0.000000 0.967742
vt 0.000000 0.967742
vt 0.000000 0.967742
vt 0.000000 0.967742
vt 0.000000 0.967742
vt 0.000000 0.967742
vt 0.000000 0.967742
vt 0.000000 0.967742
vt 0.000000 0.967742
vt 0.000000 0.967742
vt 0.000000 0.967742
vt 0.000000 0.967742
vt 0.000000 0.967742
vt 0.000000 0.967742
vt 0.000000 0.967742
vt 0.000000 0.967742
vt 0.000000 0.967742
vt 0.000000 0.967742
vt 0.000000 0.967742
vt 0.000000 0.967742
vt 0.000000 0.967742
vt 0.000000 0.967742
vt 0.000000 0.967742
vt 0.000000 0.967742
vt 0.000000 0.967742
vt 0.000000 0.967742
vt 0.000000 0.967742
vt 0.032258 0.000000
vt 0.000000 0.000000
vt 0.000000 0.032258
vt 0.032258 0.032258
vt 0.000000 0.064516
vt 0.032258 0.064516
vt 0.000000 0.096774
vt 0.032258 0.096774
vt 0.000000 0.129032
vt 0.032258 0.129032
vt 0.000000 0.161290
vt 0.032258 0.161290
vt 0.000000 0.193548
vt 0.032258 0.193548
vt 0.000000 0.225806
vt 0.032258 0.225806
vt 0.000000 0.258065
vt 0.032258 0.258065
vt 0.000000 0.290323
vt 0.032258 0.290323
vt 0.000000 0.322581
vt 0.032258 0.322581
vt 0.000000 0.354839
vt 0.032258 0.354839
vt 0.000000 0.387097
vt 0.032258 0.387097
vt 0.000000 0.419355
vt 0.032258 0.419355
vt 0.000000 0.451613
vt 0.032258 0.451613
vt 0.000000 0.483871
vt 0.032258 0.483871
vt 0.000000 0.516129
vt 0.032258 0.516129
vt 0.000000 0.548387
vt 0.032258 0.548387
vt 0.000000 0.580645
vt 0.032258 0.580645
vt 0.000000 0.612903
vt 0.032258 0.612903
vt 0.000000 0.645161
vt 0.032258 0.645161
vt 0.000000 0.677419
vt 0.032258 0.677419
vt 0.000000 0.709677
vt 0.032258 0.709677
vt 0.000000 0.741935
vt 0.032258 0.741935
vt 0.000000 0.774194
vt 0.032258 0.774194
vt 0.000000 0.806452
vt 0.032258 0.806452
vt 0.000000 0.838710
vt 0.032258 0.838710
vt 0.000000 0.870968
vt 0.032258 0.870968
vt 0.000000 0.903226
vt 0.032258 0.903226
vt 0.000000 0.935484
vt 0.032258 0.935484
vt 1.000000 0.000000
vt 0.967742 0.000000
vt 0.967742 0.032258
vt 1.000000 0.032258
vt 0.935484 0.000000
vt 0.935484 0.032258
vt 0.903226 0.000000
vt 0.903226 0.032258
vt 0.870968 0.000000
vt 0.870968 0.032258
vt 0.838710 0.000000
vt 0.838710 0.032258
vt 0.806452 0.000000
vt 0.806452 0.032258
vt 0.774194 0.000000
vt 0.774194 0.032258
vt 0.741935 0.000000
vt 0.741935 0.032258
vt 0.709677 0.000000
vt 0.709677 0.032258
vt 0.677419 0.000000
vt 0.677419 0.032258
vt 0.645161 0.000000
vt 0.645161 0.032258
vt 0.612903 0.000000
vt 0.612903 0.032258
vt 0.580645 0.000000
vt 0.580645 0.032258
vt 0.548387 0.000000
vt 0.548387 0.032258
vt 0.516129 0.000000
vt 0.516129 0.032258
vt 0.483871 0.000000
vt 0.483871 0.032258
vt 0.451613 0.000000
vt 0.451613 0.032258
vt 0.419355 0.000000
vt 0.419355 0.032258
vt 0.387097 0.000000
vt 0.387097 0.032258
vt 0.354839 0.000000
vt 0.354839 0.032258
vt 0.322581 0.000000
vt 0.322581 0.032258
vt 0.290323 0.000000
vt 0.290323 0.032258
vt 0.258065 0.000000
vt 0.258065 0.032258
vt 0.225806 0.000000
vt 0.225806 0.032258
vt 0.193548 0.000000
vt 0.193548 0.032258
vt 0.161290 0.000000
vt 0.161290 0.032258
vt 0.129032 0.000000
vt 0.129032 0.032258
vt 0.096774 0.000000
vt 0.096774 0.032258
vt 0.064516 0.000000
vt 0.064516 0.032258
vt 0.967742 0.064516
vt 1.000000 0.064516
vt 0.935484 0.064516
vt 0.903226 0.064516
vt 0.870968 0.064516
vt 0.838710 0.064516
vt 0.806452 0.064516
vt 0.774194 0.064516
vt 0.741935 0.064516
vt 0.709677 0.064516
vt 0.677419 0.064516
vt 0.645161 0.064516
vt 0.612903 0.064516
vt 0.580645 0.064516
vt 0.548387 0.064516
vt 0.516129 0.064516
vt 0.483871 0.064516
vt 0.451613 0.064516
vt 0.419355 0.064516
vt 0.387097 0.064516
vt 0.354839 0.064516
vt 0.322581 0.064516
vt 0.290323 0.064516
vt 0.258065 0.064516
vt 0.225806 0.064516
vt 0.193548 0.064516
vt 0.161290 0.064516
vt 0.129032 0.064516
vt 0.096774 0.064516
vt 0.064516 0.064516
vt 0.967742 0.096774
vt 1.000000 0.096774
vt 0.935484 0.096774
vt 0.903226 0.096774
vt 0.870968 0.096774
vt 0.838710 0.096774
vt 0.806452 0.096774
vt 0.774194 0.096774
vt 0.741935 0.096774
vt 0.709677 0.096774
vt 0.677419 0.096774
vt 0.645161 0.096774
vt 0.612903 0.096774
vt 0.580645 0.096774
vt 0.548387 0.096774
vt 0.516129 0.096774
vt 0.483871 0.096774
vt 0.451613 0.096774
vt 0.419355 0.096774
vt 0.387097 0.096774
vt 0.354839 0.096774
vt 0.322581 0.096774
vt 0.290323 0.096774
vt 0.258065 0.096774
vt 0.225806 0.096774
vt 0.193548 0.096774
vt 0.161290 0.096774
vt 0.129032 0.096774
vt 0.096774 0.096774
vt 0.064516 0.096774
vt 0.967742 0.129032
vt 1.000000 0.129032
vt 0.935484 0.129032
vt 0.903226 0.129032
vt 0.870968 0.129032
vt 0.838710 0.129032
vt 0.806452 0.129032
vt 0.774194 0.129032
vt 0.741935 0.129032
vt 0.709677 0.129032
vt 0.677419 0.129032
vt 0.645161 0.129032
vt 0.612903 0.129032
vt 0.580645 0.129032
vt 0.548387 0.129032
vt 0.516129 0.129032
vt 0.483871 0.129032
vt 0.451613 0.129032
vt 0.419355 0.129032
vt 0.387097 0.129032
vt 0.354839 0.129032
vt 0.322581 0.129032
vt 0.290323 0.129032
vt 0.258065 0.129032
vt 0.225806 0.129032
vt 0.193548 0.129032
vt 0.161290 0.129032
vt 0.129032 0.129032
vt 0.096774 0.129032
vt 0.064516 0.129032
vt 0.967742 0.161290
vt 1.000000 0.161290
vt 0.935484 0.161290
vt 0.903226 0.161290
vt 0.870968 0.161290
vt 0.838710 0.161290
vt 0.806452 0.161290
vt 0.774194 0.161290
vt 0.741935 0.161290
vt 0.709677 0.161290
vt 0.677419 0.161290
vt 0.645161 0.161290
vt 0.612903 0.161290
vt 0.580645 0.161290
vt 0.548387 0.161290
vt 0.516129 0.161290
vt 0.483871 0.161290
vt 0.451613 0.161290
vt 0.419355 0.161290
vt 0.387097 0.161290
vt 0.354839 0.161290
vt 0.322581 0.161290
vt 0.290323 0.161290
vt 0.258065 0.161290
vt 0.225806 0.161290
vt 0.193548 0.161290
vt 0.161290 0.161290
vt 0.129032 0.161290
vt 0.096774 0.161290
vt 0.064516 0.161290
vt 0.967742 0.193548
vt 1.000000 0.193548
vt 0.935484 0.193548
vt 0.903226 0.193548
vt 0.870968 0.193548
vt 0.838710 0.193548
vt 0.806452 0.193548
vt 0.774194 0.193548
vt 0.741935 0.193548
vt 0.709677 0.193548
vt 0.677419 0.193548
vt 0.645161 0.193548
vt 0.612903 0.193548
vt 0.580645 0.193548
vt 0.548387 0.193548
vt 0.516129 0.193548
vt 0.483871 0.193548
vt 0.451613 0.193548
vt 0.419355 0.193548
vt 0.387097 0.193548
vt 0.354839 0.193548
vt 0.322581 0.193548
vt 0.290323 0.193548
vt 0.258065 0.193548
vt 0.225806 0.193548
vt 0.193548 0.193548
vt 0.161290 0.193548
vt 0.129032 0.193548
vt 0.096774 0.193548
vt 0.064516 0.193548
vt 0.967742 0.225806
vt 1.000000 0.225806
vt 0.935484 0.225806
vt 0.903226 0.225806
vt 0.870968 0.225806
vt 0.838710 0.225806
vt 0.806452 0.225806
vt 0.774194 0.225806
vt 0.741935 0.225806
vt 0.709677 0.225806
vt 0.677419 0.225806
vt 0.645161 0.225806
vt 0.612903 0.225806
vt 0.580645 0.225806
vt 0.548387 0.225806
vt 0.516129 0.225806
vt 0.483871 0.225806
vt 0.451613 0.225806
vt 0.419355 0.225806
vt 0.387097 0.225806
vt 0.354839 0.225806
vt 0.322581 0.225806
vt 0.290323 0.225806
vt 0.258065 0.225806
vt 0.225806 0.225806
vt 0.193548 0.225806
vt 0.161290 0.225806
vt 0.129032 0.225806
vt 0.096774 0.225806
vt 0.064516 0.225806
vt 0.967742 0.258065
vt 1.000000 0.258065
vt 0.935484 0.258065
vt 0.903226 0.258065
vt 0.870968 0.258065
vt 0.838710 0.258065
vt 0.806452 0.258065
vt 0.774194 0.258065
vt 0.741935 0.258065
vt 0.709677 0.258065
vt 0.677419 0.258065
vt 0.645161 0.258065
vt 0.612903 0.258065
vt 0.580645 0.258065
vt 0.548387 0.258065
vt 0.516129 0.258065
vt 0.483871 0.258065
vt 0.451613 0.258065
vt 0.419355 0.258065
vt 0.387097 0.258065
vt 0.354839 0.258065
vt 0.322581 0.258065
vt 0.290323 0.258065
vt 0.258065 0.258065
vt 0.225806 0.258065
vt 0.193548 0.258065
vt 0.161290 0.258065
vt 0.129032 0.258065
vt 0.096774 0.258065
vt 0.064516 0.258065
vt 0.967742 0.290323
vt 1.000000 0.290323
vt 0.935484 0.290323
vt 0.903226 0.290323
vt 0.870968 0.290323
vt 0.838710 0.290323
vt 0.806452 0.290323
vt 0.774194 0.290323
vt 0.741935 0.290323
vt 0.709677 0.290323
vt 0.677419 0.290323
vt 0.645161 0.290323
vt 0.612903 0.290323
vt 0.580645 0.290323
vt 0.548387 0.290322
vt 0.516129 0.290322
vt 0.483871 0.290323
vt 0.451613 0.290323
vt 0.419355 0.290323
vt 0.387097 0.290323
vt 0.354839 0.290323
vt 0.322581 0.290323
vt 0.290323 0.290323
vt 0.258065 0.290323
vt 0.225806 0.290323
vt 0.193548 0.290323
vt 0.161290 0.290323
vt 0.129032 0.290323
vt 0.096774 0.290323
vt 0.064516 0.290323
vt 0.967742 0.322581
vt 1.000000 0.322581
vt 0.935484 0.322581
vt 0.903226 0.322581
vt 0.870968 0.322581
vt 0.838710 0.322581
vt 0.806452 0.322581
vt 0.774194 0.322581
vt 0.741935 0.322581
vt 0.709677 0.322581
vt 0.677419 0.322581
vt 0.645161 0.322581
vt 0.612903 0.322581
vt 0.580645 0.322581
vt 0.548387 0.322581
vt 0.516129 0.322581
vt 0.483871 0.322581
vt 0.451613 0.322581
vt 0.419355 0.322581
vt 0.387097 0.322581
vt 0.354839 0.322581
vt 0.322581 0.322581
vt 0.290323 0.322581
vt 0.258065 0.322581
vt 0.225806 0.322581
vt 0.193548 0.322581
vt 0.161290 0.322581
vt 0.129032 0.322581
vt 0.096774 0.322581
vt 0.064516 0.322581
vt 0.967742 0.354839
vt 1.000000 0.354839
vt 0.935484 0.354839
vt 0.903226 0.354839
vt 0.870968 0.354839
vt 0.838710 0.354839
vt 0.806452 0.354839
vt 0.774194 0.354839
vt 0.741935 0.354839
vt 0.709677 0.354839
vt 0.677419 0.354839
vt 0.645161 0.354839
vt 0.612903 0.354839
vt 0.580645 0.354839
vt 0.548387 0.354839
vt 0.516129 0.354839
vt 0.483871 0.354839
vt 0.451613 0.354839
vt 0.419355 0.354839
vt 0.387097 0.354839
vt 0.354839 0.354839
vt 0.322581 0.354839
vt 0.290323 0.354839
vt 0.258065 0.354839
vt 0.225806 0.354839
vt 0.193548 0.354839
vt 0.161290 0.354839
vt 0.129032 0.354839
vt 0.096774 0.354839
vt 0.064516 0.354839
vt 0.967742 0.387097
vt 1.000000 0.387097
vt 0.935484 0.387097
vt 0.903226 0.387097
vt 0.870968 0.387097
vt 0.838710 0.387097
vt 0.806452 0.387097
vt 0.774194 0.387097
vt 0.741935 0.387097
vt 0.709677 0.387097
vt 0.677419 0.387097
vt 0.645161 0.387097
vt 0.612903 0.387097
vt 0.580645 0.387097
vt 0.548387 0.387097
vt 0.516129 0.387097
vt 0.483871 0.387097
vt 0.451613 0.387097
vt 0.419355 0.387097
vt 0.387097 0.387097
vt 0.354839 0.387097
vt 0.322581 0.387097
vt 0.290323 0.387097
vt 0.258065 0.387097
vt 0.225806 0.387097
vt 0.193548 0.387097
vt 0.161290 0.387097
vt 0.129032 0.387097
vt 0.096774 0.387097
vt 0.064516 0.387097
vt 0.967742 0.419355
vt 1.000000 0.419355
vt 0.935484 0.419355
vt 0.903226 0.419355
vt 0.870968 0.419355
vt 0.838710 0.419355
vt 0.806452 0.419355
vt 0.774194 0.419355
vt 0.741935 0.419355
vt 0.709677 0.419355
vt 0.677419 0.419355
vt 0.645161 0.419355
vt 0.612903 0.419355
vt 0.580645 0.419355
vt 0.548387 0.419355
vt 0.516129 0.419355
vt 0.483871 0.419355
vt 0.451613 0.419355
vt 0.419355 0.419355
vt 0.387097 0.419355
vt 0.354839 0.419355
vt 0.322581 0.419355
vt 0.290323 0.419355
vt 0.258065 0.419355
vt 0.225806 0.419355
vt 0.193548 0.419355
vt 0.161290 0.419355
vt 0.129032 0.419355
vt 0.096774 0.419355
vt 0.064516 0.419355
vt 0.967742 0.451613
vt 1.000000 0.451613
vt 0.935484 0.451613
vt 0.903226 0.451613
vt 0.870968 0.451613
vt 0.838710 0.451613
vt 0.806452 0.451613
vt 0.774194 0.451613
vt 0.741935 0.451613
vt 0.709677 0.451613
vt 0.677419 0.451613
vt 0.645161 0.451613
vt 0.612903 0.451613
vt 0.580645 0.451613
vt 0.548387 0.451613
vt 0.516129 0.451613
vt 0.483871 0.451613
vt 0.451613 0.451613
vt 0.419355 0.451613
vt 0.387097 0.451613
vt 0.354839 0.451613
vt 0.322581 0.451613
vt 0.290323 0.451613
vt 0.258065 0.451613
vt 0.225806 0.451613
vt 0.193548 0.451613
vt 0.161290 0.451613
vt 0.129032 0.451613
vt 0.096774 0.451613
vt 0.064516 0.451613
vt 0.967742 0.483871
vt 1.000000 0.483871
vt 0.935484 0.483871
vt 0.903226 0.483871
vt 0.870968 0.483871
vt 0.838710 0.483871
vt 0.806452 0.483871
vt 0.774194 0.483871
vt 0.741935 0.483871
vt 0.709677 0.483871
vt 0.677419 0.483871
vt 0.645161 0.483871
vt 0.612903 0.483871
vt 0.580645 0.483871
vt 0.548387 0.483871
vt 0.516129 0.483871
vt 0.483871 0.483871
vt 0.451613 0.483871
vt 0.419355 0.483871
vt 0.387097 0.483871
vt 0.354839 0.483871
vt 0.322581 0.483871
vt 0.290323 0.483871
vt 0.258065 0.483871
vt 0.225806 0.483871
vt 0.193548 0.483871
vt 0.161290 0.483871
vt 0.129032 0.483871
vt 0.096774 0.483871
vt 0.064516 0.483871
vt 0.967742 0.516129
vt 1.000000 0.516129
vt 0.935484 0.516129
vt 0.903226 0.516129
vt 0.870968 0.516129
vt 0.838710 0.516129
vt 0.806452 0.516129
vt 0.774194 0.516129
vt 0.741935 0.516129
vt 0.709677 0.516129
vt 0.677419 0.516129
vt 0.645161 0.516129
vt 0.612903 0.516129
vt 0.580645 0.516129
vt 0.548387 0.516129
vt 0.516129 0.516129
vt 0.483871 0.516129
vt 0.451613 0.516129
vt 0.419355 0.516129
vt 0.387097 0.516129
vt 0.354839 0.516129
vt 0.322581 0.516129
vt 0.290323 0.516129
vt 0.258065 0.516129
vt 0.225806 0.516129
vt 0.193548 0.516129
vt 0.161290 0.516129
vt 0.129032 0.516129
vt 0.096774 0.516129
vt 0.064516 0.516129
vt 0.967742 0.548387
vt 1.000000 0.548387
vt 0.935484 0.548387
vt 0.903226 0.548387
vt 0.870968 0.548387
vt 0.838710 0.548387
vt 0.806452 0.548387
vt 0.774194 0.548387
vt 0.741935 0.548387
vt 0.709677 0.548387
vt 0.677419 0.548387
vt 0.645161 0.548387
vt 0.612903 0.548387
vt 0.580645 0.548387
vt 0.548387 0.548387
vt 0.516129 0.548387
vt 0.483871 0.548387
vt 0.451613 0.548387
vt 0.419355 0.548387
vt 0.387097 0.548387
vt 0.354839 0.548387
vt 0.322581 0.548387
vt 0.290323 0.548387
vt 0.258065 0.548387
vt 0.225806 0.548387
vt 0.193548 0.548387
vt 0.161290 0.548387
vt 0.129032 0.548387
vt 0.096774 0.548387
vt 0.064516 0.548387
vt 0.967742 0.580645
vt 1.000000 0.580645
vt 0.935484 0.580645
vt 0.903226 0.580645
vt 0.870968 0.580645
vt 0.838710 0.580645
vt 0.806452 0.580645
vt 0.774194 0.580645
vt 0.741935 0.580645
vt 0.709677 0.580645
vt 0.677419 0.580645
vt 0.645161 0.580645
vt 0.612903 0.580645
vt 0.580645 0.580645
vt 0.548387 0.580645
vt 0.516129 0.580645
vt 0.483871 0.580645
vt 0.451613 0.580645
vt 0.419355 0.580645
vt 0.387097 0.580645
vt 0.354839 0.580645
vt 0.322581 0.580645
vt 0.290323 0.580645
vt 0.258065 0.580645
vt 0.225806 0.580645
vt 0.193548 0.580645
vt 0.161290 0.580645
vt 0.129032 0.580645
vt 0.096774 0.580645
vt 0.064516 0.580645
vt 0.967742 0.612903
vt 1.000000 0.612903
vt 0.935484 0.612903
vt 0.903226 0.612903
vt 0.870968 0.612903
vt 0.838710 0.612903
vt 0.806452 0.612903
vt 0.774194 0.612903
vt 0.741935 0.612903
vt 0.709677 0.612903
vt 0.677419 0.612903
vt 0.645161 0.612903
vt 0.612903 0.612903
vt 0.580645 0.612903
vt 0.548387 0.612903
vt 0.516129 0.612903
vt 0.483871 0.612903
vt 0.451613 0.612903
vt 0.419355 0.612903
vt 0.387097 0.612903
vt 0.354839 0.612903
vt 0.322581 0.612903
vt 0.290323 0.612903
vt 0.258065 0.612903
vt 0.225806 0.612903
vt 0.193548 0.612903
vt 0.161290 0.612903
vt 0.129032 0.612903
vt 0.096774 0.612903
vt 0.064516 0.612903
vt 0.967742 0.645161
vt 1.000000 0.645161
vt 0.935484 0.645161
vt 0.903226 0.645161
vt 0.870968 0.645161
vt 0.838710 0.645161
vt 0.806452 0.645161
vt 0.774194 0.645161
vt 0.741935 0.645161
vt 0.709677 0.645161
vt 0.677419 0.645161
vt 0.645161 0.645161
vt 0.612903 0.645161
vt 0.580645 0.645161
vt 0.548387 0.645161
vt 0.516129 0.645161
vt 0.483871 0.645161
vt 0.451613 0.645161
vt 0.419355 0.645161
vt 0.387097 0.645161
vt 0.354839 0.645161
vt 0.322581 0.645161
vt 0.290323 0.645161
vt 0.258065 0.645161
vt 0.225806 0.645161
vt 0.193548 0.645161
vt 0.161290 0.645161
vt 0.129032 0.645161
vt 0.096774 0.645161
vt 0.064516 0.645161
vt 0.967742 0.677419
vt 1.000000 0.677419
vt 0.935484 0.677419
vt 0.903226 0.677419
vt 0.870968 0.677419
vt 0.838710 0.677419
vt 0.806452 0.677419
vt 0.774194 0.677419
vt 0.741935 0.677419
vt 0.709677 0.677419
vt 0.677419 0.677419
vt 0.645161 0.677419
vt 0.612903 0.677419
vt 0.580645 0.677419
vt 0.548387 0.677419
vt 0.516129 0.677419
vt 0.483871 0.677419
vt 0.451613 0.677419
vt 0.419355 0.677419
vt 0.387097 0.677419
vt 0.354839 0.677419
vt 0.322581 0.677419
vt 0.290323 0.677419
vt 0.258065 0.677419
vt 0.225806 0.677419
vt 0.193548 0.677419
vt 0.161290 0.677419
vt 0.129032 0.677419
vt 0.096774 0.677419
vt 0.064516 0.677419
vt 0.967742 0.709677
vt 1.000000 0.709677
vt 0.935484 0.709677
vt 0.903226 0.709677
vt 0.870968 0.709677
vt 0.838710 0.709677
vt 0.806452 0.709677
vt 0.774194 0.709677
vt 0.741935 0.709677
vt 0.709677 0.709677
vt 0.677419 0.709677
vt 0.645161 0.709677
vt 0.612903 0.709677
vt 0.580645 0.709677
vt 0.548387 0.709677
vt 0.516129 0.709677
vt 0.483871 0.709677
vt 0.451613 0.709677
vt 0.419355 0.709677
vt 0.387097 0.709677
vt 0.354839 0.709677
vt 0.322581 0.709677
vt 0.290323 0.709677
vt 0.258065 0.709677
vt 0.225806 0.709677
vt 0.193548 0.709677
vt 0.161290 0.709677
vt 0.129032 0.709677
vt 0.096774 0.709677
vt 0.064516 0.709677
vt 0.967742 0.741935
vt 1.000000 0.741935
vt 0.935484 0.741935
vt 0.903226 0.741935
vt 0.870968 0.741935
vt 0.838710 0.741936
vt 0.806452 0.741935
vt 0.774194 0.741935
vt 0.741935 0.741935
vt 0.709677 0.741935
vt 0.677419 0.741935
vt 0.645161 0.741935
vt 0.612903 0.741935
vt 0.580645 0.741935
vt 0.548387 0.741935
vt 0.516129 0.741935
vt 0.483871 0.741935
vt 0.451613 0.741935
vt 0.419355 0.741935
vt 0.387097 0.741935
vt 0.354839 0.741935
vt 0.322581 0.741935
vt 0.290323 0.741935
vt 0.258065 0.741935
vt 0.225806 0.741935
vt 0.193548 0.741935
vt 0.161290 0.741935
vt 0.129032 0.741935
vt 0.096774 0.741935
vt 0.064516 0.741935
vt 0.967742 0.774194
vt 1.000000 0.774194
vt 0.935484 0.774193
vt 0.903226 0.774193
vt 0.870968 0.774193
vt 0.838710 0.774193
vt 0.806452 0.774193
vt 0.774194 0.774193
vt 0.741935 0.774193
vt 0.709677 0.774193
vt 0.677419 0.774193
vt 0.645161 0.774193
vt 0.612903 0.774193
vt 0.580645 0.774193
vt 0.548387 0.774193
vt 0.516129 0.774193
vt 0.483871 0.774193
vt 0.451613 0.774193
vt 0.419355 0.774193
vt 0.387097 0.774193
vt 0.354839 0.774193
vt 0.322581 0.774193
vt 0.290323 0.774193
vt 0.258065 0.774193
vt 0.225806 0.774193
vt 0.193548 0.774193
vt 0.161290 0.774193
vt 0.129032 0.774194
vt 0.096774 0.774194
vt 0.064516 0.774193
vt 0.967742 0.806452
vt 1.000000 0.806452
vt 0.935484 0.806452
vt 0.903226 0.806452
vt 0.870968 0.806452
vt 0.838710 0.806452
vt 0.806452 0.806452
vt 0.774194 0.806452
vt 0.741935 0.806452
vt 0.709677 0.806452
vt 0.677419 0.806452
vt 0.645161 0.806452
vt 0.612903 0.806452
vt 0.580645 0.806452
vt 0.548387 0.806451
vt 0.516129 0.806451
vt 0.483871 0.806451
vt 0.451613 0.806451
vt 0.419355 0.806451
vt 0.387097 0.806451
vt 0.354839 0.806451
vt 0.322581 0.806451
vt 0.290323 0.806451
vt 0.258065 0.806452
vt 0.225806 0.806452
vt 0.193548 0.806452
vt 0.161290 0.806452
vt 0.129032 0.806452
vt 0.096774 0.806452
vt 0.064516 0.806452
vt 0.967742 0.838710
vt 1.000000 0.838710
vt 0.935484 0.838710
vt 0.903226 0.838710
vt 0.870968 0.838710
vt 0.838710 0.838710
vt 0.806452 0.838710
vt 0.774194 0.838710
vt 0.741935 0.838710
vt 0.709677 0.838710
vt 0.677419 0.838710
vt 0.645161 0.838710
vt 0.612903 0.838710
vt 0.580645 0.838710
vt 0.548387 0.838710
vt 0.516129 0.838710
vt 0.483871 0.838710
vt 0.451613 0.838710
vt 0.419355 0.838710
vt 0.387097 0.838710
vt 0.354839 0.838710
vt 0.322581 0.838710
vt 0.290323 0.838710
vt 0.258065 0.838710
vt 0.225806 0.838710
vt 0.193548 0.838710
vt 0.161290 0.838710
vt 0.129032 0.838710
vt 0.096774 0.838710
vt 0.064516 0.838710
vt 0.967742 0.870968
vt 1.000000 0.870968
vt 0.935484 0.870968
vt 0.903226 0.870968
vt 0.870968 0.870968
vt 0.838710 0.870968
vt 0.806452 0.870968
vt 0.774194 0.870968
vt 0.741935 0.870968
vt 0.709677 0.870968
vt 0.677419 0.870968
vt 0.645161 0.870968
vt 0.612903 0.870968
vt 0.580645 0.870968
vt 0.548387 0.870968
vt 0.516129 0.870968
vt 0.483871 0.870968
vt 0.451613 0.870968
vt 0.419355 0.870968
vt 0.387097 0.870968
vt 0.354839 0.870968
vt 0.322581 0.870968
vt 0.290323 0.870968
vt 0.258065 0.870968
vt 0.225806 0.870968
vt 0.193548 0.870968
vt 0.161290 0.870968
vt 0.129032 0.870968
vt 0.096774 0.870968
vt 0.064516 0.870968
vt 0.967742 0.903226
vt 1.000000 0.903226
vt 0.935484 0.903226
vt 0.903226 0.903226
vt 0.870968 0.903226
vt 0.838710 0.903226
vt 0.806452 0.903226
vt 0.774194 0.903226
vt 0.741935 0.903226
vt 0.709677 0.903226
vt 0.677419 0.903226
vt 0.645161 0.903226
vt 0.612903 0.903226
vt 0.580645 0.903226
vt 0.548387 0.903226
vt 0.516129 0.903226
vt 0.483871 0.903226
vt 0.451613 0.903226
vt 0.419355 0.903226
vt 0.387097 0.903226
vt 0.354839 0.903226
vt 0.322581 0.903226
vt 0.290323 0.903226
vt 0.258065 0.903226
vt 0.225806 0.903226
vt 0.193548 0.903226
vt 0.161290 0.903226
vt 0.129032 0.903226
vt 0.096774 0.903226
vt 0.064516 0.903226
vt 0.967742 0.935484
vt 1.000000 0.935484
vt 0.935484 0.935484
vt 0.903226 0.935484
vt 0.870968 0.935484
vt 0.838710 0.935484
vt 0.806452 0.935484
vt 0.774194 0.935484
vt 0.741935 0.935484
vt 0.709677 0.935484
vt 0.677419 0.935484
vt 0.645161 0.935484
vt 0.612903 0.935484
vt 0.580645 0.935484
vt 0.548387 0.935484
vt 0.516129 0.935484
vt 0.483871 0.935484
vt 0.451613 0.935484
vt 0.419355 0.935484
vt 0.387097 0.935484
vt 0.354839 0.935484
vt 0.322581 0.935484
vt 0.290323 0.935484
vt 0.258065 0.935484
vt 0.225806 0.935484
vt 0.193548 0.935484
vt 0.161290 0.935484
vt 0.129032 0.935484
vt 0.096774 0.935484
vt 0.064516 0.935484
vt 0.967742 0.967742
vt 1.000000 0.967742
vt 0.935484 0.967742
vt 0.903226 0.967742
vt 0.870968 0.967742
vt 0.838710 0.967742
vt 0.806452 0.967742
vt 0.774194 0.967742
vt 0.741935 0.967742
vt 0.709677 0.967742
vt 0.677419 0.967742
vt 0.645161 0.967742
vt 0.612903 0.967742
vt 0.580645 0.967742
vt 0.548387 0.967742
vt 0.516129 0.967742
vt 0.483871 0.967742
vt 0.451613 0.967742
vt 0.419355 0.967742
vt 0.387097 0.967742
vt 0.354839 0.967742
vt 0.322581 0.967742
vt 0.290323 0.967742
vt 0.258065 0.967742
vt 0.225806 0.967742
vt 0.193548 0.967742
vt 0.161290 0.967742
vt 0.129032 0.967742
vt 0.096774 0.967742
vt 0.064516 0.967742
vt 0.967742 1.000000
vt 1.000000 1.000000
vt 0.935484 1.000000
vt 0.903226 1.000000
vt 0.870968 1.000000
vt 0.838710 1.000000
vt 0.806452 1.000000
vt 0.774194 1.000000
vt 0.741935 1.000000
vt 0.709677 1.000000
vt 0.677419 1.000000
vt 0.645161 1.000000
vt 0.612903 1.000000
vt 0.580645 1.000000
vt 0.548387 1.000000
vt 0.516129 1.000000
vt 0.483871 1.000000
vt 0.451613 1.000000
vt 0.419355 1.000000
vt 0.387097 1.000000
vt 0.354839 1.000000
vt 0.322581 1.000000
vt 0.290323 1.000000
vt 0.258065 1.000000
vt 0.225806 1.000000
vt 0.193548 1.000000
vt 0.161290 1.000000
vt 0.129032 1.000000
vt 0.096774 1.000000
vt 0.064516 1.000000
vt 0.032258 0.967742
vt 0.064516 0.967742
vt 0.096774 0.967742
vt 0.129032 0.967742
vt 0.161290 0.967742
vt 0.193548 0.967742
vt 0.225806 0.967742
vt 0.258065 0.967742
vt 0.290323 0.967742
vt 0.322581 0.967742
vt 0.354839 0.967742
vt 0.387097 0.967742
vt 0.419355 0.967742
vt 0.451613 0.967742
vt 0.483871 0.967742
vt 0.516129 0.967742
vt 0.548387 0.967742
vt 0.580645 0.967742
vt 0.612903 0.967742
vt 0.645161 0.967742
vt 0.677419 0.967742
vt 0.709677 0.967742
vt 0.741935 0.967742
vt 0.774194 0.967742
vt 0.806452 0.967742
vt 0.838710 0.967742
vt 0.870968 0.967742
vt 0.903226 0.967742
vt 0.935484 0.967742
vt 0.032258 0.032258
vt 0.032258 0.064516
vt 0.032258 0.096774
vt 0.032258 0.129032
vt 0.032258 0.161290
vt 0.032258 0.193548
vt 0.032258 0.225806
vt 0.032258 0.258065
vt 0.032258 0.290323
vt 0.032258 0.322581
vt 0.032258 0.354839
vt 0.032258 0.387097
vt 0.032258 0.419355
vt 0.032258 0.451613
vt 0.032258 0.483871
vt 0.032258 0.516129
vt 0.032258 0.548387
vt 0.032258 0.580645
vt 0.032258 0.612903
vt 0.032258 0.645161
vt 0.032258 0.677419
vt 0.032258 0.709677
vt 0.032258 0.741935
vt 0.032258 0.774194
vt 0.032258 0.806452
vt 0.032258 0.838710
vt 0.032258 0.870968
vt 0.032258 0.903226
vt 0.032258 0.935484
vt 0.064516 0.032258
vt 0.064516 0.064516
vt 0.064516 0.096774
vt 0.064516 0.129032
vt 0.064516 0.161290
vt 0.064516 0.193548
vt 0.064516 0.225806
vt 0.064516 0.258065
vt 0.064516 0.290323
vt 0.064516 0.322581
vt 0.064516 0.354839
vt 0.064516 0.387097
vt 0.064516 0.419355
vt 0.064516 0.451613
vt 0.064516 0.483871
vt 0.064516 0.516129
vt 0.064516 0.548387
vt 0.064516 0.580645
vt 0.064516 0.612903
vt 0.064516 0.645161
vt 0.064516 0.677419
vt 0.064516 0.709677
vt 0.064516 0.741935
vt 0.064516 0.774194
vt 0.064516 0.806452
vt 0.064516 0.838710
vt 0.064516 0.870968
vt 0.064516 0.903226
vt 0.064516 0.935484
vt 0.096774 0.032258
vt 0.096774 0.064516
vt 0.096774 0.096774
vt 0.096774 0.129032
vt 0.096774 0.161290
vt 0.096774 0.193548
vt 0.096774 0.225806
vt 0.096774 0.258065
vt 0.096774 0.290323
vt 0.096774 0.322581
vt 0.096774 0.354839
vt 0.096774 0.387097
vt 0.096774 0.419355
vt 0.096774 0.451613
vt 0.096774 0.483871
vt 0.096774 0.516129
vt 0.096774 0.548387
vt 0.096774 0.580645
vt 0.096774 0.612903
vt 0.096774 0.645161
vt 0.096774 0.677419
vt 0.096774 0.709677
vt 0.096774 0.741935
vt 0.096774 0.774194
vt 0.096774 0.806452
vt 0.096774 0.838710
vt 0.096774 0.870968
vt 0.096774 0.903226
vt 0.096774 0.935484
vt 0.129032 0.032258
vt 0.129032 0.064516
vt 0.129032 0.096774
vt 0.129032 0.129032
vt 0.129032 0.161290
vt 0.129032 0.193548
vt 0.129032 0.225806
vt 0.129032 0.258065
vt 0.129032 0.290323
vt 0.129032 0.322581
vt 0.129032 0.354839
vt 0.129032 0.387097
vt 0.129032 0.419355
vt 0.129032 0.451613
vt 0.129032 0.483871
vt 0.129032 0.516129
vt 0.129032 0.548387
vt 0.129032 0.580645
vt 0.129032 0.612903
vt 0.129032 0.645161
vt 0.129032 0.677419
vt 0.129032 0.709677
vt 0.129032 0.741935
vt 0.129032 0.774194
vt 0.129032 0.806452
vt 0.129032 0.838710
vt 0.129032 0.870968
vt 0.129032 0.903226
vt 0.129032 0.935484
vt 0.161290 0.032258
vt 0.161290 0.064516
vt 0.161290 0.096774
vt 0.161290 0.129032
vt 0.161290 0.161290
vt 0.161290 0.193548
vt 0.161290 0.225806
vt 0.161290 0.258065
vt 0.161290 0.290323
vt 0.161290 0.322581
vt 0.161290 0.354839
vt 0.161290 0.387097
vt 0.161290 0.419355
vt 0.161290 0.451613
vt 0.161290 0.483871
vt 0.161290 0.516129
vt 0.161290 0.548387
vt 0.161290 0.580645
vt 0.161290 0.612903
vt 0.161290 0.645161
vt 0.161290 0.677419
vt 0.161290 0.709677
vt 0.161290 0.741935
vt 0.161290 0.774194
vt 0.161290 0.806452
vt 0.161290 0.838710
vt 0.161290 0.870968
vt 0.161290 0.903226
vt 0.161290 0.935484
vt 0.193548 0.032258
vt 0.193548 0.064516
vt 0.193548 0.096774
vt 0.193548 0.129032
vt 0.193548 0.161290
vt 0.193548 0.193548
vt 0.193548 0.225806
vt 0.193548 0.258065
vt 0.193548 0.290323
vt 0.193548 0.322581
vt 0.193548 0.354839
vt 0.193548 0.387097
vt 0.193548 0.419355
vt 0.193548 0.451613
vt 0.193548 0.483871
vt 0.193548 0.516129
vt 0.193548 0.548387
vt 0.193548 0.580645
vt 0.193548 0.612903
vt 0.193548 0.645161
vt 0.193548 0.677419
vt 0.193548 0.709677
vt 0.193548 0.741935
vt 0.193548 0.774194
vt 0.193548 0.806452
vt 0.193548 0.838710
vt 0.193548 0.870968
vt 0.193548 0.903226
vt 0.193548 0.935484
vt 0.225806 0.032258
vt 0.225806 0.064516
vt 0.225806 0.096774
vt 0.225806 0.129032
vt 0.225806 0.161290
vt 0.225806 0.193548
vt 0.225806 0.225806
vt 0.225806 0.258065
vt 0.225806 0.290323
vt 0.225806 0.322581
vt 0.225806 0.354839
vt 0.225806 0.387097
vt 0.225806 0.419355
vt 0.225806 0.451613
vt 0.225806 0.483871
vt 0.225806 0.516129
vt 0.225806 0.548387
vt 0.225806 0.580645
vt 0.225806 0.612903
vt 0.225806 0.645161
vt 0.225806 0.677419
vt 0.225806 0.709677
vt 0.225806 0.741935
vt 0.225806 0.774194
vt 0.225806 0.806452
vt 0.225806 0.838710
vt 0.225806 0.870968
vt 0.225806 0.903226
vt 0.225806 0.935484
vt 0.258065 0.032258
vt 0.258065 0.064516
vt 0.258065 0.096774
vt 0.258065 0.129032
vt 0.258065 0.161290
vt 0.258065 0.193548
vt 0.258065 0.225806
vt 0.258065 0.258065
vt 0.258065 0.290323
vt 0.258065 0.322581
vt 0.258065 0.354839
vt 0.258065 0.387097
vt 0.258065 0.419355
vt 0.258065 0.451613
vt 0.258065 0.483871
vt 0.258065 0.516129
vt 0.258065 0.548387
vt 0.258065 0.580645
vt 0.258065 0.612903
vt 0.258065 0.645161
vt 0.258065 0.677419
vt 0.258065 0.709677
vt 0.258065 0.741935
vt 0.258065 0.774194
vt 0.258065 0.806452
vt 0.258065 0.838710
vt 0.258065 0.870968
vt 0.258065 0.903226
vt 0.258065 0.935484
vt 0.290323 0.032258
vt 0.290323 0.064516
vt 0.290323 0.096774
vt 0.290323 0.129032
vt 0.290323 0.161290
vt 0.290323 0.193548
vt 0.290323 0.225806
vt 0.290323 0.258065
vt 0.290323 0.290323
vt 0.290323 0.322581
vt 0.290323 0.354839
vt 0.290323 0.387097
vt 0.290323 0.419355
vt 0.290322 0.451613
vt 0.290322 0.483871
vt 0.290323 0.516129
vt 0.290323 0.548387
vt 0.290323 0.580645
vt 0.290323 0.612903
vt 0.290323 0.645161
vt 0.290323 0.677419
vt 0.290323 0.709677
vt 0.290323 0.741935
vt 0.290323 0.774194
vt 0.290323 0.806452
vt 0.290323 0.838710
vt 0.290323 0.870968
vt 0.290323 0.903226
vt 0.290323 0.935484
vt 0.322581 0.032258
vt 0.322581 0.064516
vt 0.322581 0.096774
vt 0.322581 0.129032
vt 0.322581 0.161290
vt 0.322581 0.193548
vt 0.322581 0.225806
vt 0.322581 0.258065
vt 0.322581 0.290323
vt 0.322581 0.322581
vt 0.322581 0.354839
vt 0.322581 0.387097
vt 0.322581 0.419355
vt 0.322581 0.451613
vt 0.322581 0.483871
vt 0.322581 0.516129
vt 0.322581 0.548387
vt 0.322581 0.580645
vt 0.322581 0.612903
vt 0.322581 0.645161
vt 0.322581 0.677419
vt 0.322581 0.709677
vt 0.322581 0.741935
vt 0.322581 0.774194
vt 0.322581 0.806452
vt 0.322581 0.838710
vt 0.322581 0.870968
vt 0.322581 0.903226
vt 0.322581 0.935484
vt 0.354839 0.032258
vt 0.354839 0.064516
vt 0.354839 0.096774
vt 0.354839 0.129032
vt 0.354839 0.161290
vt 0.354839 0.193548
vt 0.354839 0.225806
vt 0.354839 0.258065
vt 0.354839 0.290323
vt 0.354839 0.322581
vt 0.354839 0.354839
vt 0.354839 0.387097
vt 0.354839 0.419355
vt 0.354839 0.451613
vt 0.354839 0.483871
vt 0.354839 0.516129
vt 0.354839 0.548387
vt 0.354839 0.580645
vt 0.354839 0.612903
vt 0.354839 0.645161
vt 0.354839 0.677419
vt 0.354839 0.709677
vt 0.354839 0.741935
vt 0.354839 0.774194
vt 0.354839 0.806452
vt 0.354839 0.838710
vt 0.354839 0.870968
vt 0.354839 0.903226
vt 0.354839 0.935484
vt 0.387097 0.032258
vt 0.387097 0.064516
vt 0.387097 0.096774
vt 0.387097 0.129032
vt 0.387097 0.161290
vt 0.387097 0.193548
vt 0.387097 0.225806
vt 0.387097 0.258065
vt 0.387097 0.290323
vt 0.387097 0.322581
vt 0.387097 0.354839
vt 0.387097 0.387097
vt 0.387097 0.419355
vt 0.387097 0.451613
vt 0.387097 0.483871
vt 0.387097 0.516129
vt 0.387097 0.548387
vt 0.387097 0.580645
vt 0.387097 0.612903
vt 0.387097 0.645161
vt 0.387097 0.677419
vt 0.387097 0.709677
vt 0.387097 0.741935
vt 0.387097 0.774194
vt 0.387097 0.806452
vt 0.387097 0.838710
vt 0.387097 0.870968
vt 0.387097 0.903226
vt 0.387097 0.935484
vt 0.419355 0.032258
vt 0.419355 0.064516
vt 0.419355 0.096774
vt 0.419355 0.129032
vt 0.419355 0.161290
vt 0.419355 0.193548
vt 0.419355 0.225806
vt 0.419355 0.258065
vt 0.419355 0.290323
vt 0.419355 0.322581
vt 0.419355 0.354839
vt 0.419355 0.387097
vt 0.419355 0.419355
vt 0.419355 0.451613
vt 0.419355 0.483871
vt 0.419355 0.516129
vt 0.419355 0.548387
vt 0.419355 0.580645
vt 0.419355 0.612903
vt 0.419355 0.645161
vt 0.419355 0.677419
vt 0.419355 0.709677
vt 0.419355 0.741935
vt 0.419355 0.774194
vt 0.419355 0.806452
vt 0.419355 0.838710
vt 0.419355 0.870968
vt 0.419355 0.903226
vt 0.419355 0.935484
vt 0.451613 0.032258
vt 0.451613 0.064516
vt 0.451613 0.096774
vt 0.451613 0.129032
vt 0.451613 0.161290
vt 0.451613 0.193548
vt 0.451613 0.225806
vt 0.451613 0.258065
vt 0.451613 0.290323
vt 0.451613 0.322581
vt 0.451613 0.354839
vt 0.451613 0.387097
vt 0.451613 0.419355
vt 0.451613 0.451613
vt 0.451613 0.483871
vt 0.451613 0.516129
vt 0.451613 0.548387
vt 0.451613 0.580645
vt 0.451613 0.612903
vt 0.451613 0.645161
vt 0.451613 0.677419
vt 0.451613 0.709677
vt 0.451613 0.741935
vt 0.451613 0.774194
vt 0.451613 0.806452
vt 0.451613 0.838710
vt 0.451613 0.870968
vt 0.451613 0.903226
vt 0.451613 0.935484
vt 0.483871 0.032258
vt 0.483871 0.064516
vt 0.483871 0.096774
vt 0.483871 0.129032
vt 0.483871 0.161290
vt 0.483871 0.193548
vt 0.483871 0.225806
vt 0.483871 0.258065
vt 0.483871 0.290323
vt 0.483871 0.322581
vt 0.483871 0.354839
vt 0.483871 0.387097
vt 0.483871 0.419355
vt 0.483871 0.451613
vt 0.483871 0.483871
vt 0.483871 0.516129
vt 0.483871 0.548387
vt 0.483871 0.580645
vt 0.483871 0.612903
vt 0.483871 0.645161
vt 0.483871 0.677419
vt 0.483871 0.709677
vt 0.483871 0.741935
vt 0.483871 0.774194
vt 0.483871 0.806452
vt 0.483871 0.838710
vt 0.483871 0.870968
vt 0.483871 0.903226
vt 0.483871 0.935484
vt 0.516129 0.032258
vt 0.516129 0.064516
vt 0.516129 0.096774
vt 0.516129 0.129032
vt 0.516129 0.161290
vt 0.516129 0.193548
vt 0.516129 0.225806
vt 0.516129 0.258065
vt 0.516129 0.290323
vt 0.516129 0.322581
vt 0.516129 0.354839
vt 0.516129 0.387097
vt 0.516129 0.419355
vt 0.516129 0.451613
vt 0.516129 0.483871
vt 0.516129 0.516129
vt 0.516129 0.548387
vt 0.516129 0.580645
vt 0.516129 0.612903
vt 0.516129 0.645161
vt 0.516129 0.677419
vt 0.516129 0.709677
vt 0.516129 0.741935
vt 0.516129 0.774194
vt 0.516129 0.806452
vt 0.516129 0.838710
vt 0.516129 0.870968
vt 0.516129 0.903226
vt 0.516129 0.935484
vt 0.548387 0.032258
vt 0.548387 0.064516
vt 0.548387 0.096774
vt 0.548387 0.129032
vt 0.548387 0.161290
vt 0.548387 0.193548
vt 0.548387 0.225806
vt 0.548387 0.258065
vt 0.548387 0.290323
vt 0.548387 0.322581
vt 0.548387 0.354839
vt 0.548387 0.387097
vt 0.548387 0.419355
vt 0.548387 0.451613
vt 0.548387 0.483871
vt 0.548387 0.516129
vt 0.548387 0.548387
vt 0.548387 0.580645
vt 0.548387 0.612903
vt 0.548387 0.645161
vt 0.548387 0.677419
vt 0.548387 0.709677
vt 0.548387 0.741935
vt 0.548387 0.774194
vt 0.548387 0.806452
vt 0.548387 0.838710
vt 0.548387 0.870968
vt 0.548387 0.903226
vt 0.548387 0.935484
vt 0.580645 0.032258
vt 0.580645 0.064516
vt 0.580645 0.096774
vt 0.580645 0.129032
vt 0.580645 0.161290
vt 0.580645 0.193548
vt 0.580645 0.225806
vt 0.580645 0.258065
vt 0.580645 0.290323
vt 0.580645 0.322581
vt 0.580645 0.354839
vt 0.580645 0.387097
vt 0.580645 0.419355
vt 0.580645 0.451613
vt 0.580645 0.483871
vt 0.580645 0.516129
vt 0.580645 0.548387
vt 0.580645 0.580645
vt 0.580645 0.612903
vt 0.580645 0.645161
vt 0.580645 0.677419
vt 0.580645 0.709677
vt 0.580645 0.741935
vt 0.580645 0.774194
vt 0.580645 0.806452
vt 0.580645 0.838710
vt 0.580645 0.870968
vt 0.580645 0.903226
vt 0.580645 0.935484
vt 0.612903 0.032258
vt 0.612903 0.064516
vt 0.612903 0.096774
vt 0.612903 0.129032
vt 0.612903 0.161290
vt 0.612903 0.193548
vt 0.612903 0.225806
vt 0.612903 0.258065
vt 0.612903 0.290323
vt 0.612903 0.322581
vt 0.612903 0.354839
vt 0.612903 0.387097
vt 0.612903 0.419355
vt 0.612903 0.451613
vt 0.612903 0.483871
vt 0.612903 0.516129
vt 0.612903 0.548387
vt 0.612903 0.580645
vt 0.612903 0.612903
vt 0.612903 0.645161
vt 0.612903 0.677419
vt 0.612903 0.709677
vt 0.612903 0.741935
vt 0.612903 0.774194
vt 0.612903 0.806452
vt 0.612903 0.838710
vt 0.612903 0.870968
vt 0.612903 0.903226
vt 0.612903 0.935484
vt 0.645161 0.032258
vt 0.645161 0.064516
vt 0.645161 0.096774
vt 0.645161 0.129032
vt 0.645161 0.161290
vt 0.645161 0.193548
vt 0.645161 0.225806
vt 0.645161 0.258065
vt 0.645161 0.290323
vt 0.645161 0.322581
vt 0.645161 0.354839
vt 0.645161 0.387097
vt 0.645161 0.419355
vt 0.645161 0.451613
vt 0.645161 0.483871
vt 0.645161 0.516129
vt 0.645161 0.548387
vt 0.645161 0.580645
vt 0.645161 0.612903
vt 0.645161 0.645161
vt 0.645161 0.677419
vt 0.645161 0.709677
vt 0.645161 0.741935
vt 0.645161 0.774194
vt 0.645161 0.806452
vt 0.645161 0.838710
vt 0.645161 0.870968
vt 0.645161 0.903226
vt 0.645161 0.935484
vt 0.677419 0.032258
vt 0.677419 0.064516
vt 0.677419 0.096774
vt 0.677419 0.129032
vt 0.677419 0.161290
vt 0.677419 0.193548
vt 0.677419 0.225806
vt 0.677419 0.258065
vt 0.677419 0.290323
vt 0.677419 0.322581
vt 0.677419 0.354839
vt 0.677419 0.387097
vt 0.677419 0.419355
vt 0.677419 0.451613
vt 0.677419 0.483871
vt 0.677419 0.516129
vt 0.677419 0.548387
vt 0.677419 0.580645
vt 0.677419 0.612903
vt 0.677419 0.645161
vt 0.677419 0.677419
vt 0.677419 0.709677
vt 0.677419 0.741935
vt 0.677419 0.774194
vt 0.677419 0.806452
vt 0.677419 0.838710
vt 0.677419 0.870968
vt 0.677419 0.903226
vt 0.677419 0.935484
vt 0.709677 0.032258
vt 0.709677 0.064516
vt 0.709677 0.096774
vt 0.709677 0.129032
vt 0.709677 0.161290
vt 0.709677 0.193548
vt 0.709677 0.225806
vt 0.709677 0.258065
vt 0.709677 0.290323
vt 0.709677 0.322581
vt 0.709677 0.354839
vt 0.709677 0.387097
vt 0.709677 0.419355
vt 0.709677 0.451613
vt 0.709677 0.483871
vt 0.709677 0.516129
vt 0.709677 0.548387
vt 0.709677 0.580645
vt 0.709677 0.612903
vt 0.709677 0.645161
vt 0.709677 0.677419
vt 0.709677 0.709677
vt 0.709677 0.741935
vt 0.709677 0.774194
vt 0.709677 0.806452
vt 0.709677 0.838710
vt 0.709677 0.870968
vt 0.709677 0.903226
vt 0.709677 0.935484
vt 0.741936 0.032258
vt 0.741935 0.064516
vt 0.741935 0.096774
vt 0.741936 0.129032
vt 0.741936 0.161290
vt 0.741936 0.193548
vt 0.741935 0.225806
vt 0.741935 0.258065
vt 0.741935 0.290323
vt 0.741935 0.322581
vt 0.741935 0.354839
vt 0.741935 0.387097
vt 0.741935 0.419355
vt 0.741935 0.451613
vt 0.741935 0.483871
vt 0.741935 0.516129
vt 0.741935 0.548387
vt 0.741935 0.580645
vt 0.741935 0.612903
vt 0.741935 0.645161
vt 0.741935 0.677419
vt 0.741935 0.709677
vt 0.741935 0.741935
vt 0.741935 0.774194
vt 0.741935 0.806452
vt 0.741935 0.838710
vt 0.741935 0.870968
vt 0.741935 0.903226
vt 0.741935 0.935484
vt 0.774194 0.032258
vt 0.774193 0.064516
vt 0.774193 0.096774
vt 0.774193 0.129032
vt 0.774193 0.161290
vt 0.774193 0.193548
vt 0.774193 0.225806
vt 0.774193 0.258065
vt 0.774193 0.290323
vt 0.774193 0.322581
vt 0.774193 0.354839
vt 0.774193 0.387097
vt 0.774193 0.419355
vt 0.774193 0.451613
vt 0.774193 0.483871
vt 0.774193 0.516129
vt 0.774193 0.548387
vt 0.774193 0.580645
vt 0.774193 0.612903
vt 0.774193 0.645161
vt 0.774193 0.677419
vt 0.774193 0.709677
vt 0.774193 0.741935
vt 0.774193 0.774194
vt 0.774193 0.806452
vt 0.774193 0.838710
vt 0.774194 0.870968
vt 0.774194 0.903226
vt 0.774193 0.935484
vt 0.806452 0.032258
vt 0.806452 0.064516
vt 0.806452 0.096774
vt 0.806452 0.129032
vt 0.806452 0.161290
vt 0.806452 0.193548
vt 0.806452 0.225806
vt 0.806452 0.258065
vt 0.806452 0.290323
vt 0.806452 0.322581
vt 0.806452 0.354839
vt 0.806452 0.387097
vt 0.806452 0.419355
vt 0.806451 0.451613
vt 0.806451 0.483871
vt 0.806451 0.516129
vt 0.806451 0.548387
vt 0.806451 0.580645
vt 0.806451 0.612903
vt 0.806451 0.645161
vt 0.806451 0.677419
vt 0.806451 0.709677
vt 0.806452 0.741935
vt 0.806452 0.774194
vt 0.806452 0.806452
vt 0.806452 0.838710
vt 0.806452 0.870968
vt 0.806452 0.903226
vt 0.806452 0.935484
vt 0.838710 0.032258
vt 0.838710 0.064516
vt 0.838710 0.096774
vt 0.838710 0.129032
vt 0.838710 0.161290
vt 0.838710 0.193548
vt 0.838710 0.225806
vt 0.838710 0.258065
vt 0.838710 0.290323
vt 0.838710 0.322581
vt 0.838710 0.354839
vt 0.838710 0.387097
vt 0.838710 0.419355
vt 0.838710 0.451613
vt 0.838710 0.483871
vt 0.838710 0.516129
vt 0.838710 0.548387
vt 0.838710 0.580645
vt 0.838710 0.612903
vt 0.838710 0.645161
vt 0.838710 0.677419
vt 0.838710 0.709677
vt 0.838710 0.741935
vt 0.838710 0.774194
vt 0.838710 0.806452
vt 0.838710 0.838710
vt 0.838710 0.870968
vt 0.838710 0.903226
vt 0.838710 0.935484
vt 0.870968 0.032258
vt 0.870968 0.064516
vt 0.870968 0.096774
vt 0.870968 0.129032
vt 0.870968 0.161290
vt 0.870968 0.193548
vt 0.870968 0.225806
vt 0.870968 0.258065
vt 0.870968 0.290323
vt 0.870968 0.322581
vt 0.870968 0.354839
vt 0.870968 0.387097
vt 0.870968 0.419355
vt 0.870968 0.451613
vt 0.870968 0.483871
vt 0.870968 0.516129
vt 0.870968 0.548387
vt 0.870968 0.580645
vt 0.870968 0.612903
vt 0.870968 0.645161
vt 0.870968 0.677419
vt 0.870968 0.709677
vt 0.870968 0.741935
vt 0.870968 0.774194
vt 0.870968 0.806452
vt 0.870968 0.838710
vt 0.870968 0.870968
vt 0.870968 0.903226
vt 0.870968 0.935484
vt 0.903226 0.032258
vt 0.903226 0.064516
vt 0.903226 0.096774
vt 0.903226 0.129032
vt 0.903226 0.161290
vt 0.903226 0.193548
vt 0.903226 0.225806
vt 0.903226 0.258065
vt 0.903226 0.290323
vt 0.903226 0.322581
vt 0.903226 0.354839
vt 0.903226 0.387097
vt 0.903226 0.419355
vt 0.903226 0.451613
vt 0.903226 0.483871
vt 0.903226 0.516129
vt 0.903226 0.548387
vt 0.903226 0.580645
vt 0.903226 0.612903
vt 0.903226 0.645161
vt 0.903226 0.677419
vt 0.903226 0.709677
vt 0.903226 0.741935
vt 0.903226 0.774194
vt 0.903226 0.806452
vt 0.903226 0.838710
vt 0.903226 0.870968
vt 0.903226 0.903226
vt 0.903226 0.935484
vt 0.935484 0.032258
vt 0.935484 0.064516
vt 0.935484 0.096774
vt 0.935484 0.129032
vt 0.935484 0.161290
vt 0.935484 0.193548
vt 0.935484 0.225806
vt 0.935484 0.258065
vt 0.935484 0.290323
vt 0.935484 0.322581
vt 0.935484 0.354839
vt 0.935484 0.387097
vt 0.935484 0.419355
vt 0.935484 0.451613
vt 0.935484 0.483871
vt 0.935484 0.516129
vt 0.935484 0.548387
vt 0.935484 0.580645
vt 0.935484 0.612903
vt 0.935484 0.645161
vt 0.935484 0.677419
vt 0.935484 0.709677
vt 0.935484 0.741935
vt 0.935484 0.774194
vt 0.935484 0.806452
vt 0.935484 0.838710
vt 0.935484 0.870968
vt 0.935484 0.903226
vt 0.935484 0.935484
vt 0.967742 0.032258
vt 0.967742 0.064516
vt 0.967742 0.096774
vt 0.967742 0.129032
vt 0.967742 0.161290
vt 0.967742 0.193548
vt 0.967742 0.225806
vt 0.967742 0.258065
vt 0.967742 0.290323
vt 0.967742 0.322581
vt 0.967742 0.354839
vt 0.967742 0.387097
vt 0.967742 0.419355
vt 0.967742 0.451613
vt 0.967742 0.483871
vt 0.967742 0.516129
vt 0.967742 0.548387
vt 0.967742 0.580645
vt 0.967742 0.612903
vt 0.967742 0.645161
vt 0.967742 0.677419
vt 0.967742 0.709677
vt 0.967742 0.741935
vt 0.967742 0.774194
vt 0.967742 0.806452
vt 0.967742 0.838710
vt 0.967742 0.870968
vt 0.967742 0.903226
vt 0.967742 0.935484
vt 1.000000 0.500000
vt 0.857143 0.500000
vt 0.857143 1.000000
vt 1.000000 1.000000
vt 0.714286 0.500000
vt 0.714286 1.000000
vt 0.571429 0.500000
vt 0.571429 1.000000
vt 0.428571 0.500000
vt 0.428571 1.000000
vt 0.285714 0.500000
vt 0.285714 1.000000
vt 0.437640 0.399638
vt 0.483983 0.196595
vt 0.354132 0.033767
vt 0.145868 0.033767
vt 0.016017 0.196595
vt 0.062360 0.399638
vt 0.250000 0.490000
vt 0.142857 0.500000
vt 0.142857 1.000000
vt 0.000000 0.500000
vt 0.000000 1.000000
vt 0.750000 0.490000
vt 0.562360 0.399638
vt 0.516017 0.196595
vt 0.645868 0.033767
vt 0.854132 0.033767
vt 0.983983 0.196595
vt 0.937640 0.399638
vn 0.1585 0.9874 0.0000
vn 0.1460 0.6882 -0.7107
vn -0.5291 0.6234 -0.5757
vn -0.6487 0.7610 0.0000
vn -0.1585 -0.9874 -0.0000
vn -0.7610 -0.6487 -0.0000
vn -0.6107 -0.5249 -0.5928
vn -0.0708 -0.6941 -0.7164
vn 1.0000 0.0000 0.0000
vn 0.7071 -0.7071 -0.0000
vn 0.5416 -0.5723 -0.6158
vn 0.6596 -0.0027 -0.7516
vn 0.0000 0.0000 1.0000
vn 0.0000 -0.7071 0.7071
vn 0.5774 -0.5774 0.5774
vn 0.7071 0.0000 0.7071
vn -1.0000 0.0000 0.0000
vn -0.6519 -0.5301 0.5422
vn -0.7518 0.0015 0.6594
vn 0.0534 0.0007 -0.9986
vn -0.7000 0.0000 -0.7142
vn -0.1030 -0.7062 -0.7005
vn -0.1455 -0.0062 -0.9893
vn -0.1175 -0.7086 -0.6957
vn -0.1666 -0.0083 -0.9860
vn -0.1187 -0.7113 -0.6928
vn -0.1689 -0.0097 -0.9856
vn -0.0923 -0.7095 -0.6986
vn -0.1526 -0.0119 -0.9882
vn -0.0244 -0.7086 -0.7052
vn -0.1177 -0.0115 -0.9930
vn 0.0553 -0.7075 -0.7046
vn -0.0650 -0.0048 -0.9979
vn 0.1017 -0.7008 -0.7060
vn -0.0176 0.0029 -0.9998
vn 0.1135 -0.7037 -0.7014
vn 0.0168 0.0079 -0.9998
vn 0.1076 -0.7126 -0.6933
vn 0.0649 0.0131 -0.9978
vn 0.0992 -0.7111 -0.6961
vn 0.1175 0.0156 -0.9929
vn 0.0878 -0.7122 -0.6965
vn 0.1525 0.0126 -0.9882
vn 0.0541 -0.7156 -0.6964
vn 0.1690 0.0088 -0.9856
vn 0.0169 -0.7102 -0.7038
vn 0.1668 0.0035 -0.9860
vn 0.0062 -0.6688 -0.7435
vn 0.0722 -0.0007 -0.9974
vn -0.0212 -0.6730 -0.7394
vn -0.0925 -0.0023 -0.9957
vn -0.0213 -0.7114 -0.7025
vn -0.1733 0.0013 -0.9849
vn -0.0582 -0.7168 -0.6949
vn -0.1751 0.0053 -0.9845
vn -0.0917 -0.7139 -0.6942
vn -0.1585 0.0077 -0.9873
vn -0.1027 -0.7129 -0.6937
vn -0.1230 0.0091 -0.9924
vn -0.1097 -0.7149 -0.6906
vn -0.0685 0.0068 -0.9976
vn -0.1143 -0.7067 -0.6983
vn -0.0183 0.0026 -0.9998
vn -0.0419 -0.6909 -0.7218
vn 0.0183 0.0000 -0.9998
vn 0.1079 -0.6906 -0.7151
vn 0.0686 0.0024 -0.9976
vn 0.1862 -0.7004 -0.6891
vn 0.1230 0.0086 -0.9924
vn 0.1698 -0.7065 -0.6870
vn 0.1584 0.0129 -0.9873
vn 0.1388 -0.7078 -0.6927
vn 0.1747 0.0138 -0.9845
vn 0.1027 -0.7086 -0.6980
vn 0.1726 0.0113 -0.9849
vn 0.0438 -0.7112 -0.7016
vn 0.1517 0.0076 -0.9884
vn -0.0197 -0.7032 -0.7107
vn 0.1116 0.0033 -0.9937
vn 0.5417 0.5682 -0.6194
vn 0.6594 -0.0053 -0.7518
vn -0.1452 -0.0085 -0.9894
vn -0.1036 0.7008 -0.7058
vn 0.6593 -0.0057 -0.7519
vn -0.1453 -0.0083 -0.9894
vn 0.6598 -0.0060 -0.7514
vn 0.6597 -0.0045 -0.7515
vn -0.1453 -0.0082 -0.9894
vn 0.6594 -0.0046 -0.7518
vn -0.1453 -0.0078 -0.9894
vn 0.6595 -0.0045 -0.7517
vn -0.1453 -0.0073 -0.9894
vn 0.6595 -0.0040 -0.7517
vn -0.1453 -0.0072 -0.9894
vn 0.6595 -0.0050 -0.7516
vn -0.1453 -0.0079 -0.9894
vn 0.6597 -0.0054 -0.7515
vn -0.1453 -0.0067 -0.9894
vn 0.6595 -0.0043 -0.7517
vn -0.1453 -0.0077 -0.9894
vn 0.6596 -0.0046 -0.7516
vn -0.1453 -0.0074 -0.9894
vn 0.6598 -0.0037 -0.7514
vn -0.1454 -0.0066 -0.9893
vn 0.6589 -0.0043 -0.7522
vn -0.1454 -0.0072 -0.9893
vn 0.6598 -0.0053 -0.7514
vn -0.1454 -0.0076 -0.9893
vn 0.6607 -0.0037 -0.7506
vn -0.1454 -0.0077 -0.9893
vn 0.6592 -0.0039 -0.7520
vn -0.1454 -0.0073 -0.9893
vn 0.6597 -0.0043 -0.7515
vn -0.1454 -0.0064 -0.9894
vn 0.6594 -0.0041 -0.7518
vn -0.1454 -0.0063 -0.9894
vn 0.6598 -0.0048 -0.7514
vn -0.1454 -0.0069 -0.9893
vn 0.6589 -0.0041 -0.7522
vn -0.1454 -0.0067 -0.9893
vn 0.6601 -0.0035 -0.7512
vn -0.1454 -0.0060 -0.9894
vn 0.6594 -0.0034 -0.7518
vn -0.1454 -0.0061 -0.9894
vn 0.6593 -0.0046 -0.7519
vn -0.1454 -0.0075 -0.9893
vn 0.6598 -0.0043 -0.7514
vn -0.1455 -0.0063 -0.9893
vn 0.6592 -0.0034 -0.7519
vn -0.1455 -0.0061 -0.9893
vn 0.6596 -0.0039 -0.7516
vn -0.1455 -0.0064 -0.9893
vn -0.1455 -0.0066 -0.9893
vn 0.6594 -0.0043 -0.7518
vn -0.1664 -0.0115 -0.9860
vn -0.1184 0.7023 -0.7019
vn -0.1664 -0.0111 -0.9860
vn -0.1664 -0.0101 -0.9860
vn -0.1664 -0.0107 -0.9860
vn -0.1664 -0.0109 -0.9860
vn -0.1664 -0.0102 -0.9860
vn -0.1664 -0.0097 -0.9860
vn -0.1664 -0.0114 -0.9860
vn -0.1665 -0.0088 -0.9860
vn -0.1665 -0.0100 -0.9860
vn -0.1665 -0.0090 -0.9860
vn -0.1665 -0.0104 -0.9860
vn -0.1665 -0.0098 -0.9860
vn -0.1665 -0.0096 -0.9860
vn -0.1665 -0.0089 -0.9860
vn -0.1665 -0.0091 -0.9860
vn -0.1665 -0.0093 -0.9860
vn -0.1665 -0.0097 -0.9860
vn -0.1665 -0.0086 -0.9860
vn -0.1665 -0.0078 -0.9860
vn -0.1665 -0.0080 -0.9860
vn -0.1666 -0.0085 -0.9860
vn -0.1687 -0.0151 -0.9856
vn -0.1199 0.7030 -0.7010
vn -0.1686 -0.0149 -0.9856
vn -0.1687 -0.0135 -0.9856
vn -0.1687 -0.0128 -0.9856
vn -0.1687 -0.0140 -0.9856
vn -0.1687 -0.0131 -0.9856
vn -0.1687 -0.0127 -0.9856
vn -0.1687 -0.0141 -0.9856
vn -0.1687 -0.0126 -0.9856
vn -0.1687 -0.0129 -0.9856
vn -0.1687 -0.0125 -0.9856
vn -0.1688 -0.0120 -0.9856
vn -0.1688 -0.0126 -0.9856
vn -0.1688 -0.0117 -0.9856
vn -0.1688 -0.0115 -0.9856
vn -0.1688 -0.0125 -0.9856
vn -0.1688 -0.0110 -0.9856
vn -0.1688 -0.0119 -0.9856
vn -0.1688 -0.0116 -0.9856
vn -0.1689 -0.0099 -0.9856
vn -0.1689 -0.0103 -0.9856
vn -0.1689 -0.0106 -0.9856
vn -0.1524 -0.0165 -0.9882
vn -0.1232 0.7080 -0.6954
vn -0.1523 -0.0156 -0.9882
vn -0.1524 -0.0152 -0.9882
vn -0.1524 -0.0158 -0.9882
vn -0.1524 -0.0160 -0.9882
vn -0.1525 -0.0153 -0.9882
vn -0.1524 -0.0151 -0.9882
vn -0.1524 -0.0146 -0.9882
vn -0.1524 -0.0157 -0.9882
vn -0.1524 -0.0149 -0.9882
vn -0.1525 -0.0144 -0.9882
vn -0.1524 -0.0147 -0.9882
vn -0.1525 -0.0151 -0.9882
vn -0.1525 -0.0141 -0.9882
vn -0.1525 -0.0131 -0.9882
vn -0.1525 -0.0143 -0.9882
vn -0.1525 -0.0142 -0.9882
vn -0.1525 -0.0140 -0.9882
vn -0.1525 -0.0135 -0.9882
vn -0.1525 -0.0130 -0.9882
vn -0.1525 -0.0114 -0.9882
vn -0.1525 -0.0129 -0.9882
vn -0.1525 -0.0136 -0.9882
vn -0.1525 -0.0125 -0.9882
vn -0.1526 -0.0114 -0.9882
vn -0.1526 -0.0118 -0.9882
vn -0.1176 -0.0151 -0.9929
vn -0.1424 0.7085 -0.6912
vn -0.1175 -0.0147 -0.9930
vn -0.1176 -0.0141 -0.9930
vn -0.1176 -0.0152 -0.9929
vn -0.1175 -0.0160 -0.9929
vn -0.1176 -0.0140 -0.9930
vn -0.1175 -0.0141 -0.9930
vn -0.1176 -0.0142 -0.9930
vn -0.1175 -0.0148 -0.9930
vn -0.1176 -0.0136 -0.9930
vn -0.1176 -0.0127 -0.9930
vn -0.1176 -0.0128 -0.9930
vn -0.1175 -0.0116 -0.9930
vn -0.1176 -0.0123 -0.9930
vn -0.1176 -0.0131 -0.9930
vn -0.1176 -0.0126 -0.9930
vn -0.1176 -0.0111 -0.9930
vn -0.1176 -0.0121 -0.9930
vn -0.1177 -0.0125 -0.9930
vn -0.1176 -0.0110 -0.9930
vn -0.1177 -0.0109 -0.9930
vn -0.1176 -0.0115 -0.9930
vn -0.1176 -0.0108 -0.9930
vn -0.1176 -0.0098 -0.9930
vn -0.1177 -0.0105 -0.9930
vn -0.0650 -0.0096 -0.9978
vn -0.1474 0.7039 -0.6949
vn -0.0648 -0.0102 -0.9978
vn -0.0650 -0.0090 -0.9978
vn -0.0650 -0.0088 -0.9978
vn -0.0649 -0.0090 -0.9979
vn -0.0649 -0.0088 -0.9979
vn -0.0650 -0.0077 -0.9979
vn -0.0650 -0.0080 -0.9979
vn -0.0648 -0.0090 -0.9979
vn -0.0649 -0.0081 -0.9979
vn -0.0650 -0.0070 -0.9979
vn -0.0650 -0.0075 -0.9979
vn -0.0650 -0.0082 -0.9979
vn -0.0649 -0.0070 -0.9979
vn -0.0651 -0.0064 -0.9979
vn -0.0650 -0.0060 -0.9979
vn -0.0650 -0.0058 -0.9979
vn -0.0650 -0.0062 -0.9979
vn -0.0649 -0.0055 -0.9979
vn -0.0650 -0.0054 -0.9979
vn -0.0649 -0.0056 -0.9979
vn -0.0651 -0.0043 -0.9979
vn -0.0651 -0.0042 -0.9979
vn -0.0649 -0.0051 -0.9979
vn -0.0649 -0.0053 -0.9979
vn -0.0650 -0.0037 -0.9979
vn -0.0650 -0.0041 -0.9979
vn -0.0172 -0.0025 -0.9998
vn -0.1260 0.7001 -0.7029
vn -0.0172 -0.0026 -0.9998
vn -0.0173 -0.0009 -0.9999
vn -0.0173 -0.0015 -0.9998
vn -0.0172 -0.0020 -0.9998
vn -0.0173 -0.0014 -0.9998
vn -0.0174 -0.0011 -0.9998
vn -0.0173 -0.0017 -0.9998
vn -0.0174 -0.0002 -0.9998
vn -0.0175 0.0010 -0.9998
vn -0.0176 0.0009 -0.9998
vn -0.0175 -0.0006 -0.9998
vn -0.0174 -0.0009 -0.9998
vn -0.0174 -0.0004 -0.9998
vn -0.0175 0.0006 -0.9998
vn -0.0175 0.0015 -0.9998
vn -0.0175 0.0016 -0.9998
vn -0.0174 0.0007 -0.9998
vn -0.0175 0.0011 -0.9998
vn -0.0177 0.0023 -0.9998
vn -0.0176 0.0014 -0.9998
vn -0.0176 0.0025 -0.9998
vn -0.0178 0.0032 -0.9998
vn -0.0176 0.0020 -0.9998
vn -0.0177 0.0026 -0.9998
vn -0.0176 0.0031 -0.9998
vn -0.0177 0.0041 -0.9998
vn 0.0172 0.0010 -0.9999
vn -0.0882 0.7015 -0.7072
vn 0.0171 0.0026 -0.9998
vn 0.0171 0.0030 -0.9998
vn 0.0172 0.0032 -0.9998
vn 0.0172 0.0037 -0.9998
vn 0.0172 0.0022 -0.9998
vn 0.0171 0.0031 -0.9998
vn 0.0171 0.0036 -0.9998
vn 0.0173 0.0030 -0.9998
vn 0.0171 0.0047 -0.9998
vn 0.0168 0.0060 -0.9998
vn 0.0170 0.0046 -0.9998
vn 0.0170 0.0040 -0.9998
vn 0.0172 0.0041 -0.9998
vn 0.0170 0.0050 -0.9998
vn 0.0168 0.0052 -0.9998
vn 0.0168 0.0061 -0.9998
vn 0.0169 0.0059 -0.9998
vn 0.0170 0.0057 -0.9998
vn 0.0169 0.0061 -0.9998
vn 0.0168 0.0066 -0.9998
vn 0.0168 0.0075 -0.9998
vn 0.0168 0.0068 -0.9998
vn 0.0167 0.0069 -0.9998
vn 0.0168 0.0078 -0.9998
vn 0.0167 0.0085 -0.9998
vn 0.0167 0.0065 -0.9998
vn 0.0650 0.0063 -0.9979
vn -0.0147 0.7071 -0.7070
vn 0.0649 0.0072 -0.9979
vn 0.0650 0.0078 -0.9979
vn 0.0650 0.0083 -0.9978
vn 0.0650 0.0076 -0.9979
vn 0.0650 0.0075 -0.9979
vn 0.0649 0.0074 -0.9979
vn 0.0650 0.0084 -0.9979
vn 0.0650 0.0079 -0.9979
vn 0.0649 0.0081 -0.9979
vn 0.0649 0.0092 -0.9978
vn 0.0650 0.0085 -0.9979
vn 0.0649 0.0089 -0.9978
vn 0.0650 0.0103 -0.9978
vn 0.0650 0.0093 -0.9978
vn 0.0649 0.0100 -0.9978
vn 0.0649 0.0099 -0.9978
vn 0.0649 0.0104 -0.9978
vn 0.0649 0.0107 -0.9978
vn 0.0649 0.0106 -0.9978
vn 0.0649 0.0111 -0.9978
vn 0.0649 0.0110 -0.9978
vn 0.0649 0.0115 -0.9978
vn 0.0649 0.0113 -0.9978
vn 0.0649 0.0117 -0.9978
vn 0.0649 0.0118 -0.9978
vn 0.0649 0.0116 -0.9978
vn 0.0648 0.0127 -0.9978
vn 0.1177 0.0089 -0.9930
vn 0.0667 0.7100 -0.7010
vn 0.1176 0.0096 -0.9930
vn 0.1177 0.0101 -0.9930
vn 0.1177 0.0104 -0.9930
vn 0.1176 0.0108 -0.9930
vn 0.1176 0.0104 -0.9930
vn 0.1176 0.0103 -0.9930
vn 0.1176 0.0111 -0.9930
vn 0.1176 0.0119 -0.9930
vn 0.1176 0.0106 -0.9930
vn 0.1176 0.0122 -0.9930
vn 0.1176 0.0125 -0.9930
vn 0.1176 0.0116 -0.9930
vn 0.1176 0.0127 -0.9930
vn 0.1176 0.0128 -0.9930
vn 0.1176 0.0135 -0.9930
vn 0.1176 0.0131 -0.9930
vn 0.1176 0.0140 -0.9930
vn 0.1176 0.0143 -0.9930
vn 0.1176 0.0138 -0.9930
vn 0.1176 0.0142 -0.9930
vn 0.1176 0.0136 -0.9930
vn 0.1176 0.0153 -0.9929
vn 0.1527 0.0089 -0.9882
vn 0.1267 0.7064 -0.6963
vn 0.1527 0.0087 -0.9882
vn 0.1527 0.0081 -0.9882
vn 0.1527 0.0091 -0.9882
vn 0.1527 0.0093 -0.9882
vn 0.1527 0.0099 -0.9882
vn 0.1527 0.0098 -0.9882
vn 0.1526 0.0103 -0.9882
vn 0.1526 0.0098 -0.9882
vn 0.1526 0.0095 -0.9882
vn 0.1527 0.0115 -0.9882
vn 0.1526 0.0099 -0.9882
vn 0.1526 0.0111 -0.9882
vn 0.1526 0.0114 -0.9882
vn 0.1526 0.0116 -0.9882
vn 0.1526 0.0113 -0.9882
vn 0.1526 0.0118 -0.9882
vn 0.1526 0.0109 -0.9882
vn 0.1526 0.0124 -0.9882
vn 0.1526 0.0130 -0.9882
vn 0.1526 0.0119 -0.9882
vn 0.1525 0.0116 -0.9882
vn 0.1525 0.0132 -0.9882
vn 0.1525 0.0137 -0.9882
vn 0.1691 0.0054 -0.9856
vn 0.1821 0.6931 -0.6975
vn 0.1691 0.0050 -0.9856
vn 0.1690 0.0043 -0.9856
vn 0.1691 0.0052 -0.9856
vn 0.1691 0.0053 -0.9856
vn 0.1691 0.0060 -0.9856
vn 0.1691 0.0065 -0.9856
vn 0.1691 0.0062 -0.9856
vn 0.1690 0.0061 -0.9856
vn 0.1690 0.0054 -0.9856
vn 0.1690 0.0063 -0.9856
vn 0.1691 0.0082 -0.9856
vn 0.1690 0.0068 -0.9856
vn 0.1689 0.0049 -0.9856
vn 0.1692 0.0077 -0.9856
vn 0.1691 0.0070 -0.9856
vn 0.1690 0.0074 -0.9856
vn 0.1687 0.0077 -0.9856
vn 0.1690 0.0075 -0.9856
vn 0.1691 0.0076 -0.9856
vn 0.1690 0.0069 -0.9856
vn 0.1689 0.0074 -0.9856
vn 0.1691 0.0099 -0.9855
vn 0.1690 0.0082 -0.9856
vn 0.1690 0.0070 -0.9856
vn 0.1690 0.0086 -0.9856
vn 0.1689 0.0101 -0.9856
vn 0.1668 0.0009 -0.9860
vn 0.2158 0.6866 -0.6942
vn 0.1667 -0.0004 -0.9860
vn 0.1669 0.0006 -0.9860
vn 0.1669 0.0011 -0.9860
vn 0.1668 0.0005 -0.9860
vn 0.1669 0.0012 -0.9860
vn 0.1670 0.0011 -0.9860
vn 0.1668 0.0004 -0.9860
vn 0.1668 0.0010 -0.9860
vn 0.1667 -0.0000 -0.9860
vn 0.1668 0.0002 -0.9860
vn 0.1670 0.0030 -0.9860
vn 0.1667 0.0016 -0.9860
vn 0.1667 0.0006 -0.9860
vn 0.1670 0.0019 -0.9860
vn 0.1669 0.0026 -0.9860
vn 0.1668 0.0016 -0.9860
vn 0.1668 0.0028 -0.9860
vn 0.1667 0.0022 -0.9860
vn 0.1668 0.0024 -0.9860
vn 0.1668 0.0030 -0.9860
vn 0.1667 0.0018 -0.9860
vn 0.1667 0.0026 -0.9860
vn 0.1668 0.0031 -0.9860
vn 0.1669 0.0020 -0.9860
vn 0.1668 0.0027 -0.9860
vn 0.0723 -0.0036 -0.9974
vn 0.1012 0.7001 -0.7069
vn 0.0722 -0.0039 -0.9974
vn 0.0723 -0.0032 -0.9974
vn 0.0723 -0.0024 -0.9974
vn 0.0722 -0.0038 -0.9974
vn 0.0723 -0.0038 -0.9974
vn 0.0724 -0.0029 -0.9974
vn 0.0722 -0.0035 -0.9974
vn 0.0723 -0.0030 -0.9974
vn 0.0723 -0.0023 -0.9974
vn 0.0722 -0.0036 -0.9974
vn 0.0724 -0.0016 -0.9974
vn 0.0722 -0.0027 -0.9974
vn 0.0721 -0.0034 -0.9974
vn 0.0722 -0.0019 -0.9974
vn 0.0721 -0.0022 -0.9974
vn 0.0722 -0.0031 -0.9974
vn 0.0722 -0.0024 -0.9974
vn 0.0721 -0.0013 -0.9974
vn 0.0722 -0.0014 -0.9974
vn 0.0722 -0.0021 -0.9974
vn 0.0721 -0.0019 -0.9974
vn 0.0721 -0.0012 -0.9974
vn 0.0721 -0.0020 -0.9974
vn 0.0721 -0.0023 -0.9974
vn 0.0721 -0.0015 -0.9974
vn -0.0923 -0.0050 -0.9957
vn -0.1150 0.7016 -0.7032
vn -0.0924 -0.0043 -0.9957
vn -0.0924 -0.0051 -0.9957
vn -0.0924 -0.0044 -0.9957
vn -0.0923 -0.0044 -0.9957
vn -0.0924 -0.0041 -0.9957
vn -0.0925 -0.0050 -0.9957
vn -0.0926 -0.0043 -0.9957
vn -0.0925 -0.0040 -0.9957
vn -0.0925 -0.0047 -0.9957
vn -0.0926 -0.0026 -0.9957
vn -0.0925 -0.0033 -0.9957
vn -0.0925 -0.0044 -0.9957
vn -0.0924 -0.0038 -0.9957
vn -0.0924 -0.0035 -0.9957
vn -0.0926 -0.0040 -0.9957
vn -0.0925 -0.0026 -0.9957
vn -0.0925 -0.0029 -0.9957
vn -0.0925 -0.0035 -0.9957
vn -0.0925 -0.0031 -0.9957
vn -0.0924 -0.0032 -0.9957
vn -0.0926 -0.0029 -0.9957
vn -0.0925 -0.0022 -0.9957
vn -0.0925 -0.0032 -0.9957
vn -0.1729 -0.0026 -0.9849
vn -0.2205 0.6845 -0.6949
vn -0.1729 -0.0036 -0.9849
vn -0.1730 -0.0032 -0.9849
vn -0.1730 -0.0023 -0.9849
vn -0.1729 -0.0025 -0.9849
vn -0.1729 -0.0018 -0.9849
vn -0.1729 -0.0013 -0.9849
vn -0.1731 -0.0022 -0.9849
vn -0.1732 -0.0012 -0.9849
vn -0.1728 -0.0038 -0.9849
vn -0.1732 -0.0002 -0.9849
vn -0.1729 -0.0017 -0.9849
vn -0.1730 -0.0015 -0.9849
vn -0.1729 -0.0011 -0.9849
vn -0.1729 -0.0020 -0.9849
vn -0.1730 -0.0013 -0.9849
vn -0.1731 -0.0003 -0.9849
vn -0.1731 -0.0002 -0.9849
vn -0.1730 0.0000 -0.9849
vn -0.1730 -0.0004 -0.9849
vn -0.1730 -0.0010 -0.9849
vn -0.1729 -0.0007 -0.9849
vn -0.1731 -0.0004 -0.9849
vn -0.1731 -0.0001 -0.9849
vn -0.1731 0.0002 -0.9849
vn -0.1752 0.0012 -0.9845
vn -0.1869 0.6913 -0.6980
vn -0.1752 0.0017 -0.9845
vn -0.1751 0.0010 -0.9845
vn -0.1752 0.0013 -0.9845
vn -0.1752 0.0020 -0.9845
vn -0.1752 0.0032 -0.9845
vn -0.1752 0.0021 -0.9845
vn -0.1752 0.0026 -0.9845
vn -0.1752 0.0023 -0.9845
vn -0.1752 0.0022 -0.9845
vn -0.1751 0.0025 -0.9846
vn -0.1751 0.0026 -0.9845
vn -0.1751 0.0027 -0.9845
vn -0.1751 0.0029 -0.9845
vn -0.1752 0.0039 -0.9845
vn -0.1745 0.0038 -0.9847
vn -0.1751 0.0034 -0.9846
vn -0.1751 0.0045 -0.9845
vn -0.1751 0.0036 -0.9845
vn -0.1751 0.0040 -0.9845
vn -0.1752 0.0037 -0.9845
vn -0.1751 0.0048 -0.9845
vn -0.1751 0.0042 -0.9845
vn -0.1752 0.0040 -0.9845
vn -0.1752 0.0051 -0.9845
vn -0.1752 0.0056 -0.9845
vn -0.1586 0.0036 -0.9873
vn -0.1313 0.7042 -0.6978
vn -0.1586 0.0037 -0.9873
vn -0.1586 0.0038 -0.9873
vn -0.1586 0.0043 -0.9873
vn -0.1586 0.0045 -0.9873
vn -0.1586 0.0047 -0.9873
vn -0.1586 0.0058 -0.9873
vn -0.1586 0.0048 -0.9873
vn -0.1586 0.0063 -0.9873
vn -0.1586 0.0051 -0.9873
vn -0.1586 0.0052 -0.9873
vn -0.1586 0.0064 -0.9873
vn -0.1586 0.0059 -0.9873
vn -0.1586 0.0070 -0.9873
vn -0.1586 0.0067 -0.9873
vn -0.1586 0.0077 -0.9873
vn -0.1586 0.0087 -0.9873
vn -0.1585 0.0068 -0.9873
vn -0.1585 0.0084 -0.9873
vn -0.1585 0.0086 -0.9873
vn -0.1585 0.0088 -0.9873
vn -0.1231 0.0042 -0.9924
vn -0.0707 0.7089 -0.7017
vn -0.1231 0.0048 -0.9924
vn -0.1231 0.0049 -0.9924
vn -0.1231 0.0052 -0.9924
vn -0.1231 0.0053 -0.9924
vn -0.1230 0.0051 -0.9924
vn -0.1230 0.0065 -0.9924
vn -0.1231 0.0056 -0.9924
vn -0.1231 0.0045 -0.9924
vn -0.1230 0.0073 -0.9924
vn -0.1230 0.0062 -0.9924
vn -0.1230 0.0080 -0.9924
vn -0.1230 0.0061 -0.9924
vn -0.1230 0.0075 -0.9924
vn -0.1230 0.0079 -0.9924
vn -0.1230 0.0076 -0.9924
vn -0.1230 0.0086 -0.9924
vn -0.1230 0.0089 -0.9924
vn -0.1230 0.0077 -0.9924
vn -0.1230 0.0085 -0.9924
vn -0.1230 0.0092 -0.9924
vn -0.1230 0.0095 -0.9924
vn -0.1230 0.0099 -0.9924
vn -0.1230 0.0094 -0.9924
vn -0.0686 0.0005 -0.9976
vn 0.0122 0.7049 -0.7092
vn -0.0686 0.0018 -0.9976
vn -0.0686 0.0027 -0.9976
vn -0.0686 0.0011 -0.9976
vn -0.0686 0.0017 -0.9976
vn -0.0686 0.0014 -0.9976
vn -0.0685 0.0026 -0.9976
vn -0.0685 0.0035 -0.9976
vn -0.0685 0.0033 -0.9976
vn -0.0686 0.0029 -0.9976
vn -0.0685 0.0046 -0.9976
vn -0.0686 0.0039 -0.9976
vn -0.0686 0.0028 -0.9976
vn -0.0685 0.0045 -0.9976
vn -0.0685 0.0052 -0.9976
vn -0.0686 0.0043 -0.9976
vn -0.0686 0.0045 -0.9976
vn -0.0685 0.0065 -0.9976
vn -0.0686 0.0053 -0.9976
vn -0.0685 0.0054 -0.9976
vn -0.0686 0.0058 -0.9976
vn -0.0686 0.0059 -0.9976
vn -0.0686 0.0062 -0.9976
vn -0.0687 0.0051 -0.9976
vn -0.0685 0.0078 -0.9976
vn -0.0189 -0.0047 -0.9998
vn 0.0874 0.6989 -0.7098
vn -0.0189 -0.0039 -0.9998
vn -0.0188 -0.0038 -0.9998
vn -0.0186 -0.0027 -0.9998
vn -0.0187 -0.0028 -0.9998
vn -0.0186 -0.0023 -0.9998
vn -0.0188 -0.0041 -0.9998
vn -0.0187 -0.0024 -0.9998
vn -0.0188 -0.0018 -0.9998
vn -0.0187 -0.0021 -0.9998
vn -0.0187 -0.0026 -0.9998
vn -0.0188 -0.0023 -0.9998
vn -0.0187 -0.0014 -0.9998
vn -0.0186 -0.0009 -0.9998
vn -0.0186 -0.0012 -0.9998
vn -0.0185 0.0001 -0.9998
vn -0.0185 -0.0006 -0.9998
vn -0.0186 -0.0008 -0.9998
vn -0.0187 -0.0012 -0.9998
vn -0.0189 -0.0020 -0.9998
vn -0.0186 0.0007 -0.9998
vn -0.0184 0.0014 -0.9998
vn -0.0185 0.0009 -0.9998
vn -0.0186 0.0006 -0.9998
vn -0.0185 0.0011 -0.9998
vn -0.0183 0.0020 -0.9998
vn 0.0178 -0.0073 -0.9998
vn 0.0702 0.7230 -0.6873
vn 0.0179 -0.0061 -0.9998
vn 0.0178 -0.0066 -0.9998
vn 0.0179 -0.0057 -0.9998
vn 0.0179 -0.0050 -0.9998
vn 0.0179 -0.0052 -0.9998
vn 0.0178 -0.0063 -0.9998
vn 0.0179 -0.0053 -0.9998
vn 0.0180 -0.0035 -0.9998
vn 0.0179 -0.0038 -0.9998
vn 0.0180 -0.0047 -0.9998
vn 0.0180 -0.0040 -0.9998
vn 0.0180 -0.0043 -0.9998
vn 0.0180 -0.0038 -0.9998
vn 0.0181 -0.0037 -0.9998
vn 0.0181 -0.0031 -0.9998
vn 0.0181 -0.0026 -0.9998
vn 0.0181 -0.0023 -0.9998
vn 0.0181 -0.0025 -0.9998
vn 0.0181 -0.0027 -0.9998
vn 0.0180 -0.0031 -0.9998
vn 0.0181 -0.0018 -0.9998
vn 0.0182 -0.0010 -0.9998
vn 0.0182 -0.0014 -0.9998
vn 0.0183 -0.0002 -0.9998
vn 0.0687 -0.0036 -0.9976
vn -0.0149 0.7291 -0.6842
vn 0.0686 -0.0036 -0.9976
vn 0.0686 -0.0040 -0.9976
vn 0.0686 -0.0033 -0.9976
vn 0.0685 -0.0020 -0.9976
vn 0.0686 -0.0028 -0.9976
vn 0.0686 -0.0031 -0.9976
vn 0.0686 -0.0026 -0.9976
vn 0.0685 -0.0017 -0.9977
vn 0.0685 -0.0010 -0.9977
vn 0.0685 -0.0019 -0.9977
vn 0.0685 -0.0009 -0.9976
vn 0.0685 -0.0015 -0.9976
vn 0.0686 -0.0015 -0.9976
vn 0.0686 -0.0013 -0.9976
vn 0.0687 -0.0008 -0.9976
vn 0.0686 0.0003 -0.9976
vn 0.0685 0.0005 -0.9976
vn 0.0686 0.0004 -0.9976
vn 0.0685 0.0005 -0.9977
vn 0.0686 0.0002 -0.9976
vn 0.0686 0.0005 -0.9976
vn 0.0686 0.0018 -0.9976
vn 0.0686 0.0019 -0.9976
vn 0.0686 0.0008 -0.9976
vn 0.0687 0.0013 -0.9976
vn 0.0685 0.0022 -0.9977
vn 0.0685 0.0027 -0.9977
vn 0.1231 0.0026 -0.9924
vn -0.0133 0.7082 -0.7059
vn 0.1231 0.0033 -0.9924
vn 0.1230 0.0041 -0.9924
vn 0.1231 0.0036 -0.9924
vn 0.1230 0.0042 -0.9924
vn 0.1231 0.0044 -0.9924
vn 0.1230 0.0050 -0.9924
vn 0.1230 0.0047 -0.9924
vn 0.1230 0.0056 -0.9924
vn 0.1230 0.0055 -0.9924
vn 0.1231 0.0060 -0.9924
vn 0.1232 0.0051 -0.9924
vn 0.1231 0.0052 -0.9924
vn 0.1230 0.0059 -0.9924
vn 0.1231 0.0064 -0.9924
vn 0.1230 0.0065 -0.9924
vn 0.1230 0.0071 -0.9924
vn 0.1230 0.0066 -0.9924
vn 0.1230 0.0076 -0.9924
vn 0.1231 0.0071 -0.9924
vn 0.1230 0.0074 -0.9924
vn 0.1229 0.0079 -0.9924
vn 0.1231 0.0076 -0.9924
vn 0.1230 0.0078 -0.9924
vn 0.1231 0.0077 -0.9924
vn 0.1228 0.0092 -0.9924
vn 0.1586 0.0084 -0.9873
vn 0.0548 0.7072 -0.7049
vn 0.1585 0.0093 -0.9873
vn 0.1585 0.0100 -0.9873
vn 0.1585 0.0097 -0.9873
vn 0.1585 0.0101 -0.9873
vn 0.1585 0.0095 -0.9873
vn 0.1585 0.0105 -0.9873
vn 0.1585 0.0103 -0.9873
vn 0.1584 0.0107 -0.9873
vn 0.1585 0.0104 -0.9873
vn 0.1586 0.0114 -0.9873
vn 0.1584 0.0111 -0.9873
vn 0.1584 0.0113 -0.9873
vn 0.1584 0.0117 -0.9873
vn 0.1585 0.0117 -0.9873
vn 0.1584 0.0120 -0.9873
vn 0.1583 0.0116 -0.9873
vn 0.1585 0.0114 -0.9873
vn 0.1583 0.0129 -0.9873
vn 0.1584 0.0128 -0.9873
vn 0.1584 0.0132 -0.9873
vn 0.1584 0.0130 -0.9873
vn 0.1583 0.0134 -0.9873
vn 0.1583 0.0138 -0.9873
vn 0.1750 0.0103 -0.9845
vn 0.1088 0.7072 -0.6986
vn 0.1749 0.0089 -0.9845
vn 0.1749 0.0104 -0.9845
vn 0.1749 0.0116 -0.9845
vn 0.1749 0.0108 -0.9845
vn 0.1749 0.0103 -0.9845
vn 0.1749 0.0109 -0.9845
vn 0.1749 0.0114 -0.9845
vn 0.1749 0.0117 -0.9845
vn 0.1749 0.0119 -0.9845
vn 0.1749 0.0115 -0.9845
vn 0.1748 0.0119 -0.9845
vn 0.1748 0.0126 -0.9845
vn 0.1748 0.0116 -0.9845
vn 0.1748 0.0128 -0.9845
vn 0.1748 0.0125 -0.9845
vn 0.1748 0.0115 -0.9845
vn 0.1748 0.0130 -0.9845
vn 0.1747 0.0128 -0.9845
vn 0.1748 0.0139 -0.9845
vn 0.1748 0.0140 -0.9845
vn 0.1747 0.0129 -0.9845
vn 0.1747 0.0139 -0.9845
vn 0.1747 0.0135 -0.9845
vn 0.1728 0.0092 -0.9849
vn 0.1415 0.7015 -0.6985
vn 0.1728 0.0076 -0.9849
vn 0.1728 0.0081 -0.9849
vn 0.1728 0.0089 -0.9849
vn 0.1727 0.0092 -0.9849
vn 0.1727 0.0084 -0.9849
vn 0.1728 0.0088 -0.9849
vn 0.1727 0.0089 -0.9849
vn 0.1727 0.0095 -0.9849
vn 0.1727 0.0101 -0.9849
vn 0.1727 0.0090 -0.9849
vn 0.1727 0.0094 -0.9849
vn 0.1727 0.0103 -0.9849
vn 0.1731 0.0087 -0.9849
vn 0.1727 0.0109 -0.9849
vn 0.1726 0.0101 -0.9849
vn 0.1727 0.0091 -0.9849
vn 0.1726 0.0107 -0.9849
vn 0.1726 0.0106 -0.9849
vn 0.1726 0.0109 -0.9849
vn 0.1726 0.0110 -0.9849
vn 0.1726 0.0105 -0.9849
vn 0.1726 0.0103 -0.9849
vn 0.1726 0.0115 -0.9849
vn 0.1726 0.0111 -0.9849
vn 0.1519 0.0058 -0.9884
vn 0.1692 0.6903 -0.7035
vn 0.1519 0.0039 -0.9884
vn 0.1519 0.0046 -0.9884
vn 0.1520 0.0054 -0.9884
vn 0.1519 0.0057 -0.9884
vn 0.1519 0.0051 -0.9884
vn 0.1519 0.0050 -0.9884
vn 0.1519 0.0063 -0.9884
vn 0.1518 0.0050 -0.9884
vn 0.1519 0.0053 -0.9884
vn 0.1518 0.0052 -0.9884
vn 0.1519 0.0059 -0.9884
vn 0.1519 0.0061 -0.9884
vn 0.1519 0.0060 -0.9884
vn 0.1518 0.0061 -0.9884
vn 0.1518 0.0073 -0.9884
vn 0.1518 0.0060 -0.9884
vn 0.1517 0.0053 -0.9884
vn 0.1519 0.0064 -0.9884
vn 0.1518 0.0078 -0.9884
vn 0.1518 0.0070 -0.9884
vn 0.1518 0.0064 -0.9884
vn 0.1517 0.0057 -0.9884
vn 0.1518 0.0082 -0.9884
vn 0.1518 0.0077 -0.9884
vn 0.1517 0.0071 -0.9884
vn 0.1118 0.0026 -0.9937
vn 0.1759 0.6859 -0.7062
vn 0.1118 0.0013 -0.9937
vn 0.1119 0.0028 -0.9937
vn 0.1118 0.0028 -0.9937
vn 0.1119 0.0025 -0.9937
vn 0.1118 0.0015 -0.9937
vn 0.1120 0.0027 -0.9937
vn 0.1119 0.0024 -0.9937
vn 0.1117 0.0011 -0.9937
vn 0.1117 0.0013 -0.9937
vn 0.1118 0.0018 -0.9937
vn 0.1117 0.0030 -0.9937
vn 0.1118 0.0021 -0.9937
vn 0.1119 0.0029 -0.9937
vn 0.1116 0.0024 -0.9937
vn 0.1116 0.0013 -0.9938
vn 0.1116 0.0025 -0.9938
vn 0.1116 0.0022 -0.9938
vn 0.1118 0.0032 -0.9937
vn 0.1117 0.0027 -0.9937
vn 0.1117 0.0024 -0.9937
vn 0.1116 0.0019 -0.9937
vn 0.1118 0.0037 -0.9937
vn 0.1118 0.0038 -0.9937
vn 0.0533 -0.0005 -0.9986
vn 0.0535 0.0000 -0.9986
vn 0.0534 0.0005 -0.9986
vn 0.0535 0.0006 -0.9986
vn 0.0535 0.0003 -0.9986
vn 0.0534 -0.0004 -0.9986
vn 0.0534 -0.0005 -0.9986
vn 0.0534 0.0008 -0.9986
vn 0.0535 0.0010 -0.9986
vn 0.0534 0.0000 -0.9986
vn 0.0534 0.0003 -0.9986
vn 0.0535 0.0011 -0.9986
vn 0.0533 -0.0002 -0.9986
vn 0.0533 0.0006 -0.9986
vn 0.0533 0.0008 -0.9986
vn 0.0535 0.0015 -0.9986
vn 0.0533 0.0003 -0.9986
vn 0.0536 0.0014 -0.9986
vn -0.7000 -0.0010 -0.7141
vn -0.6999 0.0000 -0.7142
vn -0.7000 -0.0007 -0.7141
vn -0.7000 -0.0009 -0.7141
vn -0.7000 0.0000 -0.7141
vn -0.7000 -0.0001 -0.7142
vn -1.0000 0.0001 0.0000
vn -0.7611 -0.6486 -0.0000
vn -1.0000 -0.0003 0.0000
vn -0.7609 -0.6489 -0.0000
vn -1.0000 -0.0002 0.0000
vn -0.7610 -0.6488 -0.0000
vn -0.7611 -0.6487 -0.0000
vn -0.7612 -0.6485 -0.0000
vn -0.7613 -0.6485 -0.0000
vn -1.0000 0.0003 0.0000
vn -1.0000 0.0002 0.0000
vn -1.0000 -0.0001 0.0000
vn -0.7609 -0.6488 -0.0000
vn -0.6487 0.7611 0.0000
vn -0.6488 0.7610 0.0000
vn -0.6489 0.7609 0.0000
vn -0.6485 0.7612 0.0000
vn -0.6486 0.7611 0.0000
vn -1.0000 -0.0004 0.0000
vn -1.0000 0.0004 0.0000
vn -1.0000 0.0006 0.0000
vn -1.0000 -0.0006 0.0000
vn -0.6484 0.7613 0.0000
vn -0.7517 0.0027 0.6595
vn -0.5624 0.6361 0.5283
vn -0.7518 0.0022 0.6594
vn -0.7517 0.0029 0.6595
vn -0.7516 0.0029 0.6596
vn -0.7519 0.0029 0.6593
vn -0.7518 0.0031 0.6593
vn -0.7516 0.0027 0.6596
vn -0.7517 0.0028 0.6595
vn -0.7516 0.0027 0.6597
vn -0.7518 0.0019 0.6594
vn -0.7518 0.0028 0.6594
vn -0.7517 0.0020 0.6595
vn -0.7519 0.0025 0.6593
vn -0.7517 0.0026 0.6595
vn -0.7517 0.0018 0.6595
vn -0.7519 0.0025 0.6592
vn -0.7521 0.0021 0.6591
vn -0.7516 0.0020 0.6596
vn -0.7528 0.0030 0.6583
vn -0.7519 0.0023 0.6592
vn -0.7516 0.0014 0.6596
vn -0.7519 0.0010 0.6592
vn -0.7519 0.0024 0.6593
vn -0.7513 0.0021 0.6600
vn -0.7519 0.0020 0.6592
vn -0.7512 0.0021 0.6600
vn -0.2138 -0.6934 0.6882
vn -0.1457 0.0006 0.9893
vn -0.2133 -0.6985 0.6831
vn -0.1669 -0.0038 0.9860
vn -0.1748 -0.7101 0.6821
vn -0.1690 -0.0084 0.9856
vn -0.1222 -0.7128 0.6907
vn -0.1525 -0.0124 0.9882
vn -0.0641 -0.7136 0.6976
vn -0.1175 -0.0145 0.9930
vn 0.0150 -0.7126 0.7014
vn -0.0648 -0.0130 0.9978
vn 0.0863 -0.7039 0.7050
vn -0.0168 -0.0077 0.9998
vn 0.0670 -0.6838 0.7266
vn 0.0177 -0.0062 0.9998
vn -0.0032 -0.6841 0.7293
vn 0.0650 -0.0077 0.9979
vn -0.0155 -0.7097 0.7043
vn 0.1176 -0.0134 0.9930
vn 0.0436 -0.7197 0.6929
vn 0.1523 -0.0175 0.9882
vn -0.0200 -0.7566 0.6536
vn -0.0000 -0.0195 0.9998
vn -0.0873 -0.7181 0.6905
vn -0.1521 -0.0209 0.9881
vn -0.0202 -0.7189 0.6948
vn -0.1173 -0.0213 0.9929
vn 0.0514 -0.7064 0.7059
vn -0.0648 -0.0157 0.9978
vn 0.0405 -0.6857 0.7268
vn -0.0172 -0.0089 0.9998
vn -0.0405 -0.6858 0.7266
vn 0.0173 -0.0074 0.9998
vn -0.0515 -0.7068 0.7056
vn 0.0649 -0.0154 0.9978
vn 0.0202 -0.7189 0.6948
vn 0.1174 -0.0206 0.9929
vn 0.0873 -0.7184 0.6901
vn 0.1521 -0.0212 0.9881
vn 0.1325 -0.7162 0.6852
vn 0.1684 -0.0178 0.9856
vn 0.1729 -0.7134 0.6791
vn 0.1663 -0.0119 0.9860
vn 0.1776 -0.7120 0.6793
vn 0.1093 -0.0048 0.9940
vn 0.1495 -0.6954 0.7029
vn 0.0531 0.0023 0.9986
vn 0.1348 -0.6910 0.7101
vn 0.0507 0.0056 0.9987
vn 0.0956 -0.6936 0.7140
vn 0.0487 0.0056 0.9988
vn 0.0409 -0.7027 0.7103
vn 0.0327 0.0034 0.9995
vn 0.0075 -0.7095 0.7047
vn 0.0106 0.0012 0.9999
vn 0.0001 -0.7071 0.7071
vn 0.0001 0.0000 1.0000
vn -0.1455 0.0038 0.9893
vn 0.0113 0.7112 0.7029
vn -0.1456 0.0025 0.9893
vn -0.1457 0.0030 0.9893
vn -0.1456 0.0036 0.9893
vn -0.1458 0.0027 0.9893
vn -0.1457 0.0023 0.9893
vn -0.1455 0.0030 0.9893
vn -0.1457 0.0026 0.9893
vn -0.1456 0.0026 0.9893
vn -0.1457 0.0022 0.9893
vn -0.1457 0.0021 0.9893
vn -0.1457 0.0029 0.9893
vn -0.1457 0.0020 0.9893
vn -0.1457 0.0015 0.9893
vn -0.1457 0.0017 0.9893
vn -0.1456 0.0019 0.9893
vn -0.1457 0.0018 0.9893
vn -0.1458 0.0007 0.9893
vn -0.1457 0.0008 0.9893
vn -0.1457 0.0014 0.9893
vn -0.1457 0.0019 0.9893
vn -0.1457 0.0013 0.9893
vn -0.1458 0.0014 0.9893
vn -0.1457 0.0012 0.9893
vn -0.1667 -0.0009 0.9860
vn -0.0206 0.7057 0.7082
vn -0.1668 -0.0007 0.9860
vn -0.1670 -0.0011 0.9860
vn -0.1668 0.0001 0.9860
vn -0.1668 -0.0001 0.9860
vn -0.1669 -0.0012 0.9860
vn -0.1668 -0.0012 0.9860
vn -0.1666 -0.0009 0.9860
vn -0.1668 -0.0011 0.9860
vn -0.1667 -0.0000 0.9860
vn -0.1668 -0.0014 0.9860
vn -0.1669 -0.0017 0.9860
vn -0.1668 -0.0015 0.9860
vn -0.1670 -0.0026 0.9860
vn -0.1668 -0.0021 0.9860
vn -0.1668 -0.0018 0.9860
vn -0.1668 -0.0022 0.9860
vn -0.1668 -0.0025 0.9860
vn -0.1668 -0.0026 0.9860
vn -0.1669 -0.0025 0.9860
vn -0.1668 -0.0029 0.9860
vn -0.1668 -0.0030 0.9860
vn -0.1668 -0.0031 0.9860
vn -0.1668 -0.0033 0.9860
vn -0.1691 -0.0054 0.9856
vn -0.0645 0.6987 0.7125
vn -0.1691 -0.0051 0.9856
vn -0.1691 -0.0050 0.9856
vn -0.1691 -0.0055 0.9856
vn -0.1691 -0.0052 0.9856
vn -0.1691 -0.0057 0.9856
vn -0.1690 -0.0058 0.9856
vn -0.1690 -0.0063 0.9856
vn -0.1690 -0.0061 0.9856
vn -0.1690 -0.0052 0.9856
vn -0.1691 -0.0061 0.9856
vn -0.1690 -0.0065 0.9856
vn -0.1690 -0.0068 0.9856
vn -0.1691 -0.0073 0.9856
vn -0.1690 -0.0071 0.9856
vn -0.1690 -0.0073 0.9856
vn -0.1690 -0.0074 0.9856
vn -0.1690 -0.0072 0.9856
vn -0.1690 -0.0077 0.9856
vn -0.1690 -0.0081 0.9856
vn -0.1690 -0.0080 0.9856
vn -0.1690 -0.0085 0.9856
vn -0.1690 -0.0083 0.9856
vn -0.1690 -0.0089 0.9856
vn -0.1527 -0.0091 0.9882
vn -0.0944 0.6964 0.7114
vn -0.1527 -0.0088 0.9882
vn -0.1527 -0.0087 0.9882
vn -0.1527 -0.0095 0.9882
vn -0.1527 -0.0094 0.9882
vn -0.1527 -0.0090 0.9882
vn -0.1527 -0.0096 0.9882
vn -0.1526 -0.0088 0.9882
vn -0.1526 -0.0096 0.9882
vn -0.1526 -0.0100 0.9882
vn -0.1526 -0.0102 0.9882
vn -0.1526 -0.0107 0.9882
vn -0.1526 -0.0106 0.9882
vn -0.1526 -0.0112 0.9882
vn -0.1526 -0.0114 0.9882
vn -0.1526 -0.0115 0.9882
vn -0.1526 -0.0116 0.9882
vn -0.1526 -0.0113 0.9882
vn -0.1526 -0.0117 0.9882
vn -0.1526 -0.0121 0.9882
vn -0.1526 -0.0122 0.9882
vn -0.1526 -0.0124 0.9882
vn -0.1526 -0.0130 0.9882
vn -0.1525 -0.0123 0.9882
vn -0.1525 -0.0126 0.9882
vn -0.1525 -0.0128 0.9882
vn -0.1177 -0.0099 0.9930
vn -0.1030 0.6914 0.7151
vn -0.1177 -0.0092 0.9930
vn -0.1177 -0.0102 0.9930
vn -0.1176 -0.0106 0.9930
vn -0.1176 -0.0105 0.9930
vn -0.1176 -0.0107 0.9930
vn -0.1176 -0.0108 0.9930
vn -0.1177 -0.0103 0.9930
vn -0.1176 -0.0114 0.9930
vn -0.1176 -0.0118 0.9930
vn -0.1176 -0.0121 0.9930
vn -0.1176 -0.0130 0.9930
vn -0.1176 -0.0128 0.9930
vn -0.1177 -0.0116 0.9930
vn -0.1176 -0.0129 0.9930
vn -0.1176 -0.0131 0.9930
vn -0.1176 -0.0136 0.9930
vn -0.1176 -0.0140 0.9930
vn -0.1176 -0.0133 0.9930
vn -0.1176 -0.0138 0.9930
vn -0.1176 -0.0142 0.9930
vn -0.1176 -0.0147 0.9930
vn -0.0649 -0.0068 0.9979
vn -0.1064 0.6843 0.7214
vn -0.0650 -0.0069 0.9979
vn -0.0650 -0.0078 0.9979
vn -0.0650 -0.0076 0.9979
vn -0.0649 -0.0087 0.9979
vn -0.0649 -0.0083 0.9979
vn -0.0650 -0.0084 0.9978
vn -0.0649 -0.0090 0.9979
vn -0.0650 -0.0092 0.9978
vn -0.0649 -0.0090 0.9978
vn -0.0649 -0.0096 0.9978
vn -0.0649 -0.0103 0.9978
vn -0.0649 -0.0097 0.9978
vn -0.0649 -0.0104 0.9978
vn -0.0649 -0.0114 0.9978
vn -0.0649 -0.0107 0.9978
vn -0.0649 -0.0116 0.9978
vn -0.0649 -0.0115 0.9978
vn -0.0649 -0.0125 0.9978
vn -0.0649 -0.0123 0.9978
vn -0.0171 -0.0025 0.9999
vn -0.1097 0.6904 0.7150
vn -0.0172 -0.0026 0.9998
vn -0.0173 -0.0025 0.9998
vn -0.0171 -0.0033 0.9998
vn -0.0171 -0.0032 0.9998
vn -0.0170 -0.0041 0.9998
vn -0.0171 -0.0038 0.9998
vn -0.0171 -0.0037 0.9998
vn -0.0170 -0.0043 0.9998
vn -0.0170 -0.0045 0.9998
vn -0.0170 -0.0049 0.9998
vn -0.0169 -0.0052 0.9998
vn -0.0169 -0.0051 0.9998
vn -0.0169 -0.0053 0.9998
vn -0.0169 -0.0063 0.9998
vn -0.0168 -0.0054 0.9998
vn -0.0169 -0.0054 0.9998
vn -0.0169 -0.0061 0.9998
vn -0.0169 -0.0064 0.9998
vn -0.0168 -0.0070 0.9998
vn -0.0168 -0.0069 0.9998
vn -0.0168 -0.0068 0.9998
vn -0.0168 -0.0076 0.9998
vn -0.0167 -0.0087 0.9998
vn -0.0167 -0.0081 0.9998
vn 0.0172 -0.0015 0.9999
vn -0.0454 0.7186 0.6940
vn 0.0172 -0.0006 0.9999
vn 0.0173 -0.0011 0.9999
vn 0.0173 -0.0016 0.9998
vn 0.0173 -0.0013 0.9998
vn 0.0174 -0.0017 0.9998
vn 0.0172 -0.0013 0.9999
vn 0.0173 -0.0019 0.9998
vn 0.0174 -0.0020 0.9998
vn 0.0174 -0.0027 0.9998
vn 0.0175 -0.0029 0.9998
vn 0.0175 -0.0033 0.9998
vn 0.0175 -0.0034 0.9998
vn 0.0175 -0.0037 0.9998
vn 0.0175 -0.0035 0.9998
vn 0.0175 -0.0036 0.9998
vn 0.0177 -0.0042 0.9998
vn 0.0175 -0.0048 0.9998
vn 0.0176 -0.0044 0.9998
vn 0.0176 -0.0050 0.9998
vn 0.0177 -0.0055 0.9998
vn 0.0176 -0.0063 0.9998
vn 0.0176 -0.0056 0.9998
vn 0.0177 -0.0060 0.9998
vn 0.0650 -0.0026 0.9979
vn 0.0987 0.7128 0.6944
vn 0.0650 -0.0030 0.9979
vn 0.0650 -0.0031 0.9979
vn 0.0650 -0.0032 0.9979
vn 0.0650 -0.0035 0.9979
vn 0.0651 -0.0039 0.9979
vn 0.0650 -0.0039 0.9979
vn 0.0650 -0.0038 0.9979
vn 0.0650 -0.0042 0.9979
vn 0.0650 -0.0049 0.9979
vn 0.0649 -0.0053 0.9979
vn 0.0650 -0.0051 0.9979
vn 0.0650 -0.0046 0.9979
vn 0.0650 -0.0058 0.9979
vn 0.0650 -0.0056 0.9979
vn 0.0650 -0.0060 0.9979
vn 0.0650 -0.0070 0.9979
vn 0.0650 -0.0064 0.9979
vn 0.0650 -0.0069 0.9979
vn 0.0649 -0.0072 0.9979
vn 0.0651 -0.0066 0.9979
vn 0.0650 -0.0075 0.9979
vn 0.0650 -0.0076 0.9979
vn 0.0649 -0.0079 0.9979
vn 0.0649 -0.0083 0.9979
vn 0.1178 -0.0078 0.9930
vn 0.1812 0.6823 0.7082
vn 0.1177 -0.0088 0.9930
vn 0.1177 -0.0090 0.9930
vn 0.1177 -0.0093 0.9930
vn 0.1176 -0.0103 0.9930
vn 0.1176 -0.0094 0.9930
vn 0.1176 -0.0099 0.9930
vn 0.1176 -0.0097 0.9930
vn 0.1176 -0.0104 0.9930
vn 0.1177 -0.0103 0.9930
vn 0.1176 -0.0112 0.9930
vn 0.1177 -0.0106 0.9930
vn 0.1177 -0.0108 0.9930
vn 0.1176 -0.0113 0.9930
vn 0.1176 -0.0118 0.9930
vn 0.1176 -0.0120 0.9930
vn 0.1176 -0.0119 0.9930
vn 0.1175 -0.0130 0.9930
vn 0.1176 -0.0126 0.9930
vn 0.1176 -0.0117 0.9930
vn 0.1176 -0.0125 0.9930
vn 0.1176 -0.0129 0.9930
vn 0.1176 -0.0132 0.9930
vn 0.1175 -0.0138 0.9930
vn 0.1175 -0.0134 0.9930
vn 0.1525 -0.0135 0.9882
vn 0.1714 0.6834 0.7097
vn 0.1524 -0.0141 0.9882
vn 0.1525 -0.0139 0.9882
vn 0.1525 -0.0142 0.9882
vn 0.1524 -0.0142 0.9882
vn 0.1523 -0.0146 0.9882
vn 0.1525 -0.0141 0.9882
vn 0.1524 -0.0146 0.9882
vn 0.1524 -0.0144 0.9882
vn 0.1524 -0.0148 0.9882
vn 0.1524 -0.0156 0.9882
vn 0.1524 -0.0153 0.9882
vn 0.1524 -0.0152 0.9882
vn 0.1525 -0.0154 0.9882
vn 0.1523 -0.0159 0.9882
vn 0.1523 -0.0163 0.9882
vn 0.1523 -0.0162 0.9882
vn 0.1523 -0.0169 0.9882
vn 0.1523 -0.0166 0.9882
vn 0.1523 -0.0170 0.9882
vn 0.1523 -0.0171 0.9882
vn 0.1523 -0.0174 0.9882
vn 0.1522 -0.0178 0.9882
vn 0.1523 -0.0173 0.9882
vn 0.0000 -0.0153 0.9999
vn 0.0202 0.7355 0.6772
vn 0.0000 -0.0156 0.9999
vn 0.0000 -0.0168 0.9999
vn -0.0000 -0.0161 0.9999
vn 0.0000 -0.0163 0.9999
vn -0.0000 -0.0166 0.9999
vn 0.0000 -0.0167 0.9999
vn 0.0001 -0.0168 0.9999
vn 0.0001 -0.0167 0.9999
vn 0.0000 -0.0162 0.9999
vn 0.0000 -0.0175 0.9998
vn -0.0000 -0.0176 0.9998
vn 0.0000 -0.0182 0.9998
vn 0.0000 -0.0181 0.9998
vn 0.0000 -0.0180 0.9998
vn 0.0000 -0.0184 0.9998
vn 0.0000 -0.0189 0.9998
vn -0.0000 -0.0187 0.9998
vn 0.0000 -0.0191 0.9998
vn 0.0000 -0.0193 0.9998
vn 0.0001 -0.0193 0.9998
vn -0.1524 -0.0164 0.9882
vn -0.1286 0.6911 0.7113
vn -0.1523 -0.0172 0.9882
vn -0.1523 -0.0169 0.9882
vn -0.1523 -0.0168 0.9882
vn -0.1523 -0.0171 0.9882
vn -0.1523 -0.0174 0.9882
vn -0.1523 -0.0175 0.9882
vn -0.1523 -0.0179 0.9882
vn -0.1523 -0.0181 0.9882
vn -0.1523 -0.0177 0.9882
vn -0.1522 -0.0186 0.9882
vn -0.1522 -0.0187 0.9882
vn -0.1522 -0.0184 0.9882
vn -0.1522 -0.0192 0.9882
vn -0.1522 -0.0189 0.9882
vn -0.1522 -0.0191 0.9882
vn -0.1522 -0.0196 0.9882
vn -0.1522 -0.0195 0.9882
vn -0.1521 -0.0198 0.9882
vn -0.1522 -0.0204 0.9881
vn -0.1521 -0.0203 0.9882
vn -0.1521 -0.0205 0.9882
vn -0.1521 -0.0208 0.9881
vn -0.1175 -0.0161 0.9929
vn -0.1458 0.6815 0.7171
vn -0.1175 -0.0163 0.9929
vn -0.1176 -0.0155 0.9929
vn -0.1175 -0.0160 0.9929
vn -0.1174 -0.0168 0.9929
vn -0.1174 -0.0170 0.9929
vn -0.1175 -0.0171 0.9929
vn -0.1174 -0.0174 0.9929
vn -0.1174 -0.0173 0.9929
vn -0.1174 -0.0178 0.9929
vn -0.1174 -0.0177 0.9929
vn -0.1174 -0.0181 0.9929
vn -0.1174 -0.0191 0.9929
vn -0.1174 -0.0185 0.9929
vn -0.1174 -0.0192 0.9929
vn -0.1173 -0.0194 0.9929
vn -0.1173 -0.0200 0.9929
vn -0.1173 -0.0202 0.9929
vn -0.1173 -0.0201 0.9929
vn -0.1173 -0.0207 0.9929
vn -0.1173 -0.0203 0.9929
vn -0.0649 -0.0100 0.9978
vn -0.1431 0.6824 0.7169
vn -0.0649 -0.0102 0.9978
vn -0.0649 -0.0110 0.9978
vn -0.0649 -0.0112 0.9978
vn -0.0649 -0.0113 0.9978
vn -0.0649 -0.0111 0.9978
vn -0.0650 -0.0117 0.9978
vn -0.0647 -0.0127 0.9978
vn -0.0649 -0.0120 0.9978
vn -0.0649 -0.0127 0.9978
vn -0.0649 -0.0128 0.9978
vn -0.0649 -0.0129 0.9978
vn -0.0649 -0.0132 0.9978
vn -0.0649 -0.0136 0.9978
vn -0.0649 -0.0140 0.9978
vn -0.0649 -0.0142 0.9978
vn -0.0650 -0.0139 0.9978
vn -0.0649 -0.0139 0.9978
vn -0.0648 -0.0145 0.9978
vn -0.0649 -0.0151 0.9978
vn -0.0649 -0.0154 0.9978
vn -0.0648 -0.0148 0.9978
vn -0.0649 -0.0150 0.9978
vn -0.0649 -0.0152 0.9978
vn -0.0172 -0.0033 0.9998
vn -0.0680 0.7168 0.6939
vn -0.0172 -0.0031 0.9998
vn -0.0173 -0.0026 0.9998
vn -0.0172 -0.0036 0.9998
vn -0.0172 -0.0040 0.9998
vn -0.0172 -0.0044 0.9998
vn -0.0172 -0.0049 0.9998
vn -0.0171 -0.0040 0.9998
vn -0.0172 -0.0041 0.9998
vn -0.0172 -0.0051 0.9998
vn -0.0172 -0.0055 0.9998
vn -0.0173 -0.0064 0.9998
vn -0.0172 -0.0058 0.9998
vn -0.0172 -0.0061 0.9998
vn -0.0172 -0.0059 0.9998
vn -0.0172 -0.0063 0.9998
vn -0.0172 -0.0070 0.9998
vn -0.0171 -0.0081 0.9998
vn -0.0172 -0.0073 0.9998
vn -0.0171 -0.0078 0.9998
vn -0.0172 -0.0076 0.9998
vn -0.0172 -0.0080 0.9998
vn -0.0173 -0.0075 0.9998
vn -0.0172 -0.0081 0.9998
vn 0.0172 -0.0034 0.9998
vn 0.0680 0.7168 0.6939
vn 0.0172 -0.0031 0.9998
vn 0.0173 -0.0026 0.9998
vn 0.0171 -0.0033 0.9998
vn 0.0172 -0.0036 0.9998
vn 0.0172 -0.0042 0.9998
vn 0.0172 -0.0044 0.9998
vn 0.0172 -0.0050 0.9998
vn 0.0171 -0.0040 0.9998
vn 0.0172 -0.0041 0.9998
vn 0.0172 -0.0051 0.9998
vn 0.0172 -0.0053 0.9998
vn 0.0172 -0.0054 0.9998
vn 0.0172 -0.0057 0.9998
vn 0.0172 -0.0061 0.9998
vn 0.0173 -0.0064 0.9998
vn 0.0172 -0.0059 0.9998
vn 0.0172 -0.0070 0.9998
vn 0.0171 -0.0081 0.9998
vn 0.0172 -0.0073 0.9998
vn 0.0171 -0.0078 0.9998
vn 0.0172 -0.0076 0.9998
vn 0.0172 -0.0074 0.9998
vn 0.0173 -0.0075 0.9998
vn 0.0172 -0.0081 0.9998
vn 0.0172 -0.0086 0.9998
vn 0.0649 -0.0100 0.9978
vn 0.1431 0.6824 0.7169
vn 0.0650 -0.0105 0.9978
vn 0.0649 -0.0103 0.9978
vn 0.0649 -0.0104 0.9978
vn 0.0649 -0.0113 0.9978
vn 0.0649 -0.0115 0.9978
vn 0.0649 -0.0112 0.9978
vn 0.0649 -0.0110 0.9978
vn 0.0649 -0.0124 0.9978
vn 0.0648 -0.0120 0.9978
vn 0.0649 -0.0120 0.9978
vn 0.0650 -0.0118 0.9978
vn 0.0649 -0.0134 0.9978
vn 0.0649 -0.0128 0.9978
vn 0.0649 -0.0131 0.9978
vn 0.0650 -0.0129 0.9978
vn 0.0649 -0.0140 0.9978
vn 0.0649 -0.0135 0.9978
vn 0.0650 -0.0130 0.9978
vn 0.0649 -0.0139 0.9978
vn 0.0648 -0.0145 0.9978
vn 0.0649 -0.0146 0.9978
vn 0.0649 -0.0147 0.9978
vn 0.0648 -0.0153 0.9978
vn 0.0648 -0.0151 0.9978
vn 0.0650 -0.0151 0.9978
vn 0.1175 -0.0157 0.9930
vn 0.1457 0.6815 0.7171
vn 0.1175 -0.0159 0.9929
vn 0.1176 -0.0154 0.9929
vn 0.1175 -0.0162 0.9929
vn 0.1175 -0.0165 0.9929
vn 0.1174 -0.0168 0.9929
vn 0.1175 -0.0172 0.9929
vn 0.1174 -0.0171 0.9929
vn 0.1174 -0.0179 0.9929
vn 0.1175 -0.0169 0.9929
vn 0.1174 -0.0177 0.9929
vn 0.1175 -0.0180 0.9929
vn 0.1174 -0.0183 0.9929
vn 0.1173 -0.0191 0.9929
vn 0.1174 -0.0185 0.9929
vn 0.1174 -0.0192 0.9929
vn 0.1174 -0.0194 0.9929
vn 0.1173 -0.0200 0.9929
vn 0.1173 -0.0194 0.9929
vn 0.1173 -0.0198 0.9929
vn 0.1173 -0.0203 0.9929
vn 0.1173 -0.0207 0.9929
vn 0.1173 -0.0201 0.9929
vn 0.1523 -0.0164 0.9882
vn 0.1286 0.6906 0.7117
vn 0.1524 -0.0154 0.9882
vn 0.1523 -0.0179 0.9882
vn 0.1523 -0.0172 0.9882
vn 0.1523 -0.0183 0.9882
vn 0.1523 -0.0177 0.9882
vn 0.1523 -0.0180 0.9882
vn 0.1521 -0.0186 0.9882
vn 0.1522 -0.0184 0.9882
vn 0.1522 -0.0187 0.9882
vn 0.1522 -0.0188 0.9882
vn 0.1522 -0.0191 0.9882
vn 0.1522 -0.0190 0.9882
vn 0.1522 -0.0199 0.9882
vn 0.1522 -0.0197 0.9882
vn 0.1520 -0.0199 0.9882
vn 0.1521 -0.0201 0.9882
vn 0.1522 -0.0204 0.9881
vn 0.1521 -0.0197 0.9882
vn 0.1521 -0.0203 0.9882
vn 0.1521 -0.0204 0.9882
vn 0.1521 -0.0208 0.9881
vn 0.1687 -0.0144 0.9856
vn 0.1058 0.6969 0.7093
vn 0.1687 -0.0141 0.9856
vn 0.1687 -0.0153 0.9856
vn 0.1686 -0.0146 0.9856
vn 0.1686 -0.0140 0.9856
vn 0.1686 -0.0139 0.9856
vn 0.1686 -0.0153 0.9856
vn 0.1686 -0.0138 0.9856
vn 0.1686 -0.0142 0.9856
vn 0.1686 -0.0157 0.9856
vn 0.1685 -0.0153 0.9856
vn 0.1685 -0.0159 0.9856
vn 0.1685 -0.0161 0.9856
vn 0.1685 -0.0158 0.9856
vn 0.1685 -0.0164 0.9856
vn 0.1685 -0.0163 0.9856
vn 0.1685 -0.0171 0.9856
vn 0.1685 -0.0176 0.9855
vn 0.1684 -0.0169 0.9856
vn 0.1684 -0.0168 0.9856
vn 0.1684 -0.0173 0.9856
vn 0.1685 -0.0191 0.9855
vn 0.1665 -0.0098 0.9860
vn 0.0616 0.7000 0.7115
vn 0.1665 -0.0100 0.9860
vn 0.1665 -0.0096 0.9860
vn 0.1665 -0.0097 0.9860
vn 0.1665 -0.0102 0.9860
vn 0.1664 -0.0104 0.9860
vn 0.1664 -0.0099 0.9860
vn 0.1665 -0.0099 0.9860
vn 0.1664 -0.0102 0.9860
vn 0.1664 -0.0109 0.9860
vn 0.1664 -0.0091 0.9860
vn 0.1664 -0.0112 0.9860
vn 0.1663 -0.0102 0.9860
vn 0.1664 -0.0111 0.9860
vn 0.1665 -0.0125 0.9860
vn 0.1664 -0.0115 0.9860
vn 0.1663 -0.0109 0.9860
vn 0.1663 -0.0114 0.9860
vn 0.1664 -0.0124 0.9860
vn 0.1663 -0.0122 0.9860
vn 0.1663 -0.0117 0.9860
vn 0.1663 -0.0121 0.9860
vn 0.1663 -0.0125 0.9860
vn 0.1097 -0.0024 0.9940
vn -0.0263 0.7120 0.7017
vn 0.1096 -0.0038 0.9940
vn 0.1098 -0.0041 0.9939
vn 0.1097 -0.0030 0.9940
vn 0.1097 -0.0034 0.9940
vn 0.1097 -0.0037 0.9940
vn 0.1097 -0.0039 0.9940
vn 0.1096 -0.0033 0.9940
vn 0.1096 -0.0040 0.9940
vn 0.1095 -0.0038 0.9940
vn 0.1095 -0.0028 0.9940
vn 0.1095 -0.0040 0.9940
vn 0.1095 -0.0047 0.9940
vn 0.1095 -0.0043 0.9940
vn 0.1095 -0.0046 0.9940
vn 0.1094 -0.0047 0.9940
vn 0.1095 -0.0049 0.9940
vn 0.1095 -0.0048 0.9940
vn 0.1094 -0.0048 0.9940
vn 0.1094 -0.0049 0.9940
vn 0.0533 0.0040 0.9986
vn -0.0750 0.7031 0.7071
vn 0.0534 0.0039 0.9986
vn 0.0533 0.0037 0.9986
vn 0.0533 0.0038 0.9986
vn 0.0533 0.0032 0.9986
vn 0.0533 0.0039 0.9986
vn 0.0533 0.0035 0.9986
vn 0.0531 0.0040 0.9986
vn 0.0533 0.0027 0.9986
vn 0.0532 0.0030 0.9986
vn 0.0530 0.0037 0.9986
vn 0.0532 0.0025 0.9986
vn 0.0533 0.0026 0.9986
vn 0.0532 0.0019 0.9986
vn 0.0532 0.0026 0.9986
vn 0.0532 0.0023 0.9986
vn 0.0531 0.0026 0.9986
vn 0.0531 0.0024 0.9986
vn 0.0531 0.0029 0.9986
vn 0.0505 0.0076 0.9987
vn -0.0644 0.7085 0.7027
vn 0.0503 0.0090 0.9987
vn 0.0506 0.0069 0.9987
vn 0.0507 0.0063 0.9987
vn 0.0506 0.0078 0.9987
vn 0.0505 0.0074 0.9987
vn 0.0506 0.0061 0.9987
vn 0.0507 0.0064 0.9987
vn 0.0506 0.0070 0.9987
vn 0.0506 0.0065 0.9987
vn 0.0508 0.0053 0.9987
vn 0.0506 0.0066 0.9987
vn 0.0506 0.0064 0.9987
vn 0.0506 0.0063 0.9987
vn 0.0507 0.0062 0.9987
vn 0.0508 0.0060 0.9987
vn 0.0507 0.0057 0.9987
vn 0.0507 0.0054 0.9987
vn 0.0507 0.0058 0.9987
vn 0.0507 0.0061 0.9987
vn 0.0507 0.0053 0.9987
vn 0.0485 0.0070 0.9988
vn -0.0283 0.7174 0.6961
vn 0.0485 0.0067 0.9988
vn 0.0487 0.0052 0.9988
vn 0.0485 0.0060 0.9988
vn 0.0485 0.0069 0.9988
vn 0.0485 0.0068 0.9988
vn 0.0486 0.0063 0.9988
vn 0.0485 0.0064 0.9988
vn 0.0486 0.0053 0.9988
vn 0.0487 0.0068 0.9988
vn 0.0486 0.0059 0.9988
vn 0.0486 0.0051 0.9988
vn 0.0486 0.0060 0.9988
vn 0.0486 0.0065 0.9988
vn 0.0488 0.0051 0.9988
vn 0.0486 0.0054 0.9988
vn 0.0485 0.0054 0.9988
vn 0.0486 0.0058 0.9988
vn 0.0487 0.0066 0.9988
vn 0.0488 0.0060 0.9988
vn 0.0487 0.0051 0.9988
vn 0.0487 0.0059 0.9988
vn 0.0488 0.0048 0.9988
vn 0.0487 0.0054 0.9988
vn 0.0487 0.0058 0.9988
vn 0.0325 0.0041 0.9995
vn 0.0048 0.7165 0.6976
vn 0.0325 0.0039 0.9995
vn 0.0325 0.0037 0.9995
vn 0.0325 0.0050 0.9995
vn 0.0325 0.0038 0.9995
vn 0.0325 0.0040 0.9995
vn 0.0325 0.0053 0.9995
vn 0.0326 0.0038 0.9995
vn 0.0326 0.0034 0.9995
vn 0.0326 0.0035 0.9995
vn 0.0326 0.0039 0.9995
vn 0.0327 0.0030 0.9995
vn 0.0327 0.0024 0.9995
vn 0.0327 0.0040 0.9995
vn 0.0327 0.0031 0.9995
vn 0.0327 0.0036 0.9995
vn 0.0327 0.0038 0.9995
vn 0.0327 0.0033 0.9995
vn 0.0327 0.0032 0.9995
vn 0.0327 0.0039 0.9995
vn 0.0105 0.0013 0.9999
vn 0.0074 0.7099 0.7043
vn 0.0104 0.0012 0.9999
vn 0.0105 0.0012 0.9999
vn 0.0105 0.0019 0.9999
vn 0.0105 0.0016 0.9999
vn 0.0105 0.0007 0.9999
vn 0.0105 0.0010 0.9999
vn 0.0105 0.0009 0.9999
vn 0.0106 0.0013 0.9999
vn 0.0106 0.0008 0.9999
vn 0.0106 0.0014 0.9999
vn -0.0001 0.7075 0.7067
vn 0.0001 0.0002 1.0000
vn 0.0000 0.7071 0.7071
vn 0.5774 0.5774 0.5774
vn 0.7071 0.7071 0.0000
vn 0.0000 -1.0000 -0.0000
vn 0.0243 -0.9997 -0.0000
vn 0.0855 -0.9963 -0.0000
vn 0.1403 -0.9901 -0.0000
vn 0.1585 -0.9874 -0.0000
vn 0.1406 -0.9901 -0.0000
vn 0.0861 -0.9963 -0.0000
vn 0.0247 -0.9997 -0.0000
vn -0.0247 -0.9997 -0.0000
vn -0.0861 -0.9963 -0.0000
vn -0.1406 -0.9901 -0.0000
vn -0.0795 -0.9968 -0.0000
vn 0.0795 -0.9968 -0.0000
vn 0.0854 -0.9963 -0.0000
vn -0.0000 1.0000 0.0000
vn -0.0243 0.9997 0.0000
vn -0.0855 0.9963 0.0000
vn -0.1403 0.9901 0.0000
vn -0.1585 0.9874 0.0000
vn -0.1406 0.9901 0.0000
vn -0.0861 0.9963 0.0000
vn -0.0247 0.9997 0.0000
vn 0.0247 0.9997 0.0000
vn 0.0861 0.9963 0.0000
vn 0.1406 0.9901 0.0000
vn 0.0795 0.9968 0.0000
vn -0.0795 0.9968 0.0000
vn -0.4339 -0.9010 -0.0000
vn -0.9749 -0.2225 -0.0000
vn -0.7818 0.6235 0.0000
vn 0.7818 0.6235 0.0000
vn -0.0000 0.0000 -1.0000
vn 0.9749 -0.2225 -0.0000
vn 0.4339 -0.9010 -0.0000
usemtl flag_material
s 1
f 1/1/1 2/2/2 3/3/3 4/4/4
f 5/5/5 6/6/6 7/7/7 8/8/8
f 9/9/9 10/10/10 11/11/11 12/12/12
f 13/13/13 14/14/14 15/15/15 16/16/16
f 17/17/17 18/18/6 19/19/18 20/20/19
f 21/21/20 8/22/8 7/23/7 22/24/21
f 12/12/12 11/11/11 23/25/22 24/26/23
f 24/26/23 23/25/22 25/27/24 26/28/25
f 26/28/25 25/27/24 27/29/26 28/30/27
f 28/30/27 27/29/26 29/31/28 30/32/29
f 30/32/29 29/31/28 31/33/30 32/34/31
f 32/34/31 31/33/30 33/35/32 34/36/33
f 34/36/33 33/35/32 35/37/34 36/38/35
f 36/38/35 35/37/34 37/39/36 38/40/37
f 38/40/37 37/39/36 39/41/38 40/42/39
f 40/42/39 39/41/38 41/43/40 42/44/41
f 42/44/41 41/43/40 43/45/42 44/46/43
f 44/46/43 43/45/42 45/47/44 46/48/45
f 46/48/45 45/47/44 47/49/46 48/50/47
f 48/50/47 47/49/46 49/51/48 50/52/49
f 50/52/49 49/51/48 51/53/50 52/54/51
f 52/54/51 51/53/50 53/55/52 54/56/53
f 54/56/53 53/55/52 55/57/54 56/58/55
f 56/58/55 55/57/54 57/59/56 58/60/57
f 58/60/57 57/59/56 59/61/58 60/62/59
f 60/62/59 59/61/58 61/63/60 62/64/61
f 62/64/61 61/63/60 63/65/62 64/66/63
f 64/66/63 63/65/62 65/67/64 66/68/65
f 66/68/65 65/67/64 67/69/66 68/70/67
f 68/70/67 67/69/66 69/71/68 70/72/69
f 70/72/69 69/71/68 71/73/70 72/74/71
f 72/74/71 71/73/70 73/75/72 74/76/73
f 74/76/73 73/75/72 75/77/74 76/78/75
f 76/78/75 75/77/74 77/79/76 78/80/77
f 78/80/77 77/79/76 79/81/78 80/82/79
f 80/82/79 79/81/78 8/22/8 21/21/20
f 81/83/80 82/84/81 83/85/82 84/86/83
f 82/84/81 85/87/84 86/88/85 83/85/82
f 85/87/84 87/89/86 88/90/85 86/88/85
f 87/89/86 89/91/87 90/92/88 88/90/85
f 89/91/87 91/93/89 92/94/90 90/92/88
f 91/93/89 93/95/91 94/96/92 92/94/90
f 93/95/91 95/97/93 96/98/94 94/96/92
f 95/97/93 97/99/95 98/100/96 96/98/94
f 97/99/95 99/101/97 100/102/98 98/100/96
f 99/101/97 101/103/89 102/104/94 100/102/98
f 101/103/89 103/105/99 104/106/100 102/104/94
f 103/105/99 105/107/101 106/108/102 104/106/100
f 105/107/101 107/109/103 108/110/104 106/108/102
f 107/109/103 109/111/105 110/112/106 108/110/104
f 109/111/105 111/113/107 112/114/108 110/112/106
f 111/113/107 113/115/109 114/116/110 112/114/108
f 113/115/109 115/117/111 116/118/112 114/116/110
f 115/117/111 117/119/113 118/120/114 116/118/112
f 117/119/113 119/121/115 120/122/116 118/120/114
f 119/121/115 121/123/117 122/124/118 120/122/116
f 121/123/117 123/125/119 124/126/120 122/124/118
f 123/125/119 125/127/121 126/128/122 124/126/120
f 125/127/121 127/129/123 128/130/124 126/128/122
f 127/129/123 129/131/125 130/132/126 128/130/124
f 129/131/125 131/133/127 132/134/128 130/132/126
f 131/133/127 133/135/129 134/136/130 132/134/128
f 133/135/129 135/137/131 136/138/132 134/136/130
f 135/137/131 137/139/99 138/140/133 136/138/132
f 137/139/99 139/141/134 140/142/133 138/140/133
f 139/141/134 12/12/12 24/26/23 140/142/133
f 84/86/83 83/85/82 141/143/135 142/144/136
f 83/85/82 86/88/85 143/145/137 141/143/135
f 86/88/85 88/90/85 144/146/138 143/145/137
f 88/90/85 90/92/88 145/147/139 144/146/138
f 90/92/88 92/94/90 146/148/140 145/147/139
f 92/94/90 94/96/92 147/149/137 146/148/140
f 94/96/92 96/98/94 148/150/140 147/149/137
f 96/98/94 98/100/96 149/151/141 148/150/140
f 98/100/96 100/102/98 150/152/142 149/151/141
f 100/102/98 102/104/94 151/153/143 150/152/142
f 102/104/94 104/106/100 152/154/141 151/153/143
f 104/106/100 106/108/102 153/155/144 152/154/141
f 106/108/102 108/110/104 154/156/145 153/155/144
f 108/110/104 110/112/106 155/157/139 154/156/145
f 110/112/106 112/114/108 156/158/146 155/157/139
f 112/114/108 114/116/110 157/159/147 156/158/146
f 114/116/110 116/118/112 158/160/148 157/159/147
f 116/118/112 118/120/114 159/161/145 158/160/148
f 118/120/114 120/122/116 160/162/149 159/161/145
f 120/122/116 122/124/118 161/163/150 160/162/149
f 122/124/118 124/126/120 162/164/151 161/163/150
f 124/126/120 126/128/122 163/165/150 162/164/151
f 126/128/122 128/130/124 164/166/152 163/165/150
f 128/130/124 130/132/126 165/167/153 164/166/152
f 130/132/126 132/134/128 166/168/151 165/167/153
f 132/134/128 134/136/130 167/169/154 166/168/151
f 134/136/130 136/138/132 168/170/155 167/169/154
f 136/138/132 138/140/133 169/171/156 168/170/155
f 138/140/133 140/142/133 170/172/157 169/171/156
f 140/142/133 24/26/23 26/28/25 170/172/157
f 142/144/136 141/143/135 171/173/158 172/174/159
f 141/143/135 143/145/137 173/175/160 171/173/158
f 143/145/137 144/146/138 174/176/161 173/175/160
f 144/146/138 145/147/139 175/177/162 174/176/161
f 145/147/139 146/148/140 176/178/161 175/177/162
f 146/148/140 147/149/137 177/179/161 176/178/161
f 147/149/137 148/150/140 178/180/163 177/179/161
f 148/150/140 149/151/141 179/181/164 178/180/163
f 149/151/141 150/152/142 180/182/165 179/181/164
f 150/152/142 151/153/143 181/183/166 180/182/165
f 151/153/143 152/154/141 182/184/167 181/183/166
f 152/154/141 153/155/144 183/185/167 182/184/167
f 153/155/144 154/156/145 184/186/168 183/185/167
f 154/156/145 155/157/139 185/187/169 184/186/168
f 155/157/139 156/158/146 186/188/170 185/187/169
f 156/158/146 157/159/147 187/189/171 186/188/170
f 157/159/147 158/160/148 188/190/172 187/189/171
f 158/160/148 159/161/145 189/191/173 188/190/172
f 159/161/145 160/162/149 190/192/174 189/191/173
f 160/162/149 161/163/150 191/193/170 190/192/174
f 161/163/150 162/164/151 192/194/175 191/193/170
f 162/164/151 163/165/150 193/195/173 192/194/175
f 163/165/150 164/166/152 194/196/173 193/195/173
f 164/166/152 165/167/153 195/197/176 194/196/173
f 165/167/153 166/168/151 196/198/177 195/197/176
f 166/168/151 167/169/154 197/199/175 196/198/177
f 167/169/154 168/170/155 198/200/178 197/199/175
f 168/170/155 169/171/156 199/201/179 198/200/178
f 169/171/156 170/172/157 200/202/180 199/201/179
f 170/172/157 26/28/25 28/30/27 200/202/180
f 172/174/159 171/173/158 201/203/181 202/204/182
f 171/173/158 173/175/160 203/205/183 201/203/181
f 173/175/160 174/176/161 204/206/184 203/205/183
f 174/176/161 175/177/162 205/207/185 204/206/184
f 175/177/162 176/178/161 206/208/186 205/207/185
f 176/178/161 177/179/161 207/209/184 206/208/186
f 177/179/161 178/180/163 208/210/187 207/209/184
f 178/180/163 179/181/164 209/211/188 208/210/187
f 179/181/164 180/182/165 210/212/189 209/211/188
f 180/182/165 181/183/166 211/213/190 210/212/189
f 181/183/166 182/184/167 212/214/191 211/213/190
f 182/184/167 183/185/167 213/215/192 212/214/191
f 183/185/167 184/186/168 214/216/193 213/215/192
f 184/186/168 185/187/169 215/217/194 214/216/193
f 185/187/169 186/188/170 216/218/195 215/217/194
f 186/188/170 187/189/171 217/219/196 216/218/195
f 187/189/171 188/190/172 218/220/197 217/219/196
f 188/190/172 189/191/173 219/221/198 218/220/197
f 189/191/173 190/192/174 220/222/199 219/221/198
f 190/192/174 191/193/170 221/223/196 220/222/199
f 191/193/170 192/194/175 222/224/200 221/223/196
f 192/194/175 193/195/173 223/225/201 222/224/200
f 193/195/173 194/196/173 224/226/202 223/225/201
f 194/196/173 195/197/176 225/227/203 224/226/202
f 195/197/176 196/198/177 226/228/204 225/227/203
f 196/198/177 197/199/175 227/229/203 226/228/204
f 197/199/175 198/200/178 228/230/205 227/229/203
f 198/200/178 199/201/179 229/231/206 228/230/205
f 199/201/179 200/202/180 230/232/207 229/231/206
f 200/202/180 28/30/27 30/32/29 230/232/207
f 202/204/182 201/203/181 231/233/208 232/234/209
f 201/203/181 203/205/183 233/235/210 231/233/208
f 203/205/183 204/206/184 234/236/211 233/235/210
f 204/206/184 205/207/185 235/237/212 234/236/211
f 205/207/185 206/208/186 236/238/213 235/237/212
f 206/208/186 207/209/184 237/239/214 236/238/213
f 207/209/184 208/210/187 238/240/215 237/239/214
f 208/210/187 209/211/188 239/241/216 238/240/215
f 209/211/188 210/212/189 240/242/211 239/241/216
f 210/212/189 211/213/190 241/243/217 240/242/211
f 211/213/190 212/214/191 242/244/218 241/243/217
f 212/214/191 213/215/192 243/245/219 242/244/218
f 213/215/192 214/216/193 244/246/215 243/245/219
f 214/216/193 215/217/194 245/247/211 244/246/215
f 215/217/194 216/218/195 246/248/220 245/247/211
f 216/218/195 217/219/196 247/249/221 246/248/220
f 217/219/196 218/220/197 248/250/222 247/249/221
f 218/220/197 219/221/198 249/251/223 248/250/222
f 219/221/198 220/222/199 250/252/224 249/251/223
f 220/222/199 221/223/196 251/253/225 250/252/224
f 221/223/196 222/224/200 252/254/226 251/253/225
f 222/224/200 223/225/201 253/255/227 252/254/226
f 223/225/201 224/226/202 254/256/228 253/255/227
f 224/226/202 225/227/203 255/257/229 254/256/228
f 225/227/203 226/228/204 256/258/230 255/257/229
f 226/228/204 227/229/203 257/259/230 256/258/230
f 227/229/203 228/230/205 258/260/231 257/259/230
f 228/230/205 229/231/206 259/261/232 258/260/231
f 229/231/206 230/232/207 260/262/233 259/261/232
f 230/232/207 30/32/29 32/34/31 260/262/233
f 232/234/209 231/233/208 261/263/234 262/264/235
f 231/233/208 233/235/210 263/265/236 261/263/234
f 233/235/210 234/236/211 264/266/237 263/265/236
f 234/236/211 235/237/212 265/267/238 264/266/237
f 235/237/212 236/238/213 266/268/239 265/267/238
f 236/238/213 237/239/214 267/269/240 266/268/239
f 237/239/214 238/240/215 268/270/241 267/269/240
f 238/240/215 239/241/216 269/271/242 268/270/241
f 239/241/216 240/242/211 270/272/243 269/271/242
f 240/242/211 241/243/217 271/273/244 270/272/243
f 241/243/217 242/244/218 272/274/245 271/273/244
f 242/244/218 243/245/219 273/275/246 272/274/245
f 243/245/219 244/246/215 274/276/247 273/275/246
f 244/246/215 245/247/211 275/277/244 274/276/247
f 245/247/211 246/248/220 276/278/248 275/277/244
f 246/248/220 247/249/221 277/279/249 276/278/248
f 247/249/221 248/250/222 278/280/250 277/279/249
f 248/250/222 249/251/223 279/281/251 278/280/250
f 249/251/223 250/252/224 280/282/252 279/281/251
f 250/252/224 251/253/225 281/283/253 280/282/252
f 251/253/225 252/254/226 282/284/254 281/283/253
f 252/254/226 253/255/227 283/285/251 282/284/254
f 253/255/227 254/256/228 284/286/255 283/285/251
f 254/256/228 255/257/229 285/287/256 284/286/255
f 255/257/229 256/258/230 286/288/257 285/287/256
f 256/258/230 257/259/230 287/289/258 286/288/257
f 257/259/230 258/260/231 288/290/259 287/289/258
f 258/260/231 259/261/232 289/291/260 288/290/259
f 259/261/232 260/262/233 290/292/261 289/291/260
f 260/262/233 32/34/31 34/36/33 290/292/261
f 262/264/235 261/263/234 291/293/262 292/294/263
f 261/263/234 263/265/236 293/295/264 291/293/262
f 263/265/236 264/266/237 294/296/264 293/295/264
f 264/266/237 265/267/238 295/297/265 294/296/264
f 265/267/238 266/268/239 296/298/266 295/297/265
f 266/268/239 267/269/240 297/299/267 296/298/266
f 267/269/240 268/270/241 298/300/268 297/299/267
f 268/270/241 269/271/242 299/301/269 298/300/268
f 269/271/242 270/272/243 300/302/270 299/301/269
f 270/272/243 271/273/244 301/303/271 300/302/270
f 271/273/244 272/274/245 302/304/272 301/303/271
f 272/274/245 273/275/246 303/305/273 302/304/272
f 273/275/246 274/276/247 304/306/274 303/305/273
f 274/276/247 275/277/244 305/307/275 304/306/274
f 275/277/244 276/278/248 306/308/276 305/307/275
f 276/278/248 277/279/249 307/309/277 306/308/276
f 277/279/249 278/280/250 308/310/278 307/309/277
f 278/280/250 279/281/251 309/311/279 308/310/278
f 279/281/251 280/282/252 310/312/280 309/311/279
f 280/282/252 281/283/253 311/313/281 310/312/280
f 281/283/253 282/284/254 312/314/282 311/313/281
f 282/284/254 283/285/251 313/315/283 312/314/282
f 283/285/251 284/286/255 314/316/284 313/315/283
f 284/286/255 285/287/256 315/317/285 314/316/284
f 285/287/256 286/288/257 316/318/286 315/317/285
f 286/288/257 287/289/258 317/319/287 316/318/286
f 287/289/258 288/290/259 318/320/288 317/319/287
f 288/290/259 289/291/260 319/321/289 318/320/288
f 289/291/260 290/292/261 320/322/284 319/321/289
f 290/292/261 34/36/33 36/38/35 320/322/284
f 292/294/263 291/293/262 321/323/290 322/324/291
f 291/293/262 293/295/264 323/325/292 321/323/290
f 293/295/264 294/296/264 324/326/293 323/325/292
f 294/296/264 295/297/265 325/327/294 324/326/293
f 295/297/265 296/298/266 326/328/295 325/327/294
f 296/298/266 297/299/267 327/329/296 326/328/295
f 297/299/267 298/300/268 328/330/297 327/329/296
f 298/300/268 299/301/269 329/331/298 328/330/297
f 299/301/269 300/302/270 330/332/299 329/331/298
f 300/302/270 301/303/271 331/333/300 330/332/299
f 301/303/271 302/304/272 332/334/301 331/333/300
f 302/304/272 303/305/273 333/335/302 332/334/301
f 303/305/273 304/306/274 334/336/303 333/335/302
f 304/306/274 305/307/275 335/337/304 334/336/303
f 305/307/275 306/308/276 336/338/305 335/337/304
f 306/308/276 307/309/277 337/339/306 336/338/305
f 307/309/277 308/310/278 338/340/307 337/339/306
f 308/310/278 309/311/279 339/341/308 338/340/307
f 309/311/279 310/312/280 340/342/309 339/341/308
f 310/312/280 311/313/281 341/343/310 340/342/309
f 311/313/281 312/314/282 342/344/311 341/343/310
f 312/314/282 313/315/283 343/345/311 342/344/311
f 313/315/283 314/316/284 344/346/312 343/345/311
f 314/316/284 315/317/285 345/347/312 344/346/312
f 315/317/285 316/318/286 346/348/313 345/347/312
f 316/318/286 317/319/287 347/349/314 346/348/313
f 317/319/287 318/320/288 348/350/315 347/349/314
f 318/320/288 319/321/289 349/351/316 348/350/315
f 319/321/289 320/322/284 350/352/317 349/351/316
f 320/322/284 36/38/35 38/40/37 350/352/317
f 322/324/291 321/323/290 351/353/318 352/354/319
f 321/323/290 323/325/292 353/355/320 351/353/318
f 323/325/292 324/326/293 354/356/321 353/355/320
f 324/326/293 325/327/294 355/357/322 354/356/321
f 325/327/294 326/328/295 356/358/323 355/357/322
f 326/328/295 327/329/296 357/359/324 356/358/323
f 327/329/296 328/330/297 358/360/325 357/359/324
f 328/330/297 329/331/298 359/361/326 358/360/325
f 329/331/298 330/332/299 360/362/327 359/361/326
f 330/332/299 331/333/300 361/363/328 360/362/327
f 331/333/300 332/334/301 362/364/329 361/363/328
f 332/334/301 333/335/302 363/365/330 362/364/329
f 333/335/302 334/336/303 364/366/331 363/365/330
f 334/336/303 335/337/304 365/367/332 364/366/331
f 335/337/304 336/338/305 366/368/333 365/367/332
f 336/338/305 337/339/306 367/369/334 366/368/333
f 337/339/306 338/340/307 368/370/335 367/369/334
f 338/340/307 339/341/308 369/371/336 368/370/335
f 339/341/308 340/342/309 370/372/337 369/371/336
f 340/342/309 341/343/310 371/373/338 370/372/337
f 341/343/310 342/344/311 372/374/339 371/373/338
f 342/344/311 343/345/311 373/375/340 372/374/339
f 343/345/311 344/346/312 374/376/341 373/375/340
f 344/346/312 345/347/312 375/377/342 374/376/341
f 345/347/312 346/348/313 376/378/343 375/377/342
f 346/348/313 347/349/314 377/379/344 376/378/343
f 347/349/314 348/350/315 378/380/345 377/379/344
f 348/350/315 349/351/316 379/381/346 378/380/345
f 349/351/316 350/352/317 380/382/343 379/381/346
f 350/352/317 38/40/37 40/42/39 380/382/343
f 352/354/319 351/353/318 381/383/347 382/384/348
f 351/353/318 353/355/320 383/385/349 381/383/347
f 353/355/320 354/356/321 384/386/350 383/385/349
f 354/356/321 355/357/322 385/387/351 384/386/350
f 355/357/322 356/358/323 386/388/352 385/387/351
f 356/358/323 357/359/324 387/389/353 386/388/352
f 357/359/324 358/360/325 388/390/354 387/389/353
f 358/360/325 359/361/326 389/391/355 388/390/354
f 359/361/326 360/362/327 390/392/355 389/391/355
f 360/362/327 361/363/328 391/393/355 390/392/355
f 361/363/328 362/364/329 392/394/356 391/393/355
f 362/364/329 363/365/330 393/395/357 392/394/356
f 363/365/330 364/366/331 394/396/358 393/395/357
f 364/366/331 365/367/332 395/397/359 394/396/358
f 365/367/332 366/368/333 396/398/360 395/397/359
f 366/368/333 367/369/334 397/399/361 396/398/360
f 367/369/334 368/370/335 398/400/362 397/399/361
f 368/370/335 369/371/336 399/401/356 398/400/362
f 369/371/336 370/372/337 400/402/361 399/401/356
f 370/372/337 371/373/338 401/403/362 400/402/361
f 371/373/338 372/374/339 402/404/363 401/403/362
f 372/374/339 373/375/340 403/405/361 402/404/363
f 373/375/340 374/376/341 404/406/364 403/405/361
f 374/376/341 375/377/342 405/407/365 404/406/364
f 375/377/342 376/378/343 406/408/366 405/407/365
f 376/378/343 377/379/344 407/409/367 406/408/366
f 377/379/344 378/380/345 408/410/368 407/409/367
f 378/380/345 379/381/346 409/411/369 408/410/368
f 379/381/346 380/382/343 410/412/370 409/411/369
f 380/382/343 40/42/39 42/44/41 410/412/370
f 382/384/348 381/383/347 411/413/371 412/414/372
f 381/383/347 383/385/349 413/415/373 411/413/371
f 383/385/349 384/386/350 414/416/374 413/415/373
f 384/386/350 385/387/351 415/417/375 414/416/374
f 385/387/351 386/388/352 416/418/373 415/417/375
f 386/388/352 387/389/353 417/419/376 416/418/373
f 387/389/353 388/390/354 418/420/377 417/419/376
f 388/390/354 389/391/355 419/421/378 418/420/377
f 389/391/355 390/392/355 420/422/379 419/421/378
f 390/392/355 391/393/355 421/423/378 420/422/379
f 391/393/355 392/394/356 422/424/380 421/423/378
f 392/394/356 393/395/357 423/425/381 422/424/380
f 393/395/357 394/396/358 424/426/382 423/425/381
f 394/396/358 395/397/359 425/427/379 424/426/382
f 395/397/359 396/398/360 426/428/383 425/427/379
f 396/398/360 397/399/361 427/429/384 426/428/383
f 397/399/361 398/400/362 428/430/382 427/429/384
f 398/400/362 399/401/356 429/431/385 428/430/382
f 399/401/356 400/402/361 430/432/385 429/431/385
f 400/402/361 401/403/362 431/433/386 430/432/385
f 401/403/362 402/404/363 432/434/387 431/433/386
f 402/404/363 403/405/361 433/435/388 432/434/387
f 403/405/361 404/406/364 434/436/389 433/435/388
f 404/406/364 405/407/365 435/437/390 434/436/389
f 405/407/365 406/408/366 436/438/391 435/437/390
f 406/408/366 407/409/367 437/439/392 436/438/391
f 407/409/367 408/410/368 438/440/393 437/439/392
f 408/410/368 409/411/369 439/441/394 438/440/393
f 409/411/369 410/412/370 440/442/395 439/441/394
f 410/412/370 42/44/41 44/46/43 440/442/395
f 412/414/372 411/413/371 441/443/396 442/444/397
f 411/413/371 413/415/373 443/445/398 441/443/396
f 413/415/373 414/416/374 444/446/399 443/445/398
f 414/416/374 415/417/375 445/447/400 444/446/399
f 415/417/375 416/418/373 446/448/401 445/447/400
f 416/418/373 417/419/376 447/449/402 446/448/401
f 417/419/376 418/420/377 448/450/403 447/449/402
f 418/420/377 419/421/378 449/451/404 448/450/403
f 419/421/378 420/422/379 450/452/405 449/451/404
f 420/422/379 421/423/378 451/453/402 450/452/405
f 421/423/378 422/424/380 452/454/406 451/453/402
f 422/424/380 423/425/381 453/455/407 452/454/406
f 423/425/381 424/426/382 454/456/408 453/455/407
f 424/426/382 425/427/379 455/457/409 454/456/408
f 425/427/379 426/428/383 456/458/410 455/457/409
f 426/428/383 427/429/384 457/459/411 456/458/410
f 427/429/384 428/430/382 458/460/412 457/459/411
f 428/430/382 429/431/385 459/461/413 458/460/412
f 429/431/385 430/432/385 460/462/414 459/461/413
f 430/432/385 431/433/386 461/463/415 460/462/414
f 431/433/386 432/434/387 462/464/415 461/463/415
f 432/434/387 433/435/388 463/465/416 462/464/415
f 433/435/388 434/436/389 464/466/417 463/465/416
f 434/436/389 435/437/390 465/467/418 464/466/417
f 435/437/390 436/438/391 466/468/419 465/467/418
f 436/438/391 437/439/392 467/469/420 466/468/419
f 437/439/392 438/440/393 468/470/421 467/469/420
f 438/440/393 439/441/394 469/471/422 468/470/421
f 439/441/394 440/442/395 470/472/423 469/471/422
f 440/442/395 44/46/43 46/48/45 470/472/423
f 442/444/397 441/443/396 471/473/424 472/474/425
f 441/443/396 443/445/398 473/475/426 471/473/424
f 443/445/398 444/446/399 474/476/427 473/475/426
f 444/446/399 445/447/400 475/477/428 474/476/427
f 445/447/400 446/448/401 476/478/429 475/477/428
f 446/448/401 447/449/402 477/479/430 476/478/429
f 447/449/402 448/450/403 478/480/431 477/479/430
f 448/450/403 449/451/404 479/481/432 478/480/431
f 449/451/404 450/452/405 480/482/433 479/481/432
f 450/452/405 451/453/402 481/483/428 480/482/433
f 451/453/402 452/454/406 482/484/434 481/483/428
f 452/454/406 453/455/407 483/485/435 482/484/434
f 453/455/407 454/456/408 484/486/436 483/485/435
f 454/456/408 455/457/409 485/487/437 484/486/436
f 455/457/409 456/458/410 486/488/438 485/487/437
f 456/458/410 457/459/411 487/489/439 486/488/438
f 457/459/411 458/460/412 488/490/440 487/489/439
f 458/460/412 459/461/413 489/491/441 488/490/440
f 459/461/413 460/462/414 490/492/442 489/491/441
f 460/462/414 461/463/415 491/493/443 490/492/442
f 461/463/415 462/464/415 492/494/444 491/493/443
f 462/464/415 463/465/416 493/495/445 492/494/444
f 463/465/416 464/466/417 494/496/444 493/495/445
f 464/466/417 465/467/418 495/497/446 494/496/444
f 465/467/418 466/468/419 496/498/447 495/497/446
f 466/468/419 467/469/420 497/499/448 496/498/447
f 467/469/420 468/470/421 498/500/449 497/499/448
f 468/470/421 469/471/422 499/501/450 498/500/449
f 469/471/422 470/472/423 500/502/47 499/501/450
f 470/472/423 46/48/45 48/50/47 500/502/47
f 472/474/425 471/473/424 501/503/451 502/504/452
f 471/473/424 473/475/426 503/505/453 501/503/451
f 473/475/426 474/476/427 504/506/454 503/505/453
f 474/476/427 475/477/428 505/507/455 504/506/454
f 475/477/428 476/478/429 506/508/456 505/507/455
f 476/478/429 477/479/430 507/509/457 506/508/456
f 477/479/430 478/480/431 508/510/458 507/509/457
f 478/480/431 479/481/432 509/511/459 508/510/458
f 479/481/432 480/482/433 510/512/460 509/511/459
f 480/482/433 481/483/428 511/513/461 510/512/460
f 481/483/428 482/484/434 512/514/462 511/513/461
f 482/484/434 483/485/435 513/515/456 512/514/462
f 483/485/435 484/486/436 514/516/463 513/515/456
f 484/486/436 485/487/437 515/517/464 514/516/463
f 485/487/437 486/488/438 516/518/465 515/517/464
f 486/488/438 487/489/439 517/519/466 516/518/465
f 487/489/439 488/490/440 518/520/467 517/519/466
f 488/490/440 489/491/441 519/521/467 518/520/467
f 489/491/441 490/492/442 520/522/468 519/521/467
f 490/492/442 491/493/443 521/523/467 520/522/468
f 491/493/443 492/494/444 522/524/469 521/523/467
f 492/494/444 493/495/445 523/525/470 522/524/469
f 493/495/445 494/496/444 524/526/471 523/525/470
f 494/496/444 495/497/446 525/527/472 524/526/471
f 495/497/446 496/498/447 526/528/473 525/527/472
f 496/498/447 497/499/448 527/529/474 526/528/473
f 497/499/448 498/500/449 528/530/475 527/529/474
f 498/500/449 499/501/450 529/531/476 528/530/475
f 499/501/450 500/502/47 530/532/477 529/531/476
f 500/502/47 48/50/47 50/52/49 530/532/477
f 502/504/452 501/503/451 531/533/478 532/534/479
f 501/503/451 503/505/453 533/535/480 531/533/478
f 503/505/453 504/506/454 534/536/481 533/535/480
f 504/506/454 505/507/455 535/537/482 534/536/481
f 505/507/455 506/508/456 536/538/478 535/537/482
f 506/508/456 507/509/457 537/539/483 536/538/478
f 507/509/457 508/510/458 538/540/484 537/539/483
f 508/510/458 509/511/459 539/541/485 538/540/484
f 509/511/459 510/512/460 540/542/486 539/541/485
f 510/512/460 511/513/461 541/543/487 540/542/486
f 511/513/461 512/514/462 542/544/488 541/543/487
f 512/514/462 513/515/456 543/545/480 542/544/488
f 513/515/456 514/516/463 544/546/489 543/545/480
f 514/516/463 515/517/464 545/547/490 544/546/489
f 515/517/464 516/518/465 546/548/491 545/547/490
f 516/518/465 517/519/466 547/549/492 546/548/491
f 517/519/466 518/520/467 548/550/493 547/549/492
f 518/520/467 519/521/467 549/551/494 548/550/493
f 519/521/467 520/522/468 550/552/495 549/551/494
f 520/522/468 521/523/467 551/553/496 550/552/495
f 521/523/467 522/524/469 552/554/497 551/553/496
f 522/524/469 523/525/470 553/555/498 552/554/497
f 523/525/470 524/526/471 554/556/499 553/555/498
f 524/526/471 525/527/472 555/557/490 554/556/499
f 525/527/472 526/528/473 556/558/500 555/557/490
f 526/528/473 527/529/474 557/559/51 556/558/500
f 527/529/474 528/530/475 558/560/487 557/559/51
f 528/530/475 529/531/476 559/561/501 558/560/487
f 529/531/476 530/532/477 560/562/502 559/561/501
f 530/532/477 50/52/49 52/54/51 560/562/502
f 532/534/479 531/533/478 561/563/503 562/564/504
f 531/533/478 533/535/480 563/565/505 561/563/503
f 533/535/480 534/536/481 564/566/506 563/565/505
f 534/536/481 535/537/482 565/567/507 564/566/506
f 535/537/482 536/538/478 566/568/508 565/567/507
f 536/538/478 537/539/483 567/569/509 566/568/508
f 537/539/483 538/540/484 568/570/510 567/569/509
f 538/540/484 539/541/485 569/571/511 568/570/510
f 539/541/485 540/542/486 570/572/512 569/571/511
f 540/542/486 541/543/487 571/573/511 570/572/512
f 541/543/487 542/544/488 572/574/513 571/573/511
f 542/544/488 543/545/480 573/575/514 572/574/513
f 543/545/480 544/546/489 574/576/515 573/575/514
f 544/546/489 545/547/490 575/577/516 574/576/515
f 545/547/490 546/548/491 576/578/517 575/577/516
f 546/548/491 547/549/492 577/579/518 576/578/517
f 547/549/492 548/550/493 578/580/519 577/579/518
f 548/550/493 549/551/494 579/581/520 578/580/519
f 549/551/494 550/552/495 580/582/521 579/581/520
f 550/552/495 551/553/496 581/583/522 580/582/521
f 551/553/496 552/554/497 582/584/523 581/583/522
f 552/554/497 553/555/498 583/585/524 582/584/523
f 553/555/498 554/556/499 584/586/525 583/585/524
f 554/556/499 555/557/490 585/587/526 584/586/525
f 555/557/490 556/558/500 586/588/527 585/587/526
f 556/558/500 557/559/51 587/589/522 586/588/527
f 557/559/51 558/560/487 588/590/528 587/589/522
f 558/560/487 559/561/501 589/591/524 588/590/528
f 559/561/501 560/562/502 590/592/522 589/591/524
f 560/562/502 52/54/51 54/56/53 590/592/522
f 562/564/504 561/563/503 591/593/529 592/594/530
f 561/563/503 563/565/505 593/595/531 591/593/529
f 563/565/505 564/566/506 594/596/532 593/595/531
f 564/566/506 565/567/507 595/597/533 594/596/532
f 565/567/507 566/568/508 596/598/531 595/597/533
f 566/568/508 567/569/509 597/599/534 596/598/531
f 567/569/509 568/570/510 598/600/535 597/599/534
f 568/570/510 569/571/511 599/601/536 598/600/535
f 569/571/511 570/572/512 600/602/537 599/601/536
f 570/572/512 571/573/511 601/603/538 600/602/537
f 571/573/511 572/574/513 602/604/539 601/603/538
f 572/574/513 573/575/514 603/605/539 602/604/539
f 573/575/514 574/576/515 604/606/540 603/605/539
f 574/576/515 575/577/516 605/607/541 604/606/540
f 575/577/516 576/578/517 606/608/542 605/607/541
f 576/578/517 577/579/518 607/609/542 606/608/542
f 577/579/518 578/580/519 608/610/543 607/609/542
f 578/580/519 579/581/520 609/611/544 608/610/543
f 579/581/520 580/582/521 610/612/545 609/611/544
f 580/582/521 581/583/522 611/613/546 610/612/545
f 581/583/522 582/584/523 612/614/547 611/613/546
f 582/584/523 583/585/524 613/615/548 612/614/547
f 583/585/524 584/586/525 614/616/549 613/615/548
f 584/586/525 585/587/526 615/617/550 614/616/549
f 585/587/526 586/588/527 616/618/551 615/617/550
f 586/588/527 587/589/522 617/619/552 616/618/551
f 587/589/522 588/590/528 618/620/553 617/619/552
f 588/590/528 589/591/524 619/621/554 618/620/553
f 589/591/524 590/592/522 620/622/555 619/621/554
f 590/592/522 54/56/53 56/58/55 620/622/555
f 592/594/530 591/593/529 621/623/556 622/624/557
f 591/593/529 593/595/531 623/625/558 621/623/556
f 593/595/531 594/596/532 624/626/559 623/625/558
f 594/596/532 595/597/533 625/627/560 624/626/559
f 595/597/533 596/598/531 626/628/561 625/627/560
f 596/598/531 597/599/534 627/629/562 626/628/561
f 597/599/534 598/600/535 628/630/563 627/629/562
f 598/600/535 599/601/536 629/631/564 628/630/563
f 599/601/536 600/602/537 630/632/561 629/631/564
f 600/602/537 601/603/538 631/633/565 630/632/561
f 601/603/538 602/604/539 632/634/566 631/633/565
f 602/604/539 603/605/539 633/635/564 632/634/566
f 603/605/539 604/606/540 634/636/567 633/635/564
f 604/606/540 605/607/541 635/637/568 634/636/567
f 605/607/541 606/608/542 636/638/568 635/637/568
f 606/608/542 607/609/542 637/639/569 636/638/568
f 607/609/542 608/610/543 638/640/568 637/639/569
f 608/610/543 609/611/544 639/641/570 638/640/568
f 609/611/544 610/612/545 640/642/565 639/641/570
f 610/612/545 611/613/546 641/643/571 640/642/565
f 611/613/546 612/614/547 642/644/572 641/643/571
f 612/614/547 613/615/548 643/645/573 642/644/572
f 613/615/548 614/616/549 644/646/570 643/645/573
f 614/616/549 615/617/550 645/647/574 644/646/570
f 615/617/550 616/618/551 646/648/575 645/647/574
f 616/618/551 617/619/552 647/649/57 646/648/575
f 617/619/552 618/620/553 648/650/57 647/649/57
f 618/620/553 619/621/554 649/651/576 648/650/57
f 619/621/554 620/622/555 650/652/577 649/651/576
f 620/622/555 56/58/55 58/60/57 650/652/577
f 622/624/557 621/623/556 651/653/578 652/654/579
f 621/623/556 623/625/558 653/655/580 651/653/578
f 623/625/558 624/626/559 654/656/581 653/655/580
f 624/626/559 625/627/560 655/657/582 654/656/581
f 625/627/560 626/628/561 656/658/583 655/657/582
f 626/628/561 627/629/562 657/659/584 656/658/583
f 627/629/562 628/630/563 658/660/585 657/659/584
f 628/630/563 629/631/564 659/661/586 658/660/585
f 629/631/564 630/632/561 660/662/587 659/661/586
f 630/632/561 631/633/565 661/663/585 660/662/587
f 631/633/565 632/634/566 662/664/588 661/663/585
f 632/634/566 633/635/564 663/665/589 662/664/588
f 633/635/564 634/636/567 664/666/585 663/665/589
f 634/636/567 635/637/568 665/667/590 664/666/585
f 635/637/568 636/638/568 666/668/589 665/667/590
f 636/638/568 637/639/569 667/669/591 666/668/589
f 637/639/569 638/640/568 668/670/592 667/669/591
f 638/640/568 639/641/570 669/671/593 668/670/592
f 639/641/570 640/642/565 670/672/593 669/671/593
f 640/642/565 641/643/571 671/673/594 670/672/593
f 641/643/571 642/644/572 672/674/595 671/673/594
f 642/644/572 643/645/573 673/675/596 672/674/595
f 643/645/573 644/646/570 674/676/597 673/675/596
f 644/646/570 645/647/574 675/677/598 674/676/597
f 645/647/574 646/648/575 676/678/599 675/677/598
f 646/648/575 647/649/57 677/679/596 676/678/599
f 647/649/57 648/650/57 678/680/600 677/679/596
f 648/650/57 649/651/576 679/681/601 678/680/600
f 649/651/576 650/652/577 680/682/602 679/681/601
f 650/652/577 58/60/57 60/62/59 680/682/602
f 652/654/579 651/653/578 681/683/603 682/684/604
f 651/653/578 653/655/580 683/685/605 681/683/603
f 653/655/580 654/656/581 684/686/606 683/685/605
f 654/656/581 655/657/582 685/687/607 684/686/606
f 655/657/582 656/658/583 686/688/608 685/687/607
f 656/658/583 657/659/584 687/689/609 686/688/608
f 657/659/584 658/660/585 688/690/610 687/689/609
f 658/660/585 659/661/586 689/691/606 688/690/610
f 659/661/586 660/662/587 690/692/605 689/691/606
f 660/662/587 661/663/585 691/693/606 690/692/605
f 661/663/585 662/664/588 692/694/611 691/693/606
f 662/664/588 663/665/589 693/695/612 692/694/611
f 663/665/589 664/666/585 694/696/613 693/695/612
f 664/666/585 665/667/590 695/697/614 694/696/613
f 665/667/590 666/668/589 696/698/615 695/697/614
f 666/668/589 667/669/591 697/699/616 696/698/615
f 667/669/591 668/670/592 698/700/617 697/699/616
f 668/670/592 669/671/593 699/701/618 698/700/617
f 669/671/593 670/672/593 700/702/619 699/701/618
f 670/672/593 671/673/594 701/703/620 700/702/619
f 671/673/594 672/674/595 702/704/621 701/703/620
f 672/674/595 673/675/596 703/705/622 702/704/621
f 673/675/596 674/676/597 704/706/623 703/705/622
f 674/676/597 675/677/598 705/707/624 704/706/623
f 675/677/598 676/678/599 706/708/625 705/707/624
f 676/678/599 677/679/596 707/709/626 706/708/625
f 677/679/596 678/680/600 708/710/627 707/709/626
f 678/680/600 679/681/601 709/711/621 708/710/627
f 679/681/601 680/682/602 710/712/628 709/711/621
f 680/682/602 60/62/59 62/64/61 710/712/628
f 682/684/604 681/683/603 711/713/629 712/714/630
f 681/683/603 683/685/605 713/715/631 711/713/629
f 683/685/605 684/686/606 714/716/632 713/715/631
f 684/686/606 685/687/607 715/717/633 714/716/632
f 685/687/607 686/688/608 716/718/634 715/717/633
f 686/688/608 687/689/609 717/719/635 716/718/634
f 687/689/609 688/690/610 718/720/636 717/719/635
f 688/690/610 689/691/606 719/721/637 718/720/636
f 689/691/606 690/692/605 720/722/638 719/721/637
f 690/692/605 691/693/606 721/723/639 720/722/638
f 691/693/606 692/694/611 722/724/640 721/723/639
f 692/694/611 693/695/612 723/725/639 722/724/640
f 693/695/612 694/696/613 724/726/641 723/725/639
f 694/696/613 695/697/614 725/727/642 724/726/641
f 695/697/614 696/698/615 726/728/643 725/727/642
f 696/698/615 697/699/616 727/729/644 726/728/643
f 697/699/616 698/700/617 728/730/643 727/729/644
f 698/700/617 699/701/618 729/731/645 728/730/643
f 699/701/618 700/702/619 730/732/646 729/731/645
f 700/702/619 701/703/620 731/733/647 730/732/646
f 701/703/620 702/704/621 732/734/648 731/733/647
f 702/704/621 703/705/622 733/735/649 732/734/648
f 703/705/622 704/706/623 734/736/650 733/735/649
f 704/706/623 705/707/624 735/737/651 734/736/650
f 705/707/624 706/708/625 736/738/652 735/737/651
f 706/708/625 707/709/626 737/739/653 736/738/652
f 707/709/626 708/710/627 738/740/654 737/739/653
f 708/710/627 709/711/621 739/741/655 738/740/654
f 709/711/621 710/712/628 740/742/63 739/741/655
f 710/712/628 62/64/61 64/66/63 740/742/63
f 712/714/630 711/713/629 741/743/656 742/744/657
f 711/713/629 713/715/631 743/745/658 741/743/656
f 713/715/631 714/716/632 744/746/659 743/745/658
f 714/716/632 715/717/633 745/747/660 744/746/659
f 715/717/633 716/718/634 746/748/661 745/747/660
f 716/718/634 717/719/635 747/749/662 746/748/661
f 717/719/635 718/720/636 748/750/663 747/749/662
f 718/720/636 719/721/637 749/751/664 748/750/663
f 719/721/637 720/722/638 750/752/665 749/751/664
f 720/722/638 721/723/639 751/753/666 750/752/665
f 721/723/639 722/724/640 752/754/667 751/753/666
f 722/724/640 723/725/639 753/755/668 752/754/667
f 723/725/639 724/726/641 754/756/669 753/755/668
f 724/726/641 725/727/642 755/757/670 754/756/669
f 725/727/642 726/728/643 756/758/671 755/757/670
f 726/728/643 727/729/644 757/759/672 756/758/671
f 727/729/644 728/730/643 758/760/673 757/759/672
f 728/730/643 729/731/645 759/761/674 758/760/673
f 729/731/645 730/732/646 760/762/675 759/761/674
f 730/732/646 731/733/647 761/763/676 760/762/675
f 731/733/647 732/734/648 762/764/675 761/763/676
f 732/734/648 733/735/649 763/765/677 762/764/675
f 733/735/649 734/736/650 764/766/678 763/765/677
f 734/736/650 735/737/651 765/767/679 764/766/678
f 735/737/651 736/738/652 766/768/680 765/767/679
f 736/738/652 737/739/653 767/769/680 766/768/680
f 737/739/653 738/740/654 768/770/680 767/769/680
f 738/740/654 739/741/655 769/771/681 768/770/680
f 739/741/655 740/742/63 770/772/681 769/771/681
f 740/742/63 64/66/63 66/68/65 770/772/681
f 742/744/657 741/743/656 771/773/682 772/774/683
f 741/743/656 743/745/658 773/775/684 771/773/682
f 743/745/658 744/746/659 774/776/685 773/775/684
f 744/746/659 745/747/660 775/777/686 774/776/685
f 745/747/660 746/748/661 776/778/687 775/777/686
f 746/748/661 747/749/662 777/779/688 776/778/687
f 747/749/662 748/750/663 778/780/689 777/779/688
f 748/750/663 749/751/664 779/781/690 778/780/689
f 749/751/664 750/752/665 780/782/691 779/781/690
f 750/752/665 751/753/666 781/783/692 780/782/691
f 751/753/666 752/754/667 782/784/693 781/783/692
f 752/754/667 753/755/668 783/785/694 782/784/693
f 753/755/668 754/756/669 784/786/695 783/785/694
f 754/756/669 755/757/670 785/787/696 784/786/695
f 755/757/670 756/758/671 786/788/697 785/787/696
f 756/758/671 757/759/672 787/789/698 786/788/697
f 757/759/672 758/760/673 788/790/699 787/789/698
f 758/760/673 759/761/674 789/791/699 788/790/699
f 759/761/674 760/762/675 790/792/700 789/791/699
f 760/762/675 761/763/676 791/793/701 790/792/700
f 761/763/676 762/764/675 792/794/702 791/793/701
f 762/764/675 763/765/677 793/795/703 792/794/702
f 763/765/677 764/766/678 794/796/704 793/795/703
f 764/766/678 765/767/679 795/797/705 794/796/704
f 765/767/679 766/768/680 796/798/706 795/797/705
f 766/768/680 767/769/680 797/799/707 796/798/706
f 767/769/680 768/770/680 798/800/708 797/799/707
f 768/770/680 769/771/681 799/801/709 798/800/708
f 769/771/681 770/772/681 800/802/710 799/801/709
f 770/772/681 66/68/65 68/70/67 800/802/710
f 772/774/683 771/773/682 801/803/711 802/804/712
f 771/773/682 773/775/684 803/805/713 801/803/711
f 773/775/684 774/776/685 804/806/714 803/805/713
f 774/776/685 775/777/686 805/807/715 804/806/714
f 775/777/686 776/778/687 806/808/716 805/807/715
f 776/778/687 777/779/688 807/809/717 806/808/716
f 777/779/688 778/780/689 808/810/718 807/809/717
f 778/780/689 779/781/690 809/811/717 808/810/718
f 779/781/690 780/782/691 810/812/719 809/811/717
f 780/782/691 781/783/692 811/813/720 810/812/719
f 781/783/692 782/784/693 812/814/721 811/813/720
f 782/784/693 783/785/694 813/815/722 812/814/721
f 783/785/694 784/786/695 814/816/723 813/815/722
f 784/786/695 785/787/696 815/817/724 814/816/723
f 785/787/696 786/788/697 816/818/725 815/817/724
f 786/788/697 787/789/698 817/819/723 816/818/725
f 787/789/698 788/790/699 818/820/726 817/819/723
f 788/790/699 789/791/699 819/821/727 818/820/726
f 789/791/699 790/792/700 820/822/728 819/821/727
f 790/792/700 791/793/701 821/823/729 820/822/728
f 791/793/701 792/794/702 822/824/730 821/823/729
f 792/794/702 793/795/703 823/825/731 822/824/730
f 793/795/703 794/796/704 824/826/732 823/825/731
f 794/796/704 795/797/705 825/827/733 824/826/732
f 795/797/705 796/798/706 826/828/734 825/827/733
f 796/798/706 797/799/707 827/829/735 826/828/734
f 797/799/707 798/800/708 828/830/736 827/829/735
f 798/800/708 799/801/709 829/831/736 828/830/736
f 799/801/709 800/802/710 830/832/737 829/831/736
f 800/802/710 68/70/67 70/72/69 830/832/737
f 802/804/712 801/803/711 831/833/738 832/834/739
f 801/803/711 803/805/713 833/835/740 831/833/738
f 803/805/713 804/806/714 834/836/741 833/835/740
f 804/806/714 805/807/715 835/837/742 834/836/741
f 805/807/715 806/808/716 836/838/743 835/837/742
f 806/808/716 807/809/717 837/839/744 836/838/743
f 807/809/717 808/810/718 838/840/745 837/839/744
f 808/810/718 809/811/717 839/841/746 838/840/745
f 809/811/717 810/812/719 840/842/747 839/841/746
f 810/812/719 811/813/720 841/843/743 840/842/747
f 811/813/720 812/814/721 842/844/748 841/843/743
f 812/814/721 813/815/722 843/845/749 842/844/748
f 813/815/722 814/816/723 844/846/750 843/845/749
f 814/816/723 815/817/724 845/847/750 844/846/750
f 815/817/724 816/818/725 846/848/751 845/847/750
f 816/818/725 817/819/723 847/849/752 846/848/751
f 817/819/723 818/820/726 848/850/753 847/849/752
f 818/820/726 819/821/727 849/851/754 848/850/753
f 819/821/727 820/822/728 850/852/755 849/851/754
f 820/822/728 821/823/729 851/853/756 850/852/755
f 821/823/729 822/824/730 852/854/71 851/853/756
f 822/824/730 823/825/731 853/855/71 852/854/71
f 823/825/731 824/826/732 854/856/757 853/855/71
f 824/826/732 825/827/733 855/857/758 854/856/757
f 825/827/733 826/828/734 856/858/759 855/857/758
f 826/828/734 827/829/735 857/859/760 856/858/759
f 827/829/735 828/830/736 858/860/760 857/859/760
f 828/830/736 829/831/736 859/861/761 858/860/760
f 829/831/736 830/832/737 860/862/762 859/861/761
f 830/832/737 70/72/69 72/74/71 860/862/762
f 832/834/739 831/833/738 861/863/763 862/864/764
f 831/833/738 833/835/740 863/865/765 861/863/763
f 833/835/740 834/836/741 864/866/766 863/865/765
f 834/836/741 835/837/742 865/867/767 864/866/766
f 835/837/742 836/838/743 866/868/768 865/867/767
f 836/838/743 837/839/744 867/869/769 866/868/768
f 837/839/744 838/840/745 868/870/770 867/869/769
f 838/840/745 839/841/746 869/871/771 868/870/770
f 839/841/746 840/842/747 870/872/772 869/871/771
f 840/842/747 841/843/743 871/873/773 870/872/772
f 841/843/743 842/844/748 872/874/774 871/873/773
f 842/844/748 843/845/749 873/875/767 872/874/774
f 843/845/749 844/846/750 874/876/774 873/875/767
f 844/846/750 845/847/750 875/877/775 874/876/774
f 845/847/750 846/848/751 876/878/776 875/877/775
f 846/848/751 847/849/752 877/879/776 876/878/776
f 847/849/752 848/850/753 878/880/777 877/879/776
f 848/850/753 849/851/754 879/881/778 878/880/777
f 849/851/754 850/852/755 880/882/779 879/881/778
f 850/852/755 851/853/756 881/883/780 880/882/779
f 851/853/756 852/854/71 882/884/781 881/883/780
f 852/854/71 853/855/71 883/885/778 882/884/781
f 853/855/71 854/856/757 884/886/782 883/885/778
f 854/856/757 855/857/758 885/887/783 884/886/782
f 855/857/758 856/858/759 886/888/784 885/887/783
f 856/858/759 857/859/760 887/889/785 886/888/784
f 857/859/760 858/860/760 888/890/73 887/889/785
f 858/860/760 859/861/761 889/891/786 888/890/73
f 859/861/761 860/862/762 890/892/787 889/891/786
f 860/862/762 72/74/71 74/76/73 890/892/787
f 862/864/764 861/863/763 891/893/788 892/894/789
f 861/863/763 863/865/765 893/895/790 891/893/788
f 863/865/765 864/866/766 894/896/791 893/895/790
f 864/866/766 865/867/767 895/897/792 894/896/791
f 865/867/767 866/868/768 896/898/793 895/897/792
f 866/868/768 867/869/769 897/899/794 896/898/793
f 867/869/769 868/870/770 898/900/795 897/899/794
f 868/870/770 869/871/771 899/901/796 898/900/795
f 869/871/771 870/872/772 900/902/797 899/901/796
f 870/872/772 871/873/773 901/903/798 900/902/797
f 871/873/773 872/874/774 902/904/799 901/903/798
f 872/874/774 873/875/767 903/905/799 902/904/799
f 873/875/767 874/876/774 904/906/800 903/905/799
f 874/876/774 875/877/775 905/907/801 904/906/800
f 875/877/775 876/878/776 906/908/801 905/907/801
f 876/878/776 877/879/776 907/909/802 906/908/801
f 877/879/776 878/880/777 908/910/796 907/909/802
f 878/880/777 879/881/778 909/911/803 908/910/796
f 879/881/778 880/882/779 910/912/804 909/911/803
f 880/882/779 881/883/780 911/913/805 910/912/804
f 881/883/780 882/884/781 912/914/806 911/913/805
f 882/884/781 883/885/778 913/915/807 912/914/806
f 883/885/778 884/886/782 914/916/808 913/915/807
f 884/886/782 885/887/783 915/917/809 914/916/808
f 885/887/783 886/888/784 916/918/810 915/917/809
f 886/888/784 887/889/785 917/919/811 916/918/810
f 887/889/785 888/890/73 918/920/75 917/919/811
f 888/890/73 889/891/786 919/921/812 918/920/75
f 889/891/786 890/892/787 920/922/813 919/921/812
f 890/892/787 74/76/73 76/78/75 920/922/813
f 892/894/789 891/893/788 921/923/814 922/924/815
f 891/893/788 893/895/790 923/925/816 921/923/814
f 893/895/790 894/896/791 924/926/817 923/925/816
f 894/896/791 895/897/792 925/927/818 924/926/817
f 895/897/792 896/898/793 926/928/819 925/927/818
f 896/898/793 897/899/794 927/929/820 926/928/819
f 897/899/794 898/900/795 928/930/821 927/929/820
f 898/900/795 899/901/796 929/931/822 928/930/821
f 899/901/796 900/902/797 930/932/823 929/931/822
f 900/902/797 901/903/798 931/933/824 930/932/823
f 901/903/798 902/904/799 932/934/825 931/933/824
f 902/904/799 903/905/799 933/935/826 932/934/825
f 903/905/799 904/906/800 934/936/827 933/935/826
f 904/906/800 905/907/801 935/937/828 934/936/827
f 905/907/801 906/908/801 936/938/829 935/937/828
f 906/908/801 907/909/802 937/939/819 936/938/829
f 907/909/802 908/910/796 938/940/829 937/939/819
f 908/910/796 909/911/803 939/941/830 938/940/829
f 909/911/803 910/912/804 940/942/831 939/941/830
f 910/912/804 911/913/805 941/943/832 940/942/831
f 911/913/805 912/914/806 942/944/833 941/943/832
f 912/914/806 913/915/807 943/945/834 942/944/833
f 913/915/807 914/916/808 944/946/835 943/945/834
f 914/916/808 915/917/809 945/947/836 944/946/835
f 915/917/809 916/918/810 946/948/837 945/947/836
f 916/918/810 917/919/811 947/949/836 946/948/837
f 917/919/811 918/920/75 948/950/838 947/949/836
f 918/920/75 919/921/812 949/951/839 948/950/838
f 919/921/812 920/922/813 950/952/840 949/951/839
f 920/922/813 76/78/75 78/80/77 950/952/840
f 922/924/815 921/923/814 951/953/841 952/954/842
f 921/923/814 923/925/816 953/955/843 951/953/841
f 923/925/816 924/926/817 954/956/844 953/955/843
f 924/926/817 925/927/818 955/957/845 954/956/844
f 925/927/818 926/928/819 956/958/846 955/957/845
f 926/928/819 927/929/820 957/959/847 956/958/846
f 927/929/820 928/930/821 958/960/848 957/959/847
f 928/930/821 929/931/822 959/961/849 958/960/848
f 929/931/822 930/932/823 960/962/850 959/961/849
f 930/932/823 931/933/824 961/963/851 960/962/850
f 931/933/824 932/934/825 962/964/852 961/963/851
f 932/934/825 933/935/826 963/965/845 962/964/852
f 933/935/826 934/936/827 964/966/853 963/965/845
f 934/936/827 935/937/828 965/967/841 964/966/853
f 935/937/828 936/938/829 966/968/854 965/967/841
f 936/938/829 937/939/819 967/969/855 966/968/854
f 937/939/819 938/940/829 968/970/856 967/969/855
f 938/940/829 939/941/830 969/971/857 968/970/856
f 939/941/830 940/942/831 970/972/858 969/971/857
f 940/942/831 941/943/832 971/973/859 970/972/858
f 941/943/832 942/944/833 972/974/853 971/973/859
f 942/944/833 943/945/834 973/975/860 972/974/853
f 943/945/834 944/946/835 974/976/861 973/975/860
f 944/946/835 945/947/836 975/977/862 974/976/861
f 945/947/836 946/948/837 976/978/863 975/977/862
f 946/948/837 947/949/836 977/979/864 976/978/863
f 947/949/836 948/950/838 978/980/865 977/979/864
f 948/950/838 949/951/839 979/981/79 978/980/865
f 949/951/839 950/952/840 980/982/861 979/981/79
f 950/952/840 78/80/77 80/82/79 980/982/861
f 952/954/842 951/953/841 981/983/866 2/2/2
f 951/953/841 953/955/843 982/984/867 981/983/866
f 953/955/843 954/956/844 983/985/868 982/984/867
f 954/956/844 955/957/845 984/986/868 983/985/868
f 955/957/845 956/958/846 985/987/867 984/986/868
f 956/958/846 957/959/847 986/988/867 985/987/867
f 957/959/847 958/960/848 987/989/869 986/988/867
f 958/960/848 959/961/849 988/990/870 987/989/869
f 959/961/849 960/962/850 989/991/867 988/990/870
f 960/962/850 961/963/851 990/992/871 989/991/867
f 961/963/851 962/964/852 991/993/872 990/992/871
f 962/964/852 963/965/845 992/994/873 991/993/872
f 963/965/845 964/966/853 993/995/874 992/994/873
f 964/966/853 965/967/841 994/996/875 993/995/874
f 965/967/841 966/968/854 995/997/876 994/996/875
f 966/968/854 967/969/855 996/998/877 995/997/876
f 967/969/855 968/970/856 997/999/876 996/998/877
f 968/970/856 969/971/857 998/1000/878 997/999/876
f 969/971/857 970/972/858 999/1001/879 998/1000/878
f 970/972/858 971/973/859 1000/1002/879 999/1001/879
f 971/973/859 972/974/853 1001/1003/880 1000/1002/879
f 972/974/853 973/975/860 1002/1004/881 1001/1003/880
f 973/975/860 974/976/861 1003/1005/876 1002/1004/881
f 974/976/861 975/977/862 1004/1006/875 1003/1005/876
f 975/977/862 976/978/863 1005/1007/882 1004/1006/875
f 976/978/863 977/979/864 1006/1008/883 1005/1007/882
f 977/979/864 978/980/865 1007/1009/20 1006/1008/883
f 978/980/865 979/981/79 1008/1010/879 1007/1009/20
f 979/981/79 980/982/861 1009/1011/877 1008/1010/879
f 980/982/861 80/82/79 21/21/20 1009/1011/877
f 2/2/2 981/983/866 1010/1012/884 3/3/3
f 981/983/866 982/984/867 1011/1013/21 1010/1012/884
f 982/984/867 983/985/868 1012/1014/21 1011/1013/21
f 983/985/868 984/986/868 1013/1015/21 1012/1014/21
f 984/986/868 985/987/867 1014/1016/21 1013/1015/21
f 985/987/867 986/988/867 1015/1017/885 1014/1016/21
f 986/988/867 987/989/869 1016/1018/21 1015/1017/885
f 987/989/869 988/990/870 1017/1019/21 1016/1018/21
f 988/990/870 989/991/867 1018/1020/21 1017/1019/21
f 989/991/867 990/992/871 1019/1021/886 1018/1020/21
f 990/992/871 991/993/872 1020/1022/887 1019/1021/886
f 991/993/872 992/994/873 1021/1023/21 1020/1022/887
f 992/994/873 993/995/874 1022/1024/21 1021/1023/21
f 993/995/874 994/996/875 1023/1025/885 1022/1024/21
f 994/996/875 995/997/876 1024/1026/21 1023/1025/885
f 995/997/876 996/998/877 1025/1027/888 1024/1026/21
f 996/998/877 997/999/876 1026/1028/889 1025/1027/888
f 997/999/876 998/1000/878 1027/1029/889 1026/1028/889
f 998/1000/878 999/1001/879 1028/1030/21 1027/1029/889
f 999/1001/879 1000/1002/879 1029/1031/21 1028/1030/21
f 1000/1002/879 1001/1003/880 1030/1032/21 1029/1031/21
f 1001/1003/880 1002/1004/881 1031/1033/21 1030/1032/21
f 1002/1004/881 1003/1005/876 1032/1034/21 1031/1033/21
f 1003/1005/876 1004/1006/875 1033/1035/21 1032/1034/21
f 1004/1006/875 1005/1007/882 1034/1036/21 1033/1035/21
f 1005/1007/882 1006/1008/883 1035/1037/21 1034/1036/21
f 1006/1008/883 1007/1009/20 1036/1038/21 1035/1037/21
f 1007/1009/20 1008/1010/879 1037/1039/21 1036/1038/21
f 1008/1010/879 1009/1011/877 1038/1040/21 1037/1039/21
f 1009/1011/877 21/21/20 22/24/21 1038/1040/21
f 22/24/21 7/23/7 6/1041/6 1039/1042/17
f 1039/1042/17 6/1041/6 1040/1043/6 1041/1044/17
f 1041/1044/17 1040/1043/6 1042/1045/6 1043/1046/17
f 1043/1046/17 1042/1045/6 1044/1047/6 1045/1048/890
f 1045/1048/890 1044/1047/6 1046/1049/6 1047/1050/17
f 1047/1050/17 1046/1049/6 1048/1051/6 1049/1052/17
f 1049/1052/17 1048/1051/6 1050/1053/891 1051/1054/17
f 1051/1054/17 1050/1053/891 1052/1055/6 1053/1056/892
f 1053/1056/892 1052/1055/6 1054/1057/893 1055/1058/894
f 1055/1058/894 1054/1057/893 1056/1059/893 1057/1060/17
f 1057/1060/17 1056/1059/893 1058/1061/895 1059/1062/17
f 1059/1062/17 1058/1061/895 1060/1063/896 1061/1064/890
f 1061/1064/890 1060/1063/896 1062/1065/897 1063/1066/890
f 1063/1066/890 1062/1065/897 1064/1067/897 1065/1068/17
f 1065/1068/17 1064/1067/897 1066/1069/6 1067/1070/17
f 1067/1070/17 1066/1069/6 1068/1071/6 1069/1072/17
f 1069/1072/17 1068/1071/6 1070/1073/896 1071/1074/17
f 1071/1074/17 1070/1073/896 1072/1075/898 1073/1076/899
f 1073/1076/899 1072/1075/898 1074/1077/897 1075/1078/900
f 1075/1078/900 1074/1077/897 1076/1079/895 1077/1080/901
f 1077/1080/901 1076/1079/895 1078/1081/895 1079/1082/17
f 1079/1082/17 1078/1081/895 1080/1083/6 1081/1084/899
f 1081/1084/899 1080/1083/6 1082/1085/6 1083/1086/900
f 1083/1086/900 1082/1085/6 1084/1087/895 1085/1088/892
f 1085/1088/892 1084/1087/895 1086/1089/895 1087/1090/892
f 1087/1090/892 1086/1089/895 1088/1091/893 1089/1092/17
f 1089/1092/17 1088/1091/893 1090/1093/902 1091/1094/17
f 1091/1094/17 1090/1093/902 1092/1095/896 1093/1096/901
f 1093/1096/901 1092/1095/896 1094/1097/6 1095/1098/17
f 1095/1098/17 1094/1097/6 18/18/6 17/17/17
f 3/3/3 1010/1012/884 1096/1099/17 4/4/4
f 1010/1012/884 1011/1013/21 1097/1100/17 1096/1099/17
f 1011/1013/21 1012/1014/21 1098/1101/17 1097/1100/17
f 1012/1014/21 1013/1015/21 1099/1102/17 1098/1101/17
f 1013/1015/21 1014/1016/21 1100/1103/17 1099/1102/17
f 1014/1016/21 1015/1017/885 1101/1104/17 1100/1103/17
f 1015/1017/885 1016/1018/21 1102/1105/17 1101/1104/17
f 1016/1018/21 1017/1019/21 1103/1106/17 1102/1105/17
f 1017/1019/21 1018/1020/21 1104/1107/17 1103/1106/17
f 1018/1020/21 1019/1021/886 1105/1108/17 1104/1107/17
f 1019/1021/886 1020/1022/887 1106/1109/17 1105/1108/17
f 1020/1022/887 1021/1023/21 1107/1110/17 1106/1109/17
f 1021/1023/21 1022/1024/21 1108/1111/17 1107/1110/17
f 1022/1024/21 1023/1025/885 1109/1112/17 1108/1111/17
f 1023/1025/885 1024/1026/21 1110/1113/17 1109/1112/17
f 1024/1026/21 1025/1027/888 1111/1114/17 1110/1113/17
f 1025/1027/888 1026/1028/889 1112/1115/17 1111/1114/17
f 1026/1028/889 1027/1029/889 1113/1116/17 1112/1115/17
f 1027/1029/889 1028/1030/21 1114/1117/17 1113/1116/17
f 1028/1030/21 1029/1031/21 1115/1118/17 1114/1117/17
f 1029/1031/21 1030/1032/21 1116/1119/17 1115/1118/17
f 1030/1032/21 1031/1033/21 1117/1120/17 1116/1119/17
f 1031/1033/21 1032/1034/21 1118/1121/17 1117/1120/17
f 1032/1034/21 1033/1035/21 1119/1122/17 1118/1121/17
f 1033/1035/21 1034/1036/21 1120/1123/17 1119/1122/17
f 1034/1036/21 1035/1037/21 1121/1124/17 1120/1123/17
f 1035/1037/21 1036/1038/21 1122/1125/17 1121/1124/17
f 1036/1038/21 1037/1039/21 1123/1126/17 1122/1125/17
f 1037/1039/21 1038/1040/21 1124/1127/17 1123/1126/17
f 1038/1040/21 22/24/21 1039/1042/17 1124/1127/17
f 4/4/4 1096/1099/17 1125/1128/17 1126/1129/4
f 1096/1099/17 1097/1100/17 1127/1130/17 1125/1128/17
f 1097/1100/17 1098/1101/17 1128/1131/17 1127/1130/17
f 1098/1101/17 1099/1102/17 1129/1132/17 1128/1131/17
f 1099/1102/17 1100/1103/17 1130/1133/17 1129/1132/17
f 1100/1103/17 1101/1104/17 1131/1134/17 1130/1133/17
f 1101/1104/17 1102/1105/17 1132/1135/17 1131/1134/17
f 1102/1105/17 1103/1106/17 1133/1136/17 1132/1135/17
f 1103/1106/17 1104/1107/17 1134/1137/17 1133/1136/17
f 1104/1107/17 1105/1108/17 1135/1138/17 1134/1137/17
f 1105/1108/17 1106/1109/17 1136/1139/17 1135/1138/17
f 1106/1109/17 1107/1110/17 1137/1140/17 1136/1139/17
f 1107/1110/17 1108/1111/17 1138/1141/901 1137/1140/17
f 1108/1111/17 1109/1112/17 1139/1142/901 1138/1141/901
f 1109/1112/17 1110/1113/17 1140/1143/17 1139/1142/901
f 1110/1113/17 1111/1114/17 1141/1144/17 1140/1143/17
f 1111/1114/17 1112/1115/17 1142/1145/17 1141/1144/17
f 1112/1115/17 1113/1116/17 1143/1146/17 1142/1145/17
f 1113/1116/17 1114/1117/17 1144/1147/17 1143/1146/17
f 1114/1117/17 1115/1118/17 1145/1148/17 1144/1147/17
f 1115/1118/17 1116/1119/17 1146/1149/17 1145/1148/17
f 1116/1119/17 1117/1120/17 1147/1150/17 1146/1149/17
f 1117/1120/17 1118/1121/17 1148/1151/17 1147/1150/17
f 1118/1121/17 1119/1122/17 1149/1152/17 1148/1151/17
f 1119/1122/17 1120/1123/17 1150/1153/17 1149/1152/17
f 1120/1123/17 1121/1124/17 1151/1154/17 1150/1153/17
f 1121/1124/17 1122/1125/17 1152/1155/17 1151/1154/17
f 1122/1125/17 1123/1126/17 1153/1156/901 1152/1155/17
f 1123/1126/17 1124/1127/17 1154/1157/901 1153/1156/901
f 1124/1127/17 1039/1042/17 1041/1044/17 1154/1157/901
f 1126/1129/4 1125/1128/17 1155/1158/17 1156/1159/903
f 1125/1128/17 1127/1130/17 1157/1160/901 1155/1158/17
f 1127/1130/17 1128/1131/17 1158/1161/901 1157/1160/901
f 1128/1131/17 1129/1132/17 1159/1162/17 1158/1161/901
f 1129/1132/17 1130/1133/17 1160/1163/890 1159/1162/17
f 1130/1133/17 1131/1134/17 1161/1164/890 1160/1163/890
f 1131/1134/17 1132/1135/17 1162/1165/17 1161/1164/890
f 1132/1135/17 1133/1136/17 1163/1166/901 1162/1165/17
f 1133/1136/17 1134/1137/17 1164/1167/17 1163/1166/901
f 1134/1137/17 1135/1138/17 1165/1168/890 1164/1167/17
f 1135/1138/17 1136/1139/17 1166/1169/17 1165/1168/890
f 1136/1139/17 1137/1140/17 1167/1170/17 1166/1169/17
f 1137/1140/17 1138/1141/901 1168/1171/901 1167/1170/17
f 1138/1141/901 1139/1142/901 1169/1172/901 1168/1171/901
f 1139/1142/901 1140/1143/17 1170/1173/17 1169/1172/901
f 1140/1143/17 1141/1144/17 1171/1174/17 1170/1173/17
f 1141/1144/17 1142/1145/17 1172/1175/17 1171/1174/17
f 1142/1145/17 1143/1146/17 1173/1176/17 1172/1175/17
f 1143/1146/17 1144/1147/17 1174/1177/17 1173/1176/17
f 1144/1147/17 1145/1148/17 1175/1178/17 1174/1177/17
f 1145/1148/17 1146/1149/17 1176/1179/901 1175/1178/17
f 1146/1149/17 1147/1150/17 1177/1180/17 1176/1179/901
f 1147/1150/17 1148/1151/17 1178/1181/17 1177/1180/17
f 1148/1151/17 1149/1152/17 1179/1182/17 1178/1181/17
f 1149/1152/17 1150/1153/17 1180/1183/890 1179/1182/17
f 1150/1153/17 1151/1154/17 1181/1184/17 1180/1183/890
f 1151/1154/17 1152/1155/17 1182/1185/901 1181/1184/17
f 1152/1155/17 1153/1156/901 1183/1186/901 1182/1185/901
f 1153/1156/901 1154/1157/901 1184/1187/17 1183/1186/901
f 1154/1157/901 1041/1044/17 1043/1046/17 1184/1187/17
f 1156/1159/903 1155/1158/17 1185/1188/890 1186/1189/903
f 1155/1158/17 1157/1160/901 1187/1190/17 1185/1188/890
f 1157/1160/901 1158/1161/901 1188/1191/901 1187/1190/17
f 1158/1161/901 1159/1162/17 1189/1192/17 1188/1191/901
f 1159/1162/17 1160/1163/890 1190/1193/890 1189/1192/17
f 1160/1163/890 1161/1164/890 1191/1194/17 1190/1193/890
f 1161/1164/890 1162/1165/17 1192/1195/17 1191/1194/17
f 1162/1165/17 1163/1166/901 1193/1196/17 1192/1195/17
f 1163/1166/901 1164/1167/17 1194/1197/17 1193/1196/17
f 1164/1167/17 1165/1168/890 1195/1198/890 1194/1197/17
f 1165/1168/890 1166/1169/17 1196/1199/17 1195/1198/890
f 1166/1169/17 1167/1170/17 1197/1200/17 1196/1199/17
f 1167/1170/17 1168/1171/901 1198/1201/17 1197/1200/17
f 1168/1171/901 1169/1172/901 1199/1202/901 1198/1201/17
f 1169/1172/901 1170/1173/17 1200/1203/17 1199/1202/901
f 1170/1173/17 1171/1174/17 1201/1204/890 1200/1203/17
f 1171/1174/17 1172/1175/17 1202/1205/890 1201/1204/890
f 1172/1175/17 1173/1176/17 1203/1206/17 1202/1205/890
f 1173/1176/17 1174/1177/17 1204/1207/901 1203/1206/17
f 1174/1177/17 1175/1178/17 1205/1208/17 1204/1207/901
f 1175/1178/17 1176/1179/901 1206/1209/901 1205/1208/17
f 1176/1179/901 1177/1180/17 1207/1210/17 1206/1209/901
f 1177/1180/17 1178/1181/17 1208/1211/890 1207/1210/17
f 1178/1181/17 1179/1182/17 1209/1212/890 1208/1211/890
f 1179/1182/17 1180/1183/890 1210/1213/890 1209/1212/890
f 1180/1183/890 1181/1184/17 1211/1214/17 1210/1213/890
f 1181/1184/17 1182/1185/901 1212/1215/901 1211/1214/17
f 1182/1185/901 1183/1186/901 1213/1216/17 1212/1215/901
f 1183/1186/901 1184/1187/17 1214/1217/890 1213/1216/17
f 1184/1187/17 1043/1046/17 1045/1048/890 1214/1217/890
f 1186/1189/903 1185/1188/890 1215/1218/17 1216/1219/903
f 1185/1188/890 1187/1190/17 1217/1220/17 1215/1218/17
f 1187/1190/17 1188/1191/901 1218/1221/901 1217/1220/17
f 1188/1191/901 1189/1192/17 1219/1222/901 1218/1221/901
f 1189/1192/17 1190/1193/890 1220/1223/890 1219/1222/901
f 1190/1193/890 1191/1194/17 1221/1224/901 1220/1223/890
f 1191/1194/17 1192/1195/17 1222/1225/901 1221/1224/901
f 1192/1195/17 1193/1196/17 1223/1226/890 1222/1225/901
f 1193/1196/17 1194/1197/17 1224/1227/17 1223/1226/890
f 1194/1197/17 1195/1198/890 1225/1228/17 1224/1227/17
f 1195/1198/890 1196/1199/17 1226/1229/17 1225/1228/17
f 1196/1199/17 1197/1200/17 1227/1230/901 1226/1229/17
f 1197/1200/17 1198/1201/17 1228/1231/17 1227/1230/901
f 1198/1201/17 1199/1202/901 1229/1232/892 1228/1231/17
f 1199/1202/901 1200/1203/17 1230/1233/901 1229/1232/892
f 1200/1203/17 1201/1204/890 1231/1234/899 1230/1233/901
f 1201/1204/890 1202/1205/890 1232/1235/17 1231/1234/899
f 1202/1205/890 1203/1206/17 1233/1236/901 1232/1235/17
f 1203/1206/17 1204/1207/901 1234/1237/17 1233/1236/901
f 1204/1207/901 1205/1208/17 1235/1238/890 1234/1237/17
f 1205/1208/17 1206/1209/901 1236/1239/901 1235/1238/890
f 1206/1209/901 1207/1210/17 1237/1240/901 1236/1239/901
f 1207/1210/17 1208/1211/890 1238/1241/17 1237/1240/901
f 1208/1211/890 1209/1212/890 1239/1242/17 1238/1241/17
f 1209/1212/890 1210/1213/890 1240/1243/890 1239/1242/17
f 1210/1213/890 1211/1214/17 1241/1244/17 1240/1243/890
f 1211/1214/17 1212/1215/901 1242/1245/901 1241/1244/17
f 1212/1215/901 1213/1216/17 1243/1246/17 1242/1245/901
f 1213/1216/17 1214/1217/890 1244/1247/890 1243/1246/17
f 1214/1217/890 1045/1048/890 1047/1050/17 1244/1247/890
f 1216/1219/903 1215/1218/17 1245/1248/17 1246/1249/4
f 1215/1218/17 1217/1220/17 1247/1250/17 1245/1248/17
f 1217/1220/17 1218/1221/901 1248/1251/901 1247/1250/17
f 1218/1221/901 1219/1222/901 1249/1252/901 1248/1251/901
f 1219/1222/901 1220/1223/890 1250/1253/17 1249/1252/901
f 1220/1223/890 1221/1224/901 1251/1254/17 1250/1253/17
f 1221/1224/901 1222/1225/901 1252/1255/17 1251/1254/17
f 1222/1225/901 1223/1226/890 1253/1256/17 1252/1255/17
f 1223/1226/890 1224/1227/17 1254/1257/17 1253/1256/17
f 1224/1227/17 1225/1228/17 1255/1258/901 1254/1257/17
f 1225/1228/17 1226/1229/17 1256/1259/17 1255/1258/901
f 1226/1229/17 1227/1230/901 1257/1260/901 1256/1259/17
f 1227/1230/901 1228/1231/17 1258/1261/901 1257/1260/901
f 1228/1231/17 1229/1232/892 1259/1262/894 1258/1261/901
f 1229/1232/892 1230/1233/901 1260/1263/17 1259/1262/894
f 1230/1233/901 1231/1234/899 1261/1264/900 1260/1263/17
f 1231/1234/899 1232/1235/17 1262/1265/901 1261/1264/900
f 1232/1235/17 1233/1236/901 1263/1266/17 1262/1265/901
f 1233/1236/901 1234/1237/17 1264/1267/17 1263/1266/17
f 1234/1237/17 1235/1238/890 1265/1268/17 1264/1267/17
f 1235/1238/890 1236/1239/901 1266/1269/901 1265/1268/17
f 1236/1239/901 1237/1240/901 1267/1270/901 1266/1269/901
f 1237/1240/901 1238/1241/17 1268/1271/17 1267/1270/901
f 1238/1241/17 1239/1242/17 1269/1272/901 1268/1271/17
f 1239/1242/17 1240/1243/890 1270/1273/17 1269/1272/901
f 1240/1243/890 1241/1244/17 1271/1274/890 1270/1273/17
f 1241/1244/17 1242/1245/901 1272/1275/901 1271/1274/890
f 1242/1245/901 1243/1246/17 1273/1276/901 1272/1275/901
f 1243/1246/17 1244/1247/890 1274/1277/890 1273/1276/901
f 1244/1247/890 1047/1050/17 1049/1052/17 1274/1277/890
f 1246/1249/4 1245/1248/17 1275/1278/17 1276/1279/904
f 1245/1248/17 1247/1250/17 1277/1280/890 1275/1278/17
f 1247/1250/17 1248/1251/901 1278/1281/17 1277/1280/890
f 1248/1251/901 1249/1252/901 1279/1282/17 1278/1281/17
f 1249/1252/901 1250/1253/17 1280/1283/901 1279/1282/17
f 1250/1253/17 1251/1254/17 1281/1284/17 1280/1283/901
f 1251/1254/17 1252/1255/17 1282/1285/17 1281/1284/17
f 1252/1255/17 1253/1256/17 1283/1286/17 1282/1285/17
f 1253/1256/17 1254/1257/17 1284/1287/17 1283/1286/17
f 1254/1257/17 1255/1258/901 1285/1288/17 1284/1287/17
f 1255/1258/901 1256/1259/17 1286/1289/17 1285/1288/17
f 1256/1259/17 1257/1260/901 1287/1290/901 1286/1289/17
f 1257/1260/901 1258/1261/901 1288/1291/17 1287/1290/901
f 1258/1261/901 1259/1262/894 1289/1292/17 1288/1291/17
f 1259/1262/894 1260/1263/17 1290/1293/17 1289/1292/17
f 1260/1263/17 1261/1264/900 1291/1294/17 1290/1293/17
f 1261/1264/900 1262/1265/901 1292/1295/17 1291/1294/17
f 1262/1265/901 1263/1266/17 1293/1296/17 1292/1295/17
f 1263/1266/17 1264/1267/17 1294/1297/17 1293/1296/17
f 1264/1267/17 1265/1268/17 1295/1298/17 1294/1297/17
f 1265/1268/17 1266/1269/901 1296/1299/901 1295/1298/17
f 1266/1269/901 1267/1270/901 1297/1300/901 1296/1299/901
f 1267/1270/901 1268/1271/17 1298/1301/890 1297/1300/901
f 1268/1271/17 1269/1272/901 1299/1302/17 1298/1301/890
f 1269/1272/901 1270/1273/17 1300/1303/901 1299/1302/17
f 1270/1273/17 1271/1274/890 1301/1304/17 1300/1303/901
f 1271/1274/890 1272/1275/901 1302/1305/17 1301/1304/17
f 1272/1275/901 1273/1276/901 1303/1306/901 1302/1305/17
f 1273/1276/901 1274/1277/890 1304/1307/17 1303/1306/901
f 1274/1277/890 1049/1052/17 1051/1054/17 1304/1307/17
f 1276/1279/904 1275/1278/17 1305/1308/892 1306/1309/905
f 1275/1278/17 1277/1280/890 1307/1310/901 1305/1308/892
f 1277/1280/890 1278/1281/17 1308/1311/17 1307/1310/901
f 1278/1281/17 1279/1282/17 1309/1312/17 1308/1311/17
f 1279/1282/17 1280/1283/901 1310/1313/901 1309/1312/17
f 1280/1283/901 1281/1284/17 1311/1314/17 1310/1313/901
f 1281/1284/17 1282/1285/17 1312/1315/17 1311/1314/17
f 1282/1285/17 1283/1286/17 1313/1316/17 1312/1315/17
f 1283/1286/17 1284/1287/17 1314/1317/17 1313/1316/17
f 1284/1287/17 1285/1288/17 1315/1318/17 1314/1317/17
f 1285/1288/17 1286/1289/17 1316/1319/17 1315/1318/17
f 1286/1289/17 1287/1290/901 1317/1320/17 1316/1319/17
f 1287/1290/901 1288/1291/17 1318/1321/17 1317/1320/17
f 1288/1291/17 1289/1292/17 1319/1322/900 1318/1321/17
f 1289/1292/17 1290/1293/17 1320/1323/17 1319/1322/900
f 1290/1293/17 1291/1294/17 1321/1324/894 1320/1323/17
f 1291/1294/17 1292/1295/17 1322/1325/901 1321/1324/894
f 1292/1295/17 1293/1296/17 1323/1326/901 1322/1325/901
f 1293/1296/17 1294/1297/17 1324/1327/17 1323/1326/901
f 1294/1297/17 1295/1298/17 1325/1328/17 1324/1327/17
f 1295/1298/17 1296/1299/901 1326/1329/17 1325/1328/17
f 1296/1299/901 1297/1300/901 1327/1330/17 1326/1329/17
f 1297/1300/901 1298/1301/890 1328/1331/17 1327/1330/17
f 1298/1301/890 1299/1302/17 1329/1332/17 1328/1331/17
f 1299/1302/17 1300/1303/901 1330/1333/17 1329/1332/17
f 1300/1303/901 1301/1304/17 1331/1334/890 1330/1333/17
f 1301/1304/17 1302/1305/17 1332/1335/17 1331/1334/890
f 1302/1305/17 1303/1306/901 1333/1336/17 1332/1335/17
f 1303/1306/901 1304/1307/17 1334/1337/17 1333/1336/17
f 1304/1307/17 1051/1054/17 1053/1056/892 1334/1337/17
f 1306/1309/905 1305/1308/892 1335/1338/894 1336/1339/903
f 1305/1308/892 1307/1310/901 1337/1340/892 1335/1338/894
f 1307/1310/901 1308/1311/17 1338/1341/901 1337/1340/892
f 1308/1311/17 1309/1312/17 1339/1342/901 1338/1341/901
f 1309/1312/17 1310/1313/901 1340/1343/901 1339/1342/901
f 1310/1313/901 1311/1314/17 1341/1344/17 1340/1343/901
f 1311/1314/17 1312/1315/17 1342/1345/17 1341/1344/17
f 1312/1315/17 1313/1316/17 1343/1346/17 1342/1345/17
f 1313/1316/17 1314/1317/17 1344/1347/17 1343/1346/17
f 1314/1317/17 1315/1318/17 1345/1348/900 1344/1347/17
f 1315/1318/17 1316/1319/17 1346/1349/17 1345/1348/900
f 1316/1319/17 1317/1320/17 1347/1350/17 1346/1349/17
f 1317/1320/17 1318/1321/17 1348/1351/900 1347/1350/17
f 1318/1321/17 1319/1322/900 1349/1352/901 1348/1351/900
f 1319/1322/900 1320/1323/17 1350/1353/17 1349/1352/901
f 1320/1323/17 1321/1324/894 1351/1354/17 1350/1353/17
f 1321/1324/894 1322/1325/901 1352/1355/892 1351/1354/17
f 1322/1325/901 1323/1326/901 1353/1356/892 1352/1355/892
f 1323/1326/901 1324/1327/17 1354/1357/901 1353/1356/892
f 1324/1327/17 1325/1328/17 1355/1358/17 1354/1357/901
f 1325/1328/17 1326/1329/17 1356/1359/17 1355/1358/17
f 1326/1329/17 1327/1330/17 1357/1360/900 1356/1359/17
f 1327/1330/17 1328/1331/17 1358/1361/17 1357/1360/900
f 1328/1331/17 1329/1332/17 1359/1362/17 1358/1361/17
f 1329/1332/17 1330/1333/17 1360/1363/17 1359/1362/17
f 1330/1333/17 1331/1334/890 1361/1364/901 1360/1363/17
f 1331/1334/890 1332/1335/17 1362/1365/900 1361/1364/901
f 1332/1335/17 1333/1336/17 1363/1366/17 1362/1365/900
f 1333/1336/17 1334/1337/17 1364/1367/17 1363/1366/17
f 1334/1337/17 1053/1056/892 1055/1058/894 1364/1367/17
f 1336/1339/903 1335/1338/894 1365/1368/17 1366/1369/906
f 1335/1338/894 1337/1340/892 1367/1370/892 1365/1368/17
f 1337/1340/892 1338/1341/901 1368/1371/901 1367/1370/892
f 1338/1341/901 1339/1342/901 1369/1372/901 1368/1371/901
f 1339/1342/901 1340/1343/901 1370/1373/901 1369/1372/901
f 1340/1343/901 1341/1344/17 1371/1374/17 1370/1373/901
f 1341/1344/17 1342/1345/17 1372/1375/17 1371/1374/17
f 1342/1345/17 1343/1346/17 1373/1376/17 1372/1375/17
f 1343/1346/17 1344/1347/17 1374/1377/901 1373/1376/17
f 1344/1347/17 1345/1348/900 1375/1378/890 1374/1377/901
f 1345/1348/900 1346/1349/17 1376/1379/17 1375/1378/890
f 1346/1349/17 1347/1350/17 1377/1380/890 1376/1379/17
f 1347/1350/17 1348/1351/900 1378/1381/900 1377/1380/890
f 1348/1351/900 1349/1352/901 1379/1382/892 1378/1381/900
f 1349/1352/901 1350/1353/17 1380/1383/17 1379/1382/892
f 1350/1353/17 1351/1354/17 1381/1384/900 1380/1383/17
f 1351/1354/17 1352/1355/892 1382/1385/894 1381/1384/900
f 1352/1355/892 1353/1356/892 1383/1386/892 1382/1385/894
f 1353/1356/892 1354/1357/901 1384/1387/17 1383/1386/892
f 1354/1357/901 1355/1358/17 1385/1388/17 1384/1387/17
f 1355/1358/17 1356/1359/17 1386/1389/901 1385/1388/17
f 1356/1359/17 1357/1360/900 1387/1390/900 1386/1389/901
f 1357/1360/900 1358/1361/17 1388/1391/17 1387/1390/900
f 1358/1361/17 1359/1362/17 1389/1392/17 1388/1391/17
f 1359/1362/17 1360/1363/17 1390/1393/901 1389/1392/17
f 1360/1363/17 1361/1364/901 1391/1394/894 1390/1393/901
f 1361/1364/901 1362/1365/900 1392/1395/900 1391/1394/894
f 1362/1365/900 1363/1366/17 1393/1396/901 1392/1395/900
f 1363/1366/17 1364/1367/17 1394/1397/17 1393/1396/901
f 1364/1367/17 1055/1058/894 1057/1060/17 1394/1397/17
f 1366/1369/906 1365/1368/17 1395/1398/17 1396/1399/907
f 1365/1368/17 1367/1370/892 1397/1400/17 1395/1398/17
f 1367/1370/892 1368/1371/901 1398/1401/17 1397/1400/17
f 1368/1371/901 1369/1372/901 1399/1402/901 1398/1401/17
f 1369/1372/901 1370/1373/901 1400/1403/901 1399/1402/901
f 1370/1373/901 1371/1374/17 1401/1404/890 1400/1403/901
f 1371/1374/17 1372/1375/17 1402/1405/17 1401/1404/890
f 1372/1375/17 1373/1376/17 1403/1406/17 1402/1405/17
f 1373/1376/17 1374/1377/901 1404/1407/17 1403/1406/17
f 1374/1377/901 1375/1378/890 1405/1408/901 1404/1407/17
f 1375/1378/890 1376/1379/17 1406/1409/901 1405/1408/901
f 1376/1379/17 1377/1380/890 1407/1410/890 1406/1409/901
f 1377/1380/890 1378/1381/900 1408/1411/890 1407/1410/890
f 1378/1381/900 1379/1382/892 1409/1412/901 1408/1411/890
f 1379/1382/892 1380/1383/17 1410/1413/901 1409/1412/901
f 1380/1383/17 1381/1384/900 1411/1414/901 1410/1413/901
f 1381/1384/900 1382/1385/894 1412/1415/17 1411/1414/901
f 1382/1385/894 1383/1386/892 1413/1416/17 1412/1415/17
f 1383/1386/892 1384/1387/17 1414/1417/17 1413/1416/17
f 1384/1387/17 1385/1388/17 1415/1418/17 1414/1417/17
f 1385/1388/17 1386/1389/901 1416/1419/17 1415/1418/17
f 1386/1389/901 1387/1390/900 1417/1420/17 1416/1419/17
f 1387/1390/900 1388/1391/17 1418/1421/901 1417/1420/17
f 1388/1391/17 1389/1392/17 1419/1422/901 1418/1421/901
f 1389/1392/17 1390/1393/901 1420/1423/901 1419/1422/901
f 1390/1393/901 1391/1394/894 1421/1424/17 1420/1423/901
f 1391/1394/894 1392/1395/900 1422/1425/17 1421/1424/17
f 1392/1395/900 1393/1396/901 1423/1426/901 1422/1425/17
f 1393/1396/901 1394/1397/17 1424/1427/890 1423/1426/901
f 1394/1397/17 1057/1060/17 1059/1062/17 1424/1427/890
f 1396/1399/907 1395/1398/17 1425/1428/901 1426/1429/4
f 1395/1398/17 1397/1400/17 1427/1430/17 1425/1428/901
f 1397/1400/17 1398/1401/17 1428/1431/17 1427/1430/17
f 1398/1401/17 1399/1402/901 1429/1432/901 1428/1431/17
f 1399/1402/901 1400/1403/901 1430/1433/901 1429/1432/901
f 1400/1403/901 1401/1404/890 1431/1434/17 1430/1433/901
f 1401/1404/890 1402/1405/17 1432/1435/17 1431/1434/17
f 1402/1405/17 1403/1406/17 1433/1436/17 1432/1435/17
f 1403/1406/17 1404/1407/17 1434/1437/17 1433/1436/17
f 1404/1407/17 1405/1408/901 1435/1438/901 1434/1437/17
f 1405/1408/901 1406/1409/901 1436/1439/901 1435/1438/901
f 1406/1409/901 1407/1410/890 1437/1440/17 1436/1439/901
f 1407/1410/890 1408/1411/890 1438/1441/890 1437/1440/17
f 1408/1411/890 1409/1412/901 1439/1442/901 1438/1441/890
f 1409/1412/901 1410/1413/901 1440/1443/901 1439/1442/901
f 1410/1413/901 1411/1414/901 1441/1444/17 1440/1443/901
f 1411/1414/901 1412/1415/17 1442/1445/17 1441/1444/17
f 1412/1415/17 1413/1416/17 1443/1446/17 1442/1445/17
f 1413/1416/17 1414/1417/17 1444/1447/17 1443/1446/17
f 1414/1417/17 1415/1418/17 1445/1448/17 1444/1447/17
f 1415/1418/17 1416/1419/17 1446/1449/17 1445/1448/17
f 1416/1419/17 1417/1420/17 1447/1450/17 1446/1449/17
f 1417/1420/17 1418/1421/901 1448/1451/901 1447/1450/17
f 1418/1421/901 1419/1422/901 1449/1452/901 1448/1451/901
f 1419/1422/901 1420/1423/901 1450/1453/17 1449/1452/901
f 1420/1423/901 1421/1424/17 1451/1454/890 1450/1453/17
f 1421/1424/17 1422/1425/17 1452/1455/901 1451/1454/890
f 1422/1425/17 1423/1426/901 1453/1456/901 1452/1455/901
f 1423/1426/901 1424/1427/890 1454/1457/17 1453/1456/901
f 1424/1427/890 1059/1062/17 1061/1064/890 1454/1457/17
f 1426/1429/4 1425/1428/901 1455/1458/892 1456/1459/905
f 1425/1428/901 1427/1430/17 1457/1460/901 1455/1458/892
f 1427/1430/17 1428/1431/17 1458/1461/901 1457/1460/901
f 1428/1431/17 1429/1432/901 1459/1462/901 1458/1461/901
f 1429/1432/901 1430/1433/901 1460/1463/901 1459/1462/901
f 1430/1433/901 1431/1434/17 1461/1464/901 1460/1463/901
f 1431/1434/17 1432/1435/17 1462/1465/890 1461/1464/901
f 1432/1435/17 1433/1436/17 1463/1466/899 1462/1465/890
f 1433/1436/17 1434/1437/17 1464/1467/901 1463/1466/899
f 1434/1437/17 1435/1438/901 1465/1468/892 1464/1467/901
f 1435/1438/901 1436/1439/901 1466/1469/901 1465/1468/892
f 1436/1439/901 1437/1440/17 1467/1470/901 1466/1469/901
f 1437/1440/17 1438/1441/890 1468/1471/900 1467/1470/901
f 1438/1441/890 1439/1442/901 1469/1472/901 1468/1471/900
f 1439/1442/901 1440/1443/901 1470/1473/901 1469/1472/901
f 1440/1443/901 1441/1444/17 1471/1474/899 1470/1473/901
f 1441/1444/17 1442/1445/17 1472/1475/892 1471/1474/899
f 1442/1445/17 1443/1446/17 1473/1476/901 1472/1475/892
f 1443/1446/17 1444/1447/17 1474/1477/899 1473/1476/901
f 1444/1447/17 1445/1448/17 1475/1478/890 1474/1477/899
f 1445/1448/17 1446/1449/17 1476/1479/901 1475/1478/890
f 1446/1449/17 1447/1450/17 1477/1480/901 1476/1479/901
f 1447/1450/17 1448/1451/901 1478/1481/901 1477/1480/901
f 1448/1451/901 1449/1452/901 1479/1482/901 1478/1481/901
f 1449/1452/901 1450/1453/17 1480/1483/890 1479/1482/901
f 1450/1453/17 1451/1454/890 1481/1484/890 1480/1483/890
f 1451/1454/890 1452/1455/901 1482/1485/901 1481/1484/890
f 1452/1455/901 1453/1456/901 1483/1486/901 1482/1485/901
f 1453/1456/901 1454/1457/17 1484/1487/892 1483/1486/901
f 1454/1457/17 1061/1064/890 1063/1066/890 1484/1487/892
f 1456/1459/905 1455/1458/892 1485/1488/908 1486/1489/905
f 1455/1458/892 1457/1460/901 1487/1490/901 1485/1488/908
f 1457/1460/901 1458/1461/901 1488/1491/901 1487/1490/901
f 1458/1461/901 1459/1462/901 1489/1492/901 1488/1491/901
f 1459/1462/901 1460/1463/901 1490/1493/17 1489/1492/901
f 1460/1463/901 1461/1464/901 1491/1494/901 1490/1493/17
f 1461/1464/901 1462/1465/890 1492/1495/17 1491/1494/901
f 1462/1465/890 1463/1466/899 1493/1496/900 1492/1495/17
f 1463/1466/899 1464/1467/901 1494/1497/901 1493/1496/900
f 1464/1467/901 1465/1468/892 1495/1498/894 1494/1497/901
f 1465/1468/892 1466/1469/901 1496/1499/901 1495/1498/894
f 1466/1469/901 1467/1470/901 1497/1500/901 1496/1499/901
f 1467/1470/901 1468/1471/900 1498/1501/900 1497/1500/901
f 1468/1471/900 1469/1472/901 1499/1502/901 1498/1501/900
f 1469/1472/901 1470/1473/901 1500/1503/17 1499/1502/901
f 1470/1473/901 1471/1474/899 1501/1504/900 1500/1503/17
f 1471/1474/899 1472/1475/892 1502/1505/894 1501/1504/900
f 1472/1475/892 1473/1476/901 1503/1506/17 1502/1505/894
f 1473/1476/901 1474/1477/899 1504/1507/900 1503/1506/17
f 1474/1477/899 1475/1478/890 1505/1508/17 1504/1507/900
f 1475/1478/890 1476/1479/901 1506/1509/901 1505/1508/17
f 1476/1479/901 1477/1480/901 1507/1510/901 1506/1509/901
f 1477/1480/901 1478/1481/901 1508/1511/901 1507/1510/901
f 1478/1481/901 1479/1482/901 1509/1512/901 1508/1511/901
f 1479/1482/901 1480/1483/890 1510/1513/890 1509/1512/901
f 1480/1483/890 1481/1484/890 1511/1514/17 1510/1513/890
f 1481/1484/890 1482/1485/901 1512/1515/901 1511/1514/17
f 1482/1485/901 1483/1486/901 1513/1516/17 1512/1515/901
f 1483/1486/901 1484/1487/892 1514/1517/892 1513/1516/17
f 1484/1487/892 1063/1066/890 1065/1068/17 1514/1517/892
f 1486/1489/905 1485/1488/908 1515/1518/17 1516/1519/907
f 1485/1488/908 1487/1490/901 1517/1520/901 1515/1518/17
f 1487/1490/901 1488/1491/901 1518/1521/901 1517/1520/901
f 1488/1491/901 1489/1492/901 1519/1522/17 1518/1521/901
f 1489/1492/901 1490/1493/17 1520/1523/17 1519/1522/17
f 1490/1493/17 1491/1494/901 1521/1524/901 1520/1523/17
f 1491/1494/901 1492/1495/17 1522/1525/901 1521/1524/901
f 1492/1495/17 1493/1496/900 1523/1526/17 1522/1525/901
f 1493/1496/900 1494/1497/901 1524/1527/901 1523/1526/17
f 1494/1497/901 1495/1498/894 1525/1528/901 1524/1527/901
f 1495/1498/894 1496/1499/901 1526/1529/901 1525/1528/901
f 1496/1499/901 1497/1500/901 1527/1530/901 1526/1529/901
f 1497/1500/901 1498/1501/900 1528/1531/901 1527/1530/901
f 1498/1501/900 1499/1502/901 1529/1532/901 1528/1531/901
f 1499/1502/901 1500/1503/17 1530/1533/901 1529/1532/901
f 1500/1503/17 1501/1504/900 1531/1534/901 1530/1533/901
f 1501/1504/900 1502/1505/894 1532/1535/17 1531/1534/901
f 1502/1505/894 1503/1506/17 1533/1536/17 1532/1535/17
f 1503/1506/17 1504/1507/900 1534/1537/901 1533/1536/17
f 1504/1507/900 1505/1508/17 1535/1538/901 1534/1537/901
f 1505/1508/17 1506/1509/901 1536/1539/17 1535/1538/901
f 1506/1509/901 1507/1510/901 1537/1540/17 1536/1539/17
f 1507/1510/901 1508/1511/901 1538/1541/901 1537/1540/17
f 1508/1511/901 1509/1512/901 1539/1542/901 1538/1541/901
f 1509/1512/901 1510/1513/890 1540/1543/17 1539/1542/901
f 1510/1513/890 1511/1514/17 1541/1544/901 1540/1543/17
f 1511/1514/17 1512/1515/901 1542/1545/901 1541/1544/901
f 1512/1515/901 1513/1516/17 1543/1546/17 1542/1545/901
f 1513/1516/17 1514/1517/892 1544/1547/17 1543/1546/17
f 1514/1517/892 1065/1068/17 1067/1070/17 1544/1547/17
f 1516/1519/907 1515/1518/17 1545/1548/890 1546/1549/907
f 1515/1518/17 1517/1520/901 1547/1550/901 1545/1548/890
f 1517/1520/901 1518/1521/901 1548/1551/901 1547/1550/901
f 1518/1521/901 1519/1522/17 1549/1552/901 1548/1551/901
f 1519/1522/17 1520/1523/17 1550/1553/901 1549/1552/901
f 1520/1523/17 1521/1524/901 1551/1554/901 1550/1553/901
f 1521/1524/901 1522/1525/901 1552/1555/901 1551/1554/901
f 1522/1525/901 1523/1526/17 1553/1556/17 1552/1555/901
f 1523/1526/17 1524/1527/901 1554/1557/901 1553/1556/17
f 1524/1527/901 1525/1528/901 1555/1558/901 1554/1557/901
f 1525/1528/901 1526/1529/901 1556/1559/901 1555/1558/901
f 1526/1529/901 1527/1530/901 1557/1560/901 1556/1559/901
f 1527/1530/901 1528/1531/901 1558/1561/901 1557/1560/901
f 1528/1531/901 1529/1532/901 1559/1562/901 1558/1561/901
f 1529/1532/901 1530/1533/901 1560/1563/901 1559/1562/901
f 1530/1533/901 1531/1534/901 1561/1564/17 1560/1563/901
f 1531/1534/901 1532/1535/17 1562/1565/17 1561/1564/17
f 1532/1535/17 1533/1536/17 1563/1566/901 1562/1565/17
f 1533/1536/17 1534/1537/901 1564/1567/901 1563/1566/901
f 1534/1537/901 1535/1538/901 1565/1568/901 1564/1567/901
f 1535/1538/901 1536/1539/17 1566/1569/17 1565/1568/901
f 1536/1539/17 1537/1540/17 1567/1570/17 1566/1569/17
f 1537/1540/17 1538/1541/901 1568/1571/901 1567/1570/17
f 1538/1541/901 1539/1542/901 1569/1572/901 1568/1571/901
f 1539/1542/901 1540/1543/17 1570/1573/901 1569/1572/901
f 1540/1543/17 1541/1544/901 1571/1574/17 1570/1573/901
f 1541/1544/901 1542/1545/901 1572/1575/901 1571/1574/17
f 1542/1545/901 1543/1546/17 1573/1576/901 1572/1575/901
f 1543/1546/17 1544/1547/17 1574/1577/890 1573/1576/901
f 1544/1547/17 1067/1070/17 1069/1072/17 1574/1577/890
f 1546/1549/907 1545/1548/890 1575/1578/901 1576/1579/903
f 1545/1548/890 1547/1550/901 1577/1580/901 1575/1578/901
f 1547/1550/901 1548/1551/901 1578/1581/17 1577/1580/901
f 1548/1551/901 1549/1552/901 1579/1582/901 1578/1581/17
f 1549/1552/901 1550/1553/901 1580/1583/901 1579/1582/901
f 1550/1553/901 1551/1554/901 1581/1584/901 1580/1583/901
f 1551/1554/901 1552/1555/901 1582/1585/901 1581/1584/901
f 1552/1555/901 1553/1556/17 1583/1586/901 1582/1585/901
f 1553/1556/17 1554/1557/901 1584/1587/901 1583/1586/901
f 1554/1557/901 1555/1558/901 1585/1588/901 1584/1587/901
f 1555/1558/901 1556/1559/901 1586/1589/901 1585/1588/901
f 1556/1559/901 1557/1560/901 1587/1590/901 1586/1589/901
f 1557/1560/901 1558/1561/901 1588/1591/901 1587/1590/901
f 1558/1561/901 1559/1562/901 1589/1592/901 1588/1591/901
f 1559/1562/901 1560/1563/901 1590/1593/901 1589/1592/901
f 1560/1563/901 1561/1564/17 1591/1594/17 1590/1593/901
f 1561/1564/17 1562/1565/17 1592/1595/17 1591/1594/17
f 1562/1565/17 1563/1566/901 1593/1596/901 1592/1595/17
f 1563/1566/901 1564/1567/901 1594/1597/901 1593/1596/901
f 1564/1567/901 1565/1568/901 1595/1598/17 1594/1597/901
f 1565/1568/901 1566/1569/17 1596/1599/901 1595/1598/17
f 1566/1569/17 1567/1570/17 1597/1600/901 1596/1599/901
f 1567/1570/17 1568/1571/901 1598/1601/17 1597/1600/901
f 1568/1571/901 1569/1572/901 1599/1602/901 1598/1601/17
f 1569/1572/901 1570/1573/901 1600/1603/901 1599/1602/901
f 1570/1573/901 1571/1574/17 1601/1604/17 1600/1603/901
f 1571/1574/17 1572/1575/901 1602/1605/901 1601/1604/17
f 1572/1575/901 1573/1576/901 1603/1606/901 1602/1605/901
f 1573/1576/901 1574/1577/890 1604/1607/17 1603/1606/901
f 1574/1577/890 1069/1072/17 1071/1074/17 1604/1607/17
f 1576/1579/903 1575/1578/901 1605/1608/908 1606/1609/903
f 1575/1578/901 1577/1580/901 1607/1610/901 1605/1608/908
f 1577/1580/901 1578/1581/17 1608/1611/899 1607/1610/901
f 1578/1581/17 1579/1582/901 1609/1612/901 1608/1611/899
f 1579/1582/901 1580/1583/901 1610/1613/901 1609/1612/901
f 1580/1583/901 1581/1584/901 1611/1614/901 1610/1613/901
f 1581/1584/901 1582/1585/901 1612/1615/901 1611/1614/901
f 1582/1585/901 1583/1586/901 1613/1616/901 1612/1615/901
f 1583/1586/901 1584/1587/901 1614/1617/894 1613/1616/901
f 1584/1587/901 1585/1588/901 1615/1618/901 1614/1617/894
f 1585/1588/901 1586/1589/901 1616/1619/17 1615/1618/901
f 1586/1589/901 1587/1590/901 1617/1620/892 1616/1619/17
f 1587/1590/901 1588/1591/901 1618/1621/901 1617/1620/892
f 1588/1591/901 1589/1592/901 1619/1622/901 1618/1621/901
f 1589/1592/901 1590/1593/901 1620/1623/901 1619/1622/901
f 1590/1593/901 1591/1594/17 1621/1624/901 1620/1623/901
f 1591/1594/17 1592/1595/17 1622/1625/901 1621/1624/901
f 1592/1595/17 1593/1596/901 1623/1626/901 1622/1625/901
f 1593/1596/901 1594/1597/901 1624/1627/901 1623/1626/901
f 1594/1597/901 1595/1598/17 1625/1628/899 1624/1627/901
f 1595/1598/17 1596/1599/901 1626/1629/17 1625/1628/899
f 1596/1599/901 1597/1600/901 1627/1630/901 1626/1629/17
f 1597/1600/901 1598/1601/17 1628/1631/899 1627/1630/901
f 1598/1601/17 1599/1602/901 1629/1632/894 1628/1631/899
f 1599/1602/901 1600/1603/901 1630/1633/892 1629/1632/894
f 1600/1603/901 1601/1604/17 1631/1634/901 1630/1633/892
f 1601/1604/17 1602/1605/901 1632/1635/901 1631/1634/901
f 1602/1605/901 1603/1606/901 1633/1636/901 1632/1635/901
f 1603/1606/901 1604/1607/17 1634/1637/901 1633/1636/901
f 1604/1607/17 1071/1074/17 1073/1076/899 1634/1637/901
f 1606/1609/903 1605/1608/908 1635/1638/892 1636/1639/4
f 1605/1608/908 1607/1610/901 1637/1640/17 1635/1638/892
f 1607/1610/901 1608/1611/899 1638/1641/900 1637/1640/17
f 1608/1611/899 1609/1612/901 1639/1642/17 1638/1641/900
f 1609/1612/901 1610/1613/901 1640/1643/901 1639/1642/17
f 1610/1613/901 1611/1614/901 1641/1644/901 1640/1643/901
f 1611/1614/901 1612/1615/901 1642/1645/901 1641/1644/901
f 1612/1615/901 1613/1616/901 1643/1646/901 1642/1645/901
f 1613/1616/901 1614/1617/894 1644/1647/894 1643/1646/901
f 1614/1617/894 1615/1618/901 1645/1648/17 1644/1647/894
f 1615/1618/901 1616/1619/17 1646/1649/901 1645/1648/17
f 1616/1619/17 1617/1620/892 1647/1650/892 1646/1649/901
f 1617/1620/892 1618/1621/901 1648/1651/901 1647/1650/892
f 1618/1621/901 1619/1622/901 1649/1652/901 1648/1651/901
f 1619/1622/901 1620/1623/901 1650/1653/901 1649/1652/901
f 1620/1623/901 1621/1624/901 1651/1654/901 1650/1653/901
f 1621/1624/901 1622/1625/901 1652/1655/901 1651/1654/901
f 1622/1625/901 1623/1626/901 1653/1656/901 1652/1655/901
f 1623/1626/901 1624/1627/901 1654/1657/17 1653/1656/901
f 1624/1627/901 1625/1628/899 1655/1658/899 1654/1657/17
f 1625/1628/899 1626/1629/17 1656/1659/901 1655/1658/899
f 1626/1629/17 1627/1630/901 1657/1660/901 1656/1659/901
f 1627/1630/901 1628/1631/899 1658/1661/900 1657/1660/901
f 1628/1631/899 1629/1632/894 1659/1662/892 1658/1661/900
f 1629/1632/894 1630/1633/892 1660/1663/892 1659/1662/892
f 1630/1633/892 1631/1634/901 1661/1664/901 1660/1663/892
f 1631/1634/901 1632/1635/901 1662/1665/17 1661/1664/901
f 1632/1635/901 1633/1636/901 1663/1666/17 1662/1665/17
f 1633/1636/901 1634/1637/901 1664/1667/901 1663/1666/17
f 1634/1637/901 1073/1076/899 1075/1078/900 1664/1667/901
f 1636/1639/4 1635/1638/892 1665/1668/901 1666/1669/4
f 1635/1638/892 1637/1640/17 1667/1670/901 1665/1668/901
f 1637/1640/17 1638/1641/900 1668/1671/901 1667/1670/901
f 1638/1641/900 1639/1642/17 1669/1672/17 1668/1671/901
f 1639/1642/17 1640/1643/901 1670/1673/901 1669/1672/17
f 1640/1643/901 1641/1644/901 1671/1674/901 1670/1673/901
f 1641/1644/901 1642/1645/901 1672/1675/901 1671/1674/901
f 1642/1645/901 1643/1646/901 1673/1676/901 1672/1675/901
f 1643/1646/901 1644/1647/894 1674/1677/890 1673/1676/901
f 1644/1647/894 1645/1648/17 1675/1678/901 1674/1677/890
f 1645/1648/17 1646/1649/901 1676/1679/901 1675/1678/901
f 1646/1649/901 1647/1650/892 1677/1680/17 1676/1679/901
f 1647/1650/892 1648/1651/901 1678/1681/901 1677/1680/17
f 1648/1651/901 1649/1652/901 1679/1682/901 1678/1681/901
f 1649/1652/901 1650/1653/901 1680/1683/901 1679/1682/901
f 1650/1653/901 1651/1654/901 1681/1684/901 1680/1683/901
f 1651/1654/901 1652/1655/901 1682/1685/892 1681/1684/901
f 1652/1655/901 1653/1656/901 1683/1686/901 1682/1685/892
f 1653/1656/901 1654/1657/17 1684/1687/899 1683/1686/901
f 1654/1657/17 1655/1658/899 1685/1688/890 1684/1687/899
f 1655/1658/899 1656/1659/901 1686/1689/901 1685/1688/890
f 1656/1659/901 1657/1660/901 1687/1690/901 1686/1689/901
f 1657/1660/901 1658/1661/900 1688/1691/901 1687/1690/901
f 1658/1661/900 1659/1662/892 1689/1692/901 1688/1691/901
f 1659/1662/892 1660/1663/892 1690/1693/892 1689/1692/901
f 1660/1663/892 1661/1664/901 1691/1694/17 1690/1693/892
f 1661/1664/901 1662/1665/17 1692/1695/899 1691/1694/17
f 1662/1665/17 1663/1666/17 1693/1696/17 1692/1695/899
f 1663/1666/17 1664/1667/901 1694/1697/17 1693/1696/17
f 1664/1667/901 1075/1078/900 1077/1080/901 1694/1697/17
f 1666/1669/4 1665/1668/901 1695/1698/901 1696/1699/4
f 1665/1668/901 1667/1670/901 1697/1700/901 1695/1698/901
f 1667/1670/901 1668/1671/901 1698/1701/901 1697/1700/901
f 1668/1671/901 1669/1672/17 1699/1702/901 1698/1701/901
f 1669/1672/17 1670/1673/901 1700/1703/901 1699/1702/901
f 1670/1673/901 1671/1674/901 1701/1704/17 1700/1703/901
f 1671/1674/901 1672/1675/901 1702/1705/17 1701/1704/17
f 1672/1675/901 1673/1676/901 1703/1706/901 1702/1705/17
f 1673/1676/901 1674/1677/890 1704/1707/17 1703/1706/901
f 1674/1677/890 1675/1678/901 1705/1708/901 1704/1707/17
f 1675/1678/901 1676/1679/901 1706/1709/901 1705/1708/901
f 1676/1679/901 1677/1680/17 1707/1710/890 1706/1709/901
f 1677/1680/17 1678/1681/901 1708/1711/17 1707/1710/890
f 1678/1681/901 1679/1682/901 1709/1712/901 1708/1711/17
f 1679/1682/901 1680/1683/901 1710/1713/901 1709/1712/901
f 1680/1683/901 1681/1684/901 1711/1714/901 1710/1713/901
f 1681/1684/901 1682/1685/892 1712/1715/892 1711/1714/901
f 1682/1685/892 1683/1686/901 1713/1716/17 1712/1715/892
f 1683/1686/901 1684/1687/899 1714/1717/899 1713/1716/17
f 1684/1687/899 1685/1688/890 1715/1718/17 1714/1717/899
f 1685/1688/890 1686/1689/901 1716/1719/901 1715/1718/17
f 1686/1689/901 1687/1690/901 1717/1720/901 1716/1719/901
f 1687/1690/901 1688/1691/901 1718/1721/901 1717/1720/901
f 1688/1691/901 1689/1692/901 1719/1722/17 1718/1721/901
f 1689/1692/901 1690/1693/892 1720/1723/894 1719/1722/17
f 1690/1693/892 1691/1694/17 1721/1724/17 1720/1723/894
f 1691/1694/17 1692/1695/899 1722/1725/900 1721/1724/17
f 1692/1695/899 1693/1696/17 1723/1726/901 1722/1725/900
f 1693/1696/17 1694/1697/17 1724/1727/890 1723/1726/901
f 1694/1697/17 1077/1080/901 1079/1082/17 1724/1727/890
f 1696/1699/4 1695/1698/901 1725/1728/17 1726/1729/905
f 1695/1698/901 1697/1700/901 1727/1730/900 1725/1728/17
f 1697/1700/901 1698/1701/901 1728/1731/901 1727/1730/900
f 1698/1701/901 1699/1702/901 1729/1732/901 1728/1731/901
f 1699/1702/901 1700/1703/901 1730/1733/892 1729/1732/901
f 1700/1703/901 1701/1704/17 1731/1734/890 1730/1733/892
f 1701/1704/17 1702/1705/17 1732/1735/899 1731/1734/890
f 1702/1705/17 1703/1706/901 1733/1736/901 1732/1735/899
f 1703/1706/901 1704/1707/17 1734/1737/901 1733/1736/901
f 1704/1707/17 1705/1708/901 1735/1738/901 1734/1737/901
f 1705/1708/901 1706/1709/901 1736/1739/892 1735/1738/901
f 1706/1709/901 1707/1710/890 1737/1740/890 1736/1739/892
f 1707/1710/890 1708/1711/17 1738/1741/899 1737/1740/890
f 1708/1711/17 1709/1712/901 1739/1742/901 1738/1741/899
f 1709/1712/901 1710/1713/901 1740/1743/892 1739/1742/901
f 1710/1713/901 1711/1714/901 1741/1744/892 1740/1743/892
f 1711/1714/901 1712/1715/892 1742/1745/901 1741/1744/892
f 1712/1715/892 1713/1716/17 1743/1746/899 1742/1745/901
f 1713/1716/17 1714/1717/899 1744/1747/899 1743/1746/899
f 1714/1717/899 1715/1718/17 1745/1748/892 1744/1747/899
f 1715/1718/17 1716/1719/901 1746/1749/17 1745/1748/892
f 1716/1719/901 1717/1720/901 1747/1750/900 1746/1749/17
f 1717/1720/901 1718/1721/901 1748/1751/901 1747/1750/900
f 1718/1721/901 1719/1722/17 1749/1752/890 1748/1751/901
f 1719/1722/17 1720/1723/894 1750/1753/890 1749/1752/890
f 1720/1723/894 1721/1724/17 1751/1754/901 1750/1753/890
f 1721/1724/17 1722/1725/900 1752/1755/901 1751/1754/901
f 1722/1725/900 1723/1726/901 1753/1756/908 1752/1755/901
f 1723/1726/901 1724/1727/890 1754/1757/17 1753/1756/908
f 1724/1727/890 1079/1082/17 1081/1084/899 1754/1757/17
f 1726/1729/905 1725/1728/17 1755/1758/17 1756/1759/905
f 1725/1728/17 1727/1730/900 1757/1760/899 1755/1758/17
f 1727/1730/900 1728/1731/901 1758/1761/17 1757/1760/899
f 1728/1731/901 1729/1732/901 1759/1762/901 1758/1761/17
f 1729/1732/901 1730/1733/892 1760/1763/892 1759/1762/901
f 1730/1733/892 1731/1734/890 1761/1764/17 1760/1763/892
f 1731/1734/890 1732/1735/899 1762/1765/899 1761/1764/17
f 1732/1735/899 1733/1736/901 1763/1766/17 1762/1765/899
f 1733/1736/901 1734/1737/901 1764/1767/901 1763/1766/17
f 1734/1737/901 1735/1738/901 1765/1768/901 1764/1767/901
f 1735/1738/901 1736/1739/892 1766/1769/892 1765/1768/901
f 1736/1739/892 1737/1740/890 1767/1770/17 1766/1769/892
f 1737/1740/890 1738/1741/899 1768/1771/900 1767/1770/17
f 1738/1741/899 1739/1742/901 1769/1772/17 1768/1771/900
f 1739/1742/901 1740/1743/892 1770/1773/894 1769/1772/17
f 1740/1743/892 1741/1744/892 1771/1774/892 1770/1773/894
f 1741/1744/892 1742/1745/901 1772/1775/901 1771/1774/892
f 1742/1745/901 1743/1746/899 1773/1776/900 1772/1775/901
f 1743/1746/899 1744/1747/899 1774/1777/900 1773/1776/900
f 1744/1747/899 1745/1748/892 1775/1778/892 1774/1777/900
f 1745/1748/892 1746/1749/17 1776/1779/890 1775/1778/892
f 1746/1749/17 1747/1750/900 1777/1780/899 1776/1779/890
f 1747/1750/900 1748/1751/901 1778/1781/894 1777/1780/899
f 1748/1751/901 1749/1752/890 1779/1782/17 1778/1781/894
f 1749/1752/890 1750/1753/890 1780/1783/890 1779/1782/17
f 1750/1753/890 1751/1754/901 1781/1784/901 1780/1783/890
f 1751/1754/901 1752/1755/901 1782/1785/901 1781/1784/901
f 1752/1755/901 1753/1756/908 1783/1786/892 1782/1785/901
f 1753/1756/908 1754/1757/17 1784/1787/901 1783/1786/892
f 1754/1757/17 1081/1084/899 1083/1086/900 1784/1787/901
f 1756/1759/905 1755/1758/17 1785/1788/892 1786/1789/905
f 1755/1758/17 1757/1760/899 1787/1790/899 1785/1788/892
f 1757/1760/899 1758/1761/17 1788/1791/909 1787/1790/899
f 1758/1761/17 1759/1762/901 1789/1792/901 1788/1791/909
f 1759/1762/901 1760/1763/892 1790/1793/901 1789/1792/901
f 1760/1763/892 1761/1764/17 1791/1794/901 1790/1793/901
f 1761/1764/17 1762/1765/899 1792/1795/17 1791/1794/901
f 1762/1765/899 1763/1766/17 1793/1796/17 1792/1795/17
f 1763/1766/17 1764/1767/901 1794/1797/901 1793/1796/17
f 1764/1767/901 1765/1768/901 1795/1798/17 1794/1797/901
f 1765/1768/901 1766/1769/892 1796/1799/17 1795/1798/17
f 1766/1769/892 1767/1770/17 1797/1800/908 1796/1799/17
f 1767/1770/17 1768/1771/900 1798/1801/892 1797/1800/908
f 1768/1771/900 1769/1772/17 1799/1802/899 1798/1801/892
f 1769/1772/17 1770/1773/894 1800/1803/890 1799/1802/899
f 1770/1773/894 1771/1774/892 1801/1804/908 1800/1803/890
f 1771/1774/892 1772/1775/901 1802/1805/901 1801/1804/908
f 1772/1775/901 1773/1776/900 1803/1806/17 1802/1805/901
f 1773/1776/900 1774/1777/900 1804/1807/17 1803/1806/17
f 1774/1777/900 1775/1778/892 1805/1808/901 1804/1807/17
f 1775/1778/892 1776/1779/890 1806/1809/909 1805/1808/901
f 1776/1779/890 1777/1780/899 1807/1810/909 1806/1809/909
f 1777/1780/899 1778/1781/894 1808/1811/908 1807/1810/909
f 1778/1781/894 1779/1782/17 1809/1812/17 1808/1811/908
f 1779/1782/17 1780/1783/890 1810/1813/899 1809/1812/17
f 1780/1783/890 1781/1784/901 1811/1814/908 1810/1813/899
f 1781/1784/901 1782/1785/901 1812/1815/17 1811/1814/908
f 1782/1785/901 1783/1786/892 1813/1816/900 1812/1815/17
f 1783/1786/892 1784/1787/901 1814/1817/908 1813/1816/900
f 1784/1787/901 1083/1086/900 1085/1088/892 1814/1817/908
f 1786/1789/905 1785/1788/892 1815/1818/892 1816/1819/903
f 1785/1788/892 1787/1790/899 1817/1820/901 1815/1818/892
f 1787/1790/899 1788/1791/909 1818/1821/910 1817/1820/901
f 1788/1791/909 1789/1792/901 1819/1822/17 1818/1821/910
f 1789/1792/901 1790/1793/901 1820/1823/908 1819/1822/17
f 1790/1793/901 1791/1794/901 1821/1824/901 1820/1823/908
f 1791/1794/901 1792/1795/17 1822/1825/17 1821/1824/901
f 1792/1795/17 1793/1796/17 1823/1826/901 1822/1825/17
f 1793/1796/17 1794/1797/901 1824/1827/901 1823/1826/901
f 1794/1797/901 1795/1798/17 1825/1828/909 1824/1827/901
f 1795/1798/17 1796/1799/17 1826/1829/17 1825/1828/909
f 1796/1799/17 1797/1800/908 1827/1830/892 1826/1829/17
f 1797/1800/908 1798/1801/892 1828/1831/892 1827/1830/892
f 1798/1801/892 1799/1802/899 1829/1832/901 1828/1831/892
f 1799/1802/899 1800/1803/890 1830/1833/900 1829/1832/901
f 1800/1803/890 1801/1804/908 1831/1834/892 1830/1833/900
f 1801/1804/908 1802/1805/901 1832/1835/908 1831/1834/892
f 1802/1805/901 1803/1806/17 1833/1836/17 1832/1835/908
f 1803/1806/17 1804/1807/17 1834/1837/17 1833/1836/17
f 1804/1807/17 1805/1808/901 1835/1838/894 1834/1837/17
f 1805/1808/901 1806/1809/909 1836/1839/899 1835/1838/894
f 1806/1809/909 1807/1810/909 1837/1840/899 1836/1839/899
f 1807/1810/909 1808/1811/908 1838/1841/892 1837/1840/899
f 1808/1811/908 1809/1812/17 1839/1842/899 1838/1841/892
f 1809/1812/17 1810/1813/899 1840/1843/900 1839/1842/899
f 1810/1813/899 1811/1814/908 1841/1844/892 1840/1843/900
f 1811/1814/908 1812/1815/17 1842/1845/900 1841/1844/892
f 1812/1815/17 1813/1816/900 1843/1846/901 1842/1845/900
f 1813/1816/900 1814/1817/908 1844/1847/911 1843/1846/901
f 1814/1817/908 1085/1088/892 1087/1090/892 1844/1847/911
f 1816/1819/903 1815/1818/892 1845/1848/900 1846/1849/906
f 1815/1818/892 1817/1820/901 1847/1850/892 1845/1848/900
f 1817/1820/901 1818/1821/910 1848/1851/901 1847/1850/892
f 1818/1821/910 1819/1822/17 1849/1852/17 1848/1851/901
f 1819/1822/17 1820/1823/908 1850/1853/892 1849/1852/17
f 1820/1823/908 1821/1824/901 1851/1854/17 1850/1853/892
f 1821/1824/901 1822/1825/17 1852/1855/17 1851/1854/17
f 1822/1825/17 1823/1826/901 1853/1856/894 1852/1855/17
f 1823/1826/901 1824/1827/901 1854/1857/17 1853/1856/894
f 1824/1827/901 1825/1828/909 1855/1858/909 1854/1857/17
f 1825/1828/909 1826/1829/17 1856/1859/17 1855/1858/909
f 1826/1829/17 1827/1830/892 1857/1860/17 1856/1859/17
f 1827/1830/892 1828/1831/892 1858/1861/899 1857/1860/17
f 1828/1831/892 1829/1832/901 1859/1862/901 1858/1861/899
f 1829/1832/901 1830/1833/900 1860/1863/901 1859/1862/901
f 1830/1833/900 1831/1834/892 1861/1864/894 1860/1863/901
f 1831/1834/892 1832/1835/908 1862/1865/892 1861/1864/894
f 1832/1835/908 1833/1836/17 1863/1866/900 1862/1865/892
f 1833/1836/17 1834/1837/17 1864/1867/17 1863/1866/900
f 1834/1837/17 1835/1838/894 1865/1868/908 1864/1867/17
f 1835/1838/894 1836/1839/899 1866/1869/17 1865/1868/908
f 1836/1839/899 1837/1840/899 1867/1870/17 1866/1869/17
f 1837/1840/899 1838/1841/892 1868/1871/899 1867/1870/17
f 1838/1841/892 1839/1842/899 1869/1872/900 1868/1871/899
f 1839/1842/899 1840/1843/900 1870/1873/17 1869/1872/900
f 1840/1843/900 1841/1844/892 1871/1874/17 1870/1873/17
f 1841/1844/892 1842/1845/900 1872/1875/901 1871/1874/17
f 1842/1845/900 1843/1846/901 1873/1876/908 1872/1875/901
f 1843/1846/901 1844/1847/911 1874/1877/17 1873/1876/908
f 1844/1847/911 1087/1090/892 1089/1092/17 1874/1877/17
f 1846/1849/906 1845/1848/900 1875/1878/900 1876/1879/4
f 1845/1848/900 1847/1850/892 1877/1880/901 1875/1878/900
f 1847/1850/892 1848/1851/901 1878/1881/892 1877/1880/901
f 1848/1851/901 1849/1852/17 1879/1882/890 1878/1881/892
f 1849/1852/17 1850/1853/892 1880/1883/17 1879/1882/890
f 1850/1853/892 1851/1854/17 1881/1884/17 1880/1883/17
f 1851/1854/17 1852/1855/17 1882/1885/901 1881/1884/17
f 1852/1855/17 1853/1856/894 1883/1886/901 1882/1885/901
f 1853/1856/894 1854/1857/17 1884/1887/17 1883/1886/901
f 1854/1857/17 1855/1858/909 1885/1888/890 1884/1887/17
f 1855/1858/909 1856/1859/17 1886/1889/890 1885/1888/890
f 1856/1859/17 1857/1860/17 1887/1890/17 1886/1889/890
f 1857/1860/17 1858/1861/899 1888/1891/900 1887/1890/17
f 1858/1861/899 1859/1862/901 1889/1892/900 1888/1891/900
f 1859/1862/901 1860/1863/901 1890/1893/892 1889/1892/900
f 1860/1863/901 1861/1864/894 1891/1894/894 1890/1893/892
f 1861/1864/894 1862/1865/892 1892/1895/17 1891/1894/894
f 1862/1865/892 1863/1866/900 1893/1896/890 1892/1895/17
f 1863/1866/900 1864/1867/17 1894/1897/901 1893/1896/890
f 1864/1867/17 1865/1868/908 1895/1898/894 1894/1897/901
f 1865/1868/908 1866/1869/17 1896/1899/17 1895/1898/894
f 1866/1869/17 1867/1870/17 1897/1900/17 1896/1899/17
f 1867/1870/17 1868/1871/899 1898/1901/900 1897/1900/17
f 1868/1871/899 1869/1872/900 1899/1902/901 1898/1901/900
f 1869/1872/900 1870/1873/17 1900/1903/890 1899/1902/901
f 1870/1873/17 1871/1874/17 1901/1904/17 1900/1903/890
f 1871/1874/17 1872/1875/901 1902/1905/908 1901/1904/17
f 1872/1875/901 1873/1876/908 1903/1906/17 1902/1905/908
f 1873/1876/908 1874/1877/17 1904/1907/900 1903/1906/17
f 1874/1877/17 1089/1092/17 1091/1094/17 1904/1907/900
f 1876/1879/4 1875/1878/900 1905/1908/17 1906/1909/912
f 1875/1878/900 1877/1880/901 1907/1910/908 1905/1908/17
f 1877/1880/901 1878/1881/892 1908/1911/17 1907/1910/908
f 1878/1881/892 1879/1882/890 1909/1912/909 1908/1911/17
f 1879/1882/890 1880/1883/17 1910/1913/17 1909/1912/909
f 1880/1883/17 1881/1884/17 1911/1914/892 1910/1913/17
f 1881/1884/17 1882/1885/901 1912/1915/17 1911/1914/892
f 1882/1885/901 1883/1886/901 1913/1916/901 1912/1915/17
f 1883/1886/901 1884/1887/17 1914/1917/17 1913/1916/901
f 1884/1887/17 1885/1888/890 1915/1918/17 1914/1917/17
f 1885/1888/890 1886/1889/890 1916/1919/890 1915/1918/17
f 1886/1889/890 1887/1890/17 1917/1920/901 1916/1919/890
f 1887/1890/17 1888/1891/900 1918/1921/901 1917/1920/901
f 1888/1891/900 1889/1892/900 1919/1922/901 1918/1921/901
f 1889/1892/900 1890/1893/892 1920/1923/901 1919/1922/901
f 1890/1893/892 1891/1894/894 1921/1924/890 1920/1923/901
f 1891/1894/894 1892/1895/17 1922/1925/17 1921/1924/890
f 1892/1895/17 1893/1896/890 1923/1926/901 1922/1925/17
f 1893/1896/890 1894/1897/901 1924/1927/901 1923/1926/901
f 1894/1897/901 1895/1898/894 1925/1928/890 1924/1927/901
f 1895/1898/894 1896/1899/17 1926/1929/901 1925/1928/890
f 1896/1899/17 1897/1900/17 1927/1930/901 1926/1929/901
f 1897/1900/17 1898/1901/900 1928/1931/901 1927/1930/901
f 1898/1901/900 1899/1902/901 1929/1932/901 1928/1931/901
f 1899/1902/901 1900/1903/890 1930/1933/890 1929/1932/901
f 1900/1903/890 1901/1904/17 1931/1934/17 1930/1933/890
f 1901/1904/17 1902/1905/908 1932/1935/17 1931/1934/17
f 1902/1905/908 1903/1906/17 1933/1936/890 1932/1935/17
f 1903/1906/17 1904/1907/900 1934/1937/901 1933/1936/890
f 1904/1907/900 1091/1094/17 1093/1096/901 1934/1937/901
f 1906/1909/912 1905/1908/17 1935/1938/17 1936/1939/906
f 1905/1908/17 1907/1910/908 1937/1940/892 1935/1938/17
f 1907/1910/908 1908/1911/17 1938/1941/17 1937/1940/892
f 1908/1911/17 1909/1912/909 1939/1942/899 1938/1941/17
f 1909/1912/909 1910/1913/17 1940/1943/17 1939/1942/899
f 1910/1913/17 1911/1914/892 1941/1944/892 1940/1943/17
f 1911/1914/892 1912/1915/17 1942/1945/17 1941/1944/892
f 1912/1915/17 1913/1916/901 1943/1946/17 1942/1945/17
f 1913/1916/901 1914/1917/17 1944/1947/17 1943/1946/17
f 1914/1917/17 1915/1918/17 1945/1948/17 1944/1947/17
f 1915/1918/17 1916/1919/890 1946/1949/17 1945/1948/17
f 1916/1919/890 1917/1920/901 1947/1950/17 1946/1949/17
f 1917/1920/901 1918/1921/901 1948/1951/17 1947/1950/17
f 1918/1921/901 1919/1922/901 1949/1952/17 1948/1951/17
f 1919/1922/901 1920/1923/901 1950/1953/17 1949/1952/17
f 1920/1923/901 1921/1924/890 1951/1954/17 1950/1953/17
f 1921/1924/890 1922/1925/17 1952/1955/17 1951/1954/17
f 1922/1925/17 1923/1926/901 1953/1956/17 1952/1955/17
f 1923/1926/901 1924/1927/901 1954/1957/17 1953/1956/17
f 1924/1927/901 1925/1928/890 1955/1958/17 1954/1957/17
f 1925/1928/890 1926/1929/901 1956/1959/17 1955/1958/17
f 1926/1929/901 1927/1930/901 1957/1960/17 1956/1959/17
f 1927/1930/901 1928/1931/901 1958/1961/17 1957/1960/17
f 1928/1931/901 1929/1932/901 1959/1962/17 1958/1961/17
f 1929/1932/901 1930/1933/890 1960/1963/17 1959/1962/17
f 1930/1933/890 1931/1934/17 1961/1964/17 1960/1963/17
f 1931/1934/17 1932/1935/17 1962/1965/17 1961/1964/17
f 1932/1935/17 1933/1936/890 1963/1966/17 1962/1965/17
f 1933/1936/890 1934/1937/901 1964/1967/17 1963/1966/17
f 1934/1937/901 1093/1096/901 1095/1098/17 1964/1967/17
f 1936/1939/906 1935/1938/17 1965/1968/17 1966/1969/4
f 1935/1938/17 1937/1940/892 1967/1970/17 1965/1968/17
f 1937/1940/892 1938/1941/17 1968/1971/17 1967/1970/17
f 1938/1941/17 1939/1942/899 1969/1972/17 1968/1971/17
f 1939/1942/899 1940/1943/17 1970/1973/17 1969/1972/17
f 1940/1943/17 1941/1944/892 1971/1974/17 1970/1973/17
f 1941/1944/892 1942/1945/17 1972/1975/17 1971/1974/17
f 1942/1945/17 1943/1946/17 1973/1976/17 1972/1975/17
f 1943/1946/17 1944/1947/17 1974/1977/17 1973/1976/17
f 1944/1947/17 1945/1948/17 1975/1978/17 1974/1977/17
f 1945/1948/17 1946/1949/17 1976/1979/17 1975/1978/17
f 1946/1949/17 1947/1950/17 1977/1980/17 1976/1979/17
f 1947/1950/17 1948/1951/17 1978/1981/17 1977/1980/17
f 1948/1951/17 1949/1952/17 1979/1982/17 1978/1981/17
f 1949/1952/17 1950/1953/17 1980/1983/17 1979/1982/17
f 1950/1953/17 1951/1954/17 1981/1984/17 1980/1983/17
f 1951/1954/17 1952/1955/17 1982/1985/17 1981/1984/17
f 1952/1955/17 1953/1956/17 1983/1986/17 1982/1985/17
f 1953/1956/17 1954/1957/17 1984/1987/17 1983/1986/17
f 1954/1957/17 1955/1958/17 1985/1988/17 1984/1987/17
f 1955/1958/17 1956/1959/17 1986/1989/17 1985/1988/17
f 1956/1959/17 1957/1960/17 1987/1990/17 1986/1989/17
f 1957/1960/17 1958/1961/17 1988/1991/17 1987/1990/17
f 1958/1961/17 1959/1962/17 1989/1992/17 1988/1991/17
f 1959/1962/17 1960/1963/17 1990/1993/17 1989/1992/17
f 1960/1963/17 1961/1964/17 1991/1994/17 1990/1993/17
f 1961/1964/17 1962/1965/17 1992/1995/17 1991/1994/17
f 1962/1965/17 1963/1966/17 1993/1996/17 1992/1995/17
f 1963/1966/17 1964/1967/17 1994/1997/17 1993/1996/17
f 1964/1967/17 1095/1098/17 17/17/17 1994/1997/17
f 1966/1969/4 1965/1968/17 1995/1998/913 1996/1999/914
f 1965/1968/17 1967/1970/17 1997/2000/915 1995/1998/913
f 1967/1970/17 1968/1971/17 1998/2001/916 1997/2000/915
f 1968/1971/17 1969/1972/17 1999/2002/917 1998/2001/916
f 1969/1972/17 1970/1973/17 2000/2003/918 1999/2002/917
f 1970/1973/17 1971/1974/17 2001/2004/919 2000/2003/918
f 1971/1974/17 1972/1975/17 2002/2005/920 2001/2004/919
f 1972/1975/17 1973/1976/17 2003/2006/921 2002/2005/920
f 1973/1976/17 1974/1977/17 2004/2007/922 2003/2006/921
f 1974/1977/17 1975/1978/17 2005/2008/923 2004/2007/922
f 1975/1978/17 1976/1979/17 2006/2009/924 2005/2008/923
f 1976/1979/17 1977/1980/17 2007/2010/916 2006/2009/924
f 1977/1980/17 1978/1981/17 2008/2011/925 2007/2010/916
f 1978/1981/17 1979/1982/17 2009/2012/926 2008/2011/925
f 1979/1982/17 1980/1983/17 2010/2013/927 2009/2012/926
f 1980/1983/17 1981/1984/17 2011/2014/928 2010/2013/927
f 1981/1984/17 1982/1985/17 2012/2015/929 2011/2014/928
f 1982/1985/17 1983/1986/17 2013/2016/930 2012/2015/929
f 1983/1986/17 1984/1987/17 2014/2017/931 2013/2016/930
f 1984/1987/17 1985/1988/17 2015/2018/932 2014/2017/931
f 1985/1988/17 1986/1989/17 2016/2019/927 2015/2018/932
f 1986/1989/17 1987/1990/17 2017/2020/933 2016/2019/927
f 1987/1990/17 1988/1991/17 2018/2021/934 2017/2020/933
f 1988/1991/17 1989/1992/17 2019/2022/935 2018/2021/934
f 1989/1992/17 1990/1993/17 2020/2023/923 2019/2022/935
f 1990/1993/17 1991/1994/17 2021/2024/936 2020/2023/923
f 1991/1994/17 1992/1995/17 2022/2025/937 2021/2024/936
f 1992/1995/17 1993/1996/17 2023/2026/938 2022/2025/937
f 1993/1996/17 1994/1997/17 2024/2027/939 2023/2026/938
f 1994/1997/17 17/17/17 20/20/19 2024/2027/939
f 20/20/19 19/19/18 2025/2028/940 2026/2029/941
f 2026/2029/941 2025/2028/940 2027/2030/942 2028/2031/943
f 2028/2031/943 2027/2030/942 2029/2032/944 2030/2033/945
f 2030/2033/945 2029/2032/944 2031/2034/946 2032/2035/947
f 2032/2035/947 2031/2034/946 2033/2036/948 2034/2037/949
f 2034/2037/949 2033/2036/948 2035/2038/950 2036/2039/951
f 2036/2039/951 2035/2038/950 2037/2040/952 2038/2041/953
f 2038/2041/953 2037/2040/952 2039/2042/954 2040/2043/955
f 2040/2043/955 2039/2042/954 2041/2044/956 2042/2045/957
f 2042/2045/957 2041/2044/956 2043/2046/958 2044/2047/959
f 2044/2047/959 2043/2046/958 2045/2048/960 2046/2049/961
f 2046/2049/961 2045/2048/960 2047/2050/962 2048/2051/963
f 2048/2051/963 2047/2050/962 2049/2052/964 2050/2053/965
f 2050/2053/965 2049/2052/964 2051/2054/966 2052/2055/967
f 2052/2055/967 2051/2054/966 2053/2056/968 2054/2057/969
f 2054/2057/969 2053/2056/968 2055/2058/970 2056/2059/971
f 2056/2059/971 2055/2058/970 2057/2060/972 2058/2061/973
f 2058/2061/973 2057/2060/972 2059/2062/974 2060/2063/975
f 2060/2063/975 2059/2062/974 2061/2064/976 2062/2065/977
f 2062/2065/977 2061/2064/976 2063/2066/978 2064/2067/979
f 2064/2067/979 2063/2066/978 2065/2068/980 2066/2069/981
f 2066/2069/981 2065/2068/980 2067/2070/982 2068/2071/983
f 2068/2071/983 2067/2070/982 2069/2072/984 2070/2073/985
f 2070/2073/985 2069/2072/984 2071/2074/986 2072/2075/987
f 2072/2075/987 2071/2074/986 2073/2076/988 2074/2077/989
f 2074/2077/989 2073/2076/988 2075/2078/990 2076/2079/991
f 2076/2079/991 2075/2078/990 2077/2080/992 2078/2081/993
f 2078/2081/993 2077/2080/992 2079/2082/994 2080/2083/995
f 2080/2083/995 2079/2082/994 2081/2084/996 2082/2085/997
f 2082/2085/997 2081/2084/996 14/14/14 13/13/13
f 1996/1999/914 1995/1998/913 2083/2086/998 2084/2087/999
f 1995/1998/913 1997/2000/915 2085/2088/1000 2083/2086/998
f 1997/2000/915 1998/2001/916 2086/2089/1001 2085/2088/1000
f 1998/2001/916 1999/2002/917 2087/2090/1001 2086/2089/1001
f 1999/2002/917 2000/2003/918 2088/2091/1002 2087/2090/1001
f 2000/2003/918 2001/2004/919 2089/2092/1003 2088/2091/1002
f 2001/2004/919 2002/2005/920 2090/2093/1004 2089/2092/1003
f 2002/2005/920 2003/2006/921 2091/2094/1005 2090/2093/1004
f 2003/2006/921 2004/2007/922 2092/2095/1006 2091/2094/1005
f 2004/2007/922 2005/2008/923 2093/2096/1006 2092/2095/1006
f 2005/2008/923 2006/2009/924 2094/2097/1007 2093/2096/1006
f 2006/2009/924 2007/2010/916 2095/2098/1008 2094/2097/1007
f 2007/2010/916 2008/2011/925 2096/2099/1009 2095/2098/1008
f 2008/2011/925 2009/2012/926 2097/2100/1010 2096/2099/1009
f 2009/2012/926 2010/2013/927 2098/2101/1011 2097/2100/1010
f 2010/2013/927 2011/2014/928 2099/2102/1012 2098/2101/1011
f 2011/2014/928 2012/2015/929 2100/2103/1006 2099/2102/1012
f 2012/2015/929 2013/2016/930 2101/2104/1013 2100/2103/1006
f 2013/2016/930 2014/2017/931 2102/2105/1014 2101/2104/1013
f 2014/2017/931 2015/2018/932 2103/2106/1008 2102/2105/1014
f 2015/2018/932 2016/2019/927 2104/2107/1013 2103/2106/1008
f 2016/2019/927 2017/2020/933 2105/2108/1015 2104/2107/1013
f 2017/2020/933 2018/2021/934 2106/2109/1016 2105/2108/1015
f 2018/2021/934 2019/2022/935 2107/2110/1017 2106/2109/1016
f 2019/2022/935 2020/2023/923 2108/2111/1018 2107/2110/1017
f 2020/2023/923 2021/2024/936 2109/2112/1019 2108/2111/1018
f 2021/2024/936 2022/2025/937 2110/2113/1020 2109/2112/1019
f 2022/2025/937 2023/2026/938 2111/2114/1021 2110/2113/1020
f 2023/2026/938 2024/2027/939 2112/2115/1022 2111/2114/1021
f 2024/2027/939 20/20/19 2026/2029/941 2112/2115/1022
f 2084/2087/999 2083/2086/998 2113/2116/1023 2114/2117/1024
f 2083/2086/998 2085/2088/1000 2115/2118/1025 2113/2116/1023
f 2085/2088/1000 2086/2089/1001 2116/2119/1026 2115/2118/1025
f 2086/2089/1001 2087/2090/1001 2117/2120/1027 2116/2119/1026
f 2087/2090/1001 2088/2091/1002 2118/2121/1028 2117/2120/1027
f 2088/2091/1002 2089/2092/1003 2119/2122/1029 2118/2121/1028
f 2089/2092/1003 2090/2093/1004 2120/2123/1030 2119/2122/1029
f 2090/2093/1004 2091/2094/1005 2121/2124/1031 2120/2123/1030
f 2091/2094/1005 2092/2095/1006 2122/2125/1032 2121/2124/1031
f 2092/2095/1006 2093/2096/1006 2123/2126/1033 2122/2125/1032
f 2093/2096/1006 2094/2097/1007 2124/2127/1034 2123/2126/1033
f 2094/2097/1007 2095/2098/1008 2125/2128/1035 2124/2127/1034
f 2095/2098/1008 2096/2099/1009 2126/2129/1036 2125/2128/1035
f 2096/2099/1009 2097/2100/1010 2127/2130/1036 2126/2129/1036
f 2097/2100/1010 2098/2101/1011 2128/2131/1037 2127/2130/1036
f 2098/2101/1011 2099/2102/1012 2129/2132/1038 2128/2131/1037
f 2099/2102/1012 2100/2103/1006 2130/2133/1038 2129/2132/1038
f 2100/2103/1006 2101/2104/1013 2131/2134/1038 2130/2133/1038
f 2101/2104/1013 2102/2105/1014 2132/2135/1039 2131/2134/1038
f 2102/2105/1014 2103/2106/1008 2133/2136/1040 2132/2135/1039
f 2103/2106/1008 2104/2107/1013 2134/2137/1041 2133/2136/1040
f 2104/2107/1013 2105/2108/1015 2135/2138/1042 2134/2137/1041
f 2105/2108/1015 2106/2109/1016 2136/2139/1043 2135/2138/1042
f 2106/2109/1016 2107/2110/1017 2137/2140/1044 2136/2139/1043
f 2107/2110/1017 2108/2111/1018 2138/2141/1042 2137/2140/1044
f 2108/2111/1018 2109/2112/1019 2139/2142/1045 2138/2141/1042
f 2109/2112/1019 2110/2113/1020 2140/2143/1046 2139/2142/1045
f 2110/2113/1020 2111/2114/1021 2141/2144/1044 2140/2143/1046
f 2111/2114/1021 2112/2115/1022 2142/2145/1047 2141/2144/1044
f 2112/2115/1022 2026/2029/941 2028/2031/943 2142/2145/1047
f 2114/2117/1024 2113/2116/1023 2143/2146/1048 2144/2147/1049
f 2113/2116/1023 2115/2118/1025 2145/2148/1050 2143/2146/1048
f 2115/2118/1025 2116/2119/1026 2146/2149/1051 2145/2148/1050
f 2116/2119/1026 2117/2120/1027 2147/2150/1052 2146/2149/1051
f 2117/2120/1027 2118/2121/1028 2148/2151/1053 2147/2150/1052
f 2118/2121/1028 2119/2122/1029 2149/2152/1054 2148/2151/1053
f 2119/2122/1029 2120/2123/1030 2150/2153/1055 2149/2152/1054
f 2120/2123/1030 2121/2124/1031 2151/2154/1056 2150/2153/1055
f 2121/2124/1031 2122/2125/1032 2152/2155/1057 2151/2154/1056
f 2122/2125/1032 2123/2126/1033 2153/2156/1058 2152/2155/1057
f 2123/2126/1033 2124/2127/1034 2154/2157/1059 2153/2156/1058
f 2124/2127/1034 2125/2128/1035 2155/2158/1060 2154/2157/1059
f 2125/2128/1035 2126/2129/1036 2156/2159/1060 2155/2158/1060
f 2126/2129/1036 2127/2130/1036 2157/2160/1061 2156/2159/1060
f 2127/2130/1036 2128/2131/1037 2158/2161/1062 2157/2160/1061
f 2128/2131/1037 2129/2132/1038 2159/2162/1063 2158/2161/1062
f 2129/2132/1038 2130/2133/1038 2160/2163/1064 2159/2162/1063
f 2130/2133/1038 2131/2134/1038 2161/2164/1065 2160/2163/1064
f 2131/2134/1038 2132/2135/1039 2162/2165/1066 2161/2164/1065
f 2132/2135/1039 2133/2136/1040 2163/2166/1064 2162/2165/1066
f 2133/2136/1040 2134/2137/1041 2164/2167/1064 2163/2166/1064
f 2134/2137/1041 2135/2138/1042 2165/2168/1067 2164/2167/1064
f 2135/2138/1042 2136/2139/1043 2166/2169/1068 2165/2168/1067
f 2136/2139/1043 2137/2140/1044 2167/2170/1069 2166/2169/1068
f 2137/2140/1044 2138/2141/1042 2168/2171/1069 2167/2170/1069
f 2138/2141/1042 2139/2142/1045 2169/2172/1070 2168/2171/1069
f 2139/2142/1045 2140/2143/1046 2170/2173/1071 2169/2172/1070
f 2140/2143/1046 2141/2144/1044 2171/2174/1068 2170/2173/1071
f 2141/2144/1044 2142/2145/1047 2172/2175/1072 2171/2174/1068
f 2142/2145/1047 2028/2031/943 2030/2033/945 2172/2175/1072
f 2144/2147/1049 2143/2146/1048 2173/2176/1073 2174/2177/1074
f 2143/2146/1048 2145/2148/1050 2175/2178/1073 2173/2176/1073
f 2145/2148/1050 2146/2149/1051 2176/2179/1075 2175/2178/1073
f 2146/2149/1051 2147/2150/1052 2177/2180/1076 2176/2179/1075
f 2147/2150/1052 2148/2151/1053 2178/2181/1077 2177/2180/1076
f 2148/2151/1053 2149/2152/1054 2179/2182/1078 2178/2181/1077
f 2149/2152/1054 2150/2153/1055 2180/2183/1079 2179/2182/1078
f 2150/2153/1055 2151/2154/1056 2181/2184/1080 2180/2183/1079
f 2151/2154/1056 2152/2155/1057 2182/2185/1081 2181/2184/1080
f 2152/2155/1057 2153/2156/1058 2183/2186/1082 2182/2185/1081
f 2153/2156/1058 2154/2157/1059 2184/2187/1083 2183/2186/1082
f 2154/2157/1059 2155/2158/1060 2185/2188/1084 2184/2187/1083
f 2155/2158/1060 2156/2159/1060 2186/2189/1085 2185/2188/1084
f 2156/2159/1060 2157/2160/1061 2187/2190/1086 2186/2189/1085
f 2157/2160/1061 2158/2161/1062 2188/2191/1085 2187/2190/1086
f 2158/2161/1062 2159/2162/1063 2189/2192/1087 2188/2191/1085
f 2159/2162/1063 2160/2163/1064 2190/2193/1088 2189/2192/1087
f 2160/2163/1064 2161/2164/1065 2191/2194/1089 2190/2193/1088
f 2161/2164/1065 2162/2165/1066 2192/2195/1090 2191/2194/1089
f 2162/2165/1066 2163/2166/1064 2193/2196/1091 2192/2195/1090
f 2163/2166/1064 2164/2167/1064 2194/2197/1092 2193/2196/1091
f 2164/2167/1064 2165/2168/1067 2195/2198/1093 2194/2197/1092
f 2165/2168/1067 2166/2169/1068 2196/2199/1094 2195/2198/1093
f 2166/2169/1068 2167/2170/1069 2197/2200/1088 2196/2199/1094
f 2167/2170/1069 2168/2171/1069 2198/2201/1095 2197/2200/1088
f 2168/2171/1069 2169/2172/1070 2199/2202/1096 2198/2201/1095
f 2169/2172/1070 2170/2173/1071 2200/2203/1097 2199/2202/1096
f 2170/2173/1071 2171/2174/1068 2201/2204/1098 2200/2203/1097
f 2171/2174/1068 2172/2175/1072 2202/2205/1099 2201/2204/1098
f 2172/2175/1072 2030/2033/945 2032/2035/947 2202/2205/1099
f 2174/2177/1074 2173/2176/1073 2203/2206/1100 2204/2207/1101
f 2173/2176/1073 2175/2178/1073 2205/2208/1102 2203/2206/1100
f 2175/2178/1073 2176/2179/1075 2206/2209/1103 2205/2208/1102
f 2176/2179/1075 2177/2180/1076 2207/2210/1104 2206/2209/1103
f 2177/2180/1076 2178/2181/1077 2208/2211/1105 2207/2210/1104
f 2178/2181/1077 2179/2182/1078 2209/2212/1106 2208/2211/1105
f 2179/2182/1078 2180/2183/1079 2210/2213/1107 2209/2212/1106
f 2180/2183/1079 2181/2184/1080 2211/2214/1108 2210/2213/1107
f 2181/2184/1080 2182/2185/1081 2212/2215/1103 2211/2214/1108
f 2182/2185/1081 2183/2186/1082 2213/2216/1109 2212/2215/1103
f 2183/2186/1082 2184/2187/1083 2214/2217/1109 2213/2216/1109
f 2184/2187/1083 2185/2188/1084 2215/2218/1110 2214/2217/1109
f 2185/2188/1084 2186/2189/1085 2216/2219/1111 2215/2218/1110
f 2186/2189/1085 2187/2190/1086 2217/2220/1105 2216/2219/1111
f 2187/2190/1086 2188/2191/1085 2218/2221/1112 2217/2220/1105
f 2188/2191/1085 2189/2192/1087 2219/2222/1113 2218/2221/1112
f 2189/2192/1087 2190/2193/1088 2220/2223/1114 2219/2222/1113
f 2190/2193/1088 2191/2194/1089 2221/2224/1113 2220/2223/1114
f 2191/2194/1089 2192/2195/1090 2222/2225/1115 2221/2224/1113
f 2192/2195/1090 2193/2196/1091 2223/2226/1116 2222/2225/1115
f 2193/2196/1091 2194/2197/1092 2224/2227/1117 2223/2226/1116
f 2194/2197/1092 2195/2198/1093 2225/2228/1118 2224/2227/1117
f 2195/2198/1093 2196/2199/1094 2226/2229/1112 2225/2228/1118
f 2196/2199/1094 2197/2200/1088 2227/2230/1119 2226/2229/1112
f 2197/2200/1088 2198/2201/1095 2228/2231/1120 2227/2230/1119
f 2198/2201/1095 2199/2202/1096 2229/2232/1121 2228/2231/1120
f 2199/2202/1096 2200/2203/1097 2230/2233/1120 2229/2232/1121
f 2200/2203/1097 2201/2204/1098 2231/2234/1122 2230/2233/1120
f 2201/2204/1098 2202/2205/1099 2232/2235/1121 2231/2234/1122
f 2202/2205/1099 2032/2035/947 2034/2037/949 2232/2235/1121
f 2204/2207/1101 2203/2206/1100 2233/2236/1123 2234/2237/1124
f 2203/2206/1100 2205/2208/1102 2235/2238/1125 2233/2236/1123
f 2205/2208/1102 2206/2209/1103 2236/2239/1126 2235/2238/1125
f 2206/2209/1103 2207/2210/1104 2237/2240/1127 2236/2239/1126
f 2207/2210/1104 2208/2211/1105 2238/2241/1126 2237/2240/1127
f 2208/2211/1105 2209/2212/1106 2239/2242/1126 2238/2241/1126
f 2209/2212/1106 2210/2213/1107 2240/2243/1126 2239/2242/1126
f 2210/2213/1107 2211/2214/1108 2241/2244/1128 2240/2243/1126
f 2211/2214/1108 2212/2215/1103 2242/2245/1129 2241/2244/1128
f 2212/2215/1103 2213/2216/1109 2243/2246/1130 2242/2245/1129
f 2213/2216/1109 2214/2217/1109 2244/2247/1131 2243/2246/1130
f 2214/2217/1109 2215/2218/1110 2245/2248/1132 2244/2247/1131
f 2215/2218/1110 2216/2219/1111 2246/2249/1131 2245/2248/1132
f 2216/2219/1111 2217/2220/1105 2247/2250/1133 2246/2249/1131
f 2217/2220/1105 2218/2221/1112 2248/2251/1134 2247/2250/1133
f 2218/2221/1112 2219/2222/1113 2249/2252/1135 2248/2251/1134
f 2219/2222/1113 2220/2223/1114 2250/2253/1132 2249/2252/1135
f 2220/2223/1114 2221/2224/1113 2251/2254/1136 2250/2253/1132
f 2221/2224/1113 2222/2225/1115 2252/2255/1137 2251/2254/1136
f 2222/2225/1115 2223/2226/1116 2253/2256/1138 2252/2255/1137
f 2223/2226/1116 2224/2227/1117 2254/2257/1137 2253/2256/1138
f 2224/2227/1117 2225/2228/1118 2255/2258/1139 2254/2257/1137
f 2225/2228/1118 2226/2229/1112 2256/2259/1140 2255/2258/1139
f 2226/2229/1112 2227/2230/1119 2257/2260/1138 2256/2259/1140
f 2227/2230/1119 2228/2231/1120 2258/2261/1141 2257/2260/1138
f 2228/2231/1120 2229/2232/1121 2259/2262/1142 2258/2261/1141
f 2229/2232/1121 2230/2233/1120 2260/2263/1143 2259/2262/1142
f 2230/2233/1120 2231/2234/1122 2261/2264/1143 2260/2263/1143
f 2231/2234/1122 2232/2235/1121 2262/2265/1142 2261/2264/1143
f 2232/2235/1121 2034/2037/949 2036/2039/951 2262/2265/1142
f 2234/2237/1124 2233/2236/1123 2263/2266/1144 2264/2267/1145
f 2233/2236/1123 2235/2238/1125 2265/2268/1146 2263/2266/1144
f 2235/2238/1125 2236/2239/1126 2266/2269/1146 2265/2268/1146
f 2236/2239/1126 2237/2240/1127 2267/2270/1147 2266/2269/1146
f 2237/2240/1127 2238/2241/1126 2268/2271/1148 2267/2270/1147
f 2238/2241/1126 2239/2242/1126 2269/2272/1149 2268/2271/1148
f 2239/2242/1126 2240/2243/1126 2270/2273/1146 2269/2272/1149
f 2240/2243/1126 2241/2244/1128 2271/2274/1150 2270/2273/1146
f 2241/2244/1128 2242/2245/1129 2272/2275/1151 2271/2274/1150
f 2242/2245/1129 2243/2246/1130 2273/2276/1152 2272/2275/1151
f 2243/2246/1130 2244/2247/1131 2274/2277/1153 2273/2276/1152
f 2244/2247/1131 2245/2248/1132 2275/2278/1154 2274/2277/1153
f 2245/2248/1132 2246/2249/1131 2276/2279/1155 2275/2278/1154
f 2246/2249/1131 2247/2250/1133 2277/2280/1156 2276/2279/1155
f 2247/2250/1133 2248/2251/1134 2278/2281/1157 2277/2280/1156
f 2248/2251/1134 2249/2252/1135 2279/2282/1158 2278/2281/1157
f 2249/2252/1135 2250/2253/1132 2280/2283/1159 2279/2282/1158
f 2250/2253/1132 2251/2254/1136 2281/2284/1160 2280/2283/1159
f 2251/2254/1136 2252/2255/1137 2282/2285/1161 2281/2284/1160
f 2252/2255/1137 2253/2256/1138 2283/2286/1162 2282/2285/1161
f 2253/2256/1138 2254/2257/1137 2284/2287/1159 2283/2286/1162
f 2254/2257/1137 2255/2258/1139 2285/2288/1163 2284/2287/1159
f 2255/2258/1139 2256/2259/1140 2286/2289/1164 2285/2288/1163
f 2256/2259/1140 2257/2260/1138 2287/2290/1165 2286/2289/1164
f 2257/2260/1138 2258/2261/1141 2288/2291/1166 2287/2290/1165
f 2258/2261/1141 2259/2262/1142 2289/2292/1167 2288/2291/1166
f 2259/2262/1142 2260/2263/1143 2290/2293/1168 2289/2292/1167
f 2260/2263/1143 2261/2264/1143 2291/2294/1166 2290/2293/1168
f 2261/2264/1143 2262/2265/1142 2292/2295/1169 2291/2294/1166
f 2262/2265/1142 2036/2039/951 2038/2041/953 2292/2295/1169
f 2264/2267/1145 2263/2266/1144 2293/2296/1170 2294/2297/1171
f 2263/2266/1144 2265/2268/1146 2295/2298/1170 2293/2296/1170
f 2265/2268/1146 2266/2269/1146 2296/2299/1172 2295/2298/1170
f 2266/2269/1146 2267/2270/1147 2297/2300/1170 2296/2299/1172
f 2267/2270/1147 2268/2271/1148 2298/2301/1173 2297/2300/1170
f 2268/2271/1148 2269/2272/1149 2299/2302/1174 2298/2301/1173
f 2269/2272/1149 2270/2273/1146 2300/2303/1175 2299/2302/1174
f 2270/2273/1146 2271/2274/1150 2301/2304/1176 2300/2303/1175
f 2271/2274/1150 2272/2275/1151 2302/2305/1177 2301/2304/1176
f 2272/2275/1151 2273/2276/1152 2303/2306/1178 2302/2305/1177
f 2273/2276/1152 2274/2277/1153 2304/2307/1179 2303/2306/1178
f 2274/2277/1153 2275/2278/1154 2305/2308/1180 2304/2307/1179
f 2275/2278/1154 2276/2279/1155 2306/2309/1180 2305/2308/1180
f 2276/2279/1155 2277/2280/1156 2307/2310/1181 2306/2309/1180
f 2277/2280/1156 2278/2281/1157 2308/2311/1182 2307/2310/1181
f 2278/2281/1157 2279/2282/1158 2309/2312/1183 2308/2311/1182
f 2279/2282/1158 2280/2283/1159 2310/2313/1184 2309/2312/1183
f 2280/2283/1159 2281/2284/1160 2311/2314/1184 2310/2313/1184
f 2281/2284/1160 2282/2285/1161 2312/2315/1185 2311/2314/1184
f 2282/2285/1161 2283/2286/1162 2313/2316/1186 2312/2315/1185
f 2283/2286/1162 2284/2287/1159 2314/2317/1187 2313/2316/1186
f 2284/2287/1159 2285/2288/1163 2315/2318/1188 2314/2317/1187
f 2285/2288/1163 2286/2289/1164 2316/2319/1189 2315/2318/1188
f 2286/2289/1164 2287/2290/1165 2317/2320/1190 2316/2319/1189
f 2287/2290/1165 2288/2291/1166 2318/2321/1191 2317/2320/1190
f 2288/2291/1166 2289/2292/1167 2319/2322/1192 2318/2321/1191
f 2289/2292/1167 2290/2293/1168 2320/2323/1191 2319/2322/1192
f 2290/2293/1168 2291/2294/1166 2321/2324/1193 2320/2323/1191
f 2291/2294/1166 2292/2295/1169 2322/2325/1194 2321/2324/1193
f 2292/2295/1169 2038/2041/953 2040/2043/955 2322/2325/1194
f 2294/2297/1171 2293/2296/1170 2323/2326/1195 2324/2327/1196
f 2293/2296/1170 2295/2298/1170 2325/2328/1197 2323/2326/1195
f 2295/2298/1170 2296/2299/1172 2326/2329/1198 2325/2328/1197
f 2296/2299/1172 2297/2300/1170 2327/2330/1199 2326/2329/1198
f 2297/2300/1170 2298/2301/1173 2328/2331/1200 2327/2330/1199
f 2298/2301/1173 2299/2302/1174 2329/2332/1201 2328/2331/1200
f 2299/2302/1174 2300/2303/1175 2330/2333/1202 2329/2332/1201
f 2300/2303/1175 2301/2304/1176 2331/2334/1203 2330/2333/1202
f 2301/2304/1176 2302/2305/1177 2332/2335/1204 2331/2334/1203
f 2302/2305/1177 2303/2306/1178 2333/2336/1205 2332/2335/1204
f 2303/2306/1178 2304/2307/1179 2334/2337/1204 2333/2336/1205
f 2304/2307/1179 2305/2308/1180 2335/2338/1206 2334/2337/1204
f 2305/2308/1180 2306/2309/1180 2336/2339/1207 2335/2338/1206
f 2306/2309/1180 2307/2310/1181 2337/2340/1208 2336/2339/1207
f 2307/2310/1181 2308/2311/1182 2338/2341/1206 2337/2340/1208
f 2308/2311/1182 2309/2312/1183 2339/2342/1209 2338/2341/1206
f 2309/2312/1183 2310/2313/1184 2340/2343/1209 2339/2342/1209
f 2310/2313/1184 2311/2314/1184 2341/2344/1210 2340/2343/1209
f 2311/2314/1184 2312/2315/1185 2342/2345/1211 2341/2344/1210
f 2312/2315/1185 2313/2316/1186 2343/2346/1212 2342/2345/1211
f 2313/2316/1186 2314/2317/1187 2344/2347/1213 2343/2346/1212
f 2314/2317/1187 2315/2318/1188 2345/2348/1214 2344/2347/1213
f 2315/2318/1188 2316/2319/1189 2346/2349/1214 2345/2348/1214
f 2316/2319/1189 2317/2320/1190 2347/2350/1215 2346/2349/1214
f 2317/2320/1190 2318/2321/1191 2348/2351/1216 2347/2350/1215
f 2318/2321/1191 2319/2322/1192 2349/2352/1217 2348/2351/1216
f 2319/2322/1192 2320/2323/1191 2350/2353/1218 2349/2352/1217
f 2320/2323/1191 2321/2324/1193 2351/2354/1219 2350/2353/1218
f 2321/2324/1193 2322/2325/1194 2352/2355/1220 2351/2354/1219
f 2322/2325/1194 2040/2043/955 2042/2045/957 2352/2355/1220
f 2324/2327/1196 2323/2326/1195 2353/2356/1221 2354/2357/1222
f 2323/2326/1195 2325/2328/1197 2355/2358/1223 2353/2356/1221
f 2325/2328/1197 2326/2329/1198 2356/2359/1224 2355/2358/1223
f 2326/2329/1198 2327/2330/1199 2357/2360/1225 2356/2359/1224
f 2327/2330/1199 2328/2331/1200 2358/2361/1226 2357/2360/1225
f 2328/2331/1200 2329/2332/1201 2359/2362/1227 2358/2361/1226
f 2329/2332/1201 2330/2333/1202 2360/2363/1228 2359/2362/1227
f 2330/2333/1202 2331/2334/1203 2361/2364/1229 2360/2363/1228
f 2331/2334/1203 2332/2335/1204 2362/2365/1226 2361/2364/1229
f 2332/2335/1204 2333/2336/1205 2363/2366/1230 2362/2365/1226
f 2333/2336/1205 2334/2337/1204 2364/2367/1231 2363/2366/1230
f 2334/2337/1204 2335/2338/1206 2365/2368/1232 2364/2367/1231
f 2335/2338/1206 2336/2339/1207 2366/2369/1233 2365/2368/1232
f 2336/2339/1207 2337/2340/1208 2367/2370/1234 2366/2369/1233
f 2337/2340/1208 2338/2341/1206 2368/2371/1232 2367/2370/1234
f 2338/2341/1206 2339/2342/1209 2369/2372/1235 2368/2371/1232
f 2339/2342/1209 2340/2343/1209 2370/2373/1232 2369/2372/1235
f 2340/2343/1209 2341/2344/1210 2371/2374/1236 2370/2373/1232
f 2341/2344/1210 2342/2345/1211 2372/2375/1237 2371/2374/1236
f 2342/2345/1211 2343/2346/1212 2373/2376/1238 2372/2375/1237
f 2343/2346/1212 2344/2347/1213 2374/2377/1239 2373/2376/1238
f 2344/2347/1213 2345/2348/1214 2375/2378/1240 2374/2377/1239
f 2345/2348/1214 2346/2349/1214 2376/2379/1241 2375/2378/1240
f 2346/2349/1214 2347/2350/1215 2377/2380/1242 2376/2379/1241
f 2347/2350/1215 2348/2351/1216 2378/2381/1240 2377/2380/1242
f 2348/2351/1216 2349/2352/1217 2379/2382/1243 2378/2381/1240
f 2349/2352/1217 2350/2353/1218 2380/2383/1244 2379/2382/1243
f 2350/2353/1218 2351/2354/1219 2381/2384/1245 2380/2383/1244
f 2351/2354/1219 2352/2355/1220 2382/2385/1246 2381/2384/1245
f 2352/2355/1220 2042/2045/957 2044/2047/959 2382/2385/1246
f 2354/2357/1222 2353/2356/1221 2383/2386/1247 2384/2387/1248
f 2353/2356/1221 2355/2358/1223 2385/2388/1249 2383/2386/1247
f 2355/2358/1223 2356/2359/1224 2386/2389/1250 2385/2388/1249
f 2356/2359/1224 2357/2360/1225 2387/2390/1251 2386/2389/1250
f 2357/2360/1225 2358/2361/1226 2388/2391/1252 2387/2390/1251
f 2358/2361/1226 2359/2362/1227 2389/2392/1253 2388/2391/1252
f 2359/2362/1227 2360/2363/1228 2390/2393/1254 2389/2392/1253
f 2360/2363/1228 2361/2364/1229 2391/2394/1250 2390/2393/1254
f 2361/2364/1229 2362/2365/1226 2392/2395/1255 2391/2394/1250
f 2362/2365/1226 2363/2366/1230 2393/2396/1256 2392/2395/1255
f 2363/2366/1230 2364/2367/1231 2394/2397/1257 2393/2396/1256
f 2364/2367/1231 2365/2368/1232 2395/2398/1258 2394/2397/1257
f 2365/2368/1232 2366/2369/1233 2396/2399/1259 2395/2398/1258
f 2366/2369/1233 2367/2370/1234 2397/2400/1254 2396/2399/1259
f 2367/2370/1234 2368/2371/1232 2398/2401/1260 2397/2400/1254
f 2368/2371/1232 2369/2372/1235 2399/2402/1261 2398/2401/1260
f 2369/2372/1235 2370/2373/1232 2400/2403/1262 2399/2402/1261
f 2370/2373/1232 2371/2374/1236 2401/2404/1263 2400/2403/1262
f 2371/2374/1236 2372/2375/1237 2402/2405/1264 2401/2404/1263
f 2372/2375/1237 2373/2376/1238 2403/2406/1262 2402/2405/1264
f 2373/2376/1238 2374/2377/1239 2404/2407/1265 2403/2406/1262
f 2374/2377/1239 2375/2378/1240 2405/2408/1266 2404/2407/1265
f 2375/2378/1240 2376/2379/1241 2406/2409/1267 2405/2408/1266
f 2376/2379/1241 2377/2380/1242 2407/2410/1267 2406/2409/1267
f 2377/2380/1242 2378/2381/1240 2408/2411/1268 2407/2410/1267
f 2378/2381/1240 2379/2382/1243 2409/2412/1269 2408/2411/1268
f 2379/2382/1243 2380/2383/1244 2410/2413/1270 2409/2412/1269
f 2380/2383/1244 2381/2384/1245 2411/2414/1271 2410/2413/1270
f 2381/2384/1245 2382/2385/1246 2412/2415/1269 2411/2414/1271
f 2382/2385/1246 2044/2047/959 2046/2049/961 2412/2415/1269
f 2384/2387/1248 2383/2386/1247 2413/2416/1272 2414/2417/1273
f 2383/2386/1247 2385/2388/1249 2415/2418/1274 2413/2416/1272
f 2385/2388/1249 2386/2389/1250 2416/2419/1275 2415/2418/1274
f 2386/2389/1250 2387/2390/1251 2417/2420/1276 2416/2419/1275
f 2387/2390/1251 2388/2391/1252 2418/2421/1276 2417/2420/1276
f 2388/2391/1252 2389/2392/1253 2419/2422/1277 2418/2421/1276
f 2389/2392/1253 2390/2393/1254 2420/2423/1278 2419/2422/1277
f 2390/2393/1254 2391/2394/1250 2421/2424/1279 2420/2423/1278
f 2391/2394/1250 2392/2395/1255 2422/2425/1280 2421/2424/1279
f 2392/2395/1255 2393/2396/1256 2423/2426/1281 2422/2425/1280
f 2393/2396/1256 2394/2397/1257 2424/2427/1282 2423/2426/1281
f 2394/2397/1257 2395/2398/1258 2425/2428/1283 2424/2427/1282
f 2395/2398/1258 2396/2399/1259 2426/2429/1283 2425/2428/1283
f 2396/2399/1259 2397/2400/1254 2427/2430/1284 2426/2429/1283
f 2397/2400/1254 2398/2401/1260 2428/2431/1284 2427/2430/1284
f 2398/2401/1260 2399/2402/1261 2429/2432/1285 2428/2431/1284
f 2399/2402/1261 2400/2403/1262 2430/2433/1286 2429/2432/1285
f 2400/2403/1262 2401/2404/1263 2431/2434/1287 2430/2433/1286
f 2401/2404/1263 2402/2405/1264 2432/2435/1283 2431/2434/1287
f 2402/2405/1264 2403/2406/1262 2433/2436/1284 2432/2435/1283
f 2403/2406/1262 2404/2407/1265 2434/2437/1288 2433/2436/1284
f 2404/2407/1265 2405/2408/1266 2435/2438/1286 2434/2437/1288
f 2405/2408/1266 2406/2409/1267 2436/2439/1289 2435/2438/1286
f 2406/2409/1267 2407/2410/1267 2437/2440/1289 2436/2439/1289
f 2407/2410/1267 2408/2411/1268 2438/2441/1290 2437/2440/1289
f 2408/2411/1268 2409/2412/1269 2439/2442/1289 2438/2441/1290
f 2409/2412/1269 2410/2413/1270 2440/2443/1291 2439/2442/1289
f 2410/2413/1270 2411/2414/1271 2441/2444/1292 2440/2443/1291
f 2411/2414/1271 2412/2415/1269 2442/2445/1293 2441/2444/1292
f 2412/2415/1269 2046/2049/961 2048/2051/963 2442/2445/1293
f 2414/2417/1273 2413/2416/1272 2443/2446/1294 2444/2447/1295
f 2413/2416/1272 2415/2418/1274 2445/2448/1296 2443/2446/1294
f 2415/2418/1274 2416/2419/1275 2446/2449/1297 2445/2448/1296
f 2416/2419/1275 2417/2420/1276 2447/2450/1298 2446/2449/1297
f 2417/2420/1276 2418/2421/1276 2448/2451/1299 2447/2450/1298
f 2418/2421/1276 2419/2422/1277 2449/2452/1300 2448/2451/1299
f 2419/2422/1277 2420/2423/1278 2450/2453/1301 2449/2452/1300
f 2420/2423/1278 2421/2424/1279 2451/2454/1302 2450/2453/1301
f 2421/2424/1279 2422/2425/1280 2452/2455/1303 2451/2454/1302
f 2422/2425/1280 2423/2426/1281 2453/2456/1302 2452/2455/1303
f 2423/2426/1281 2424/2427/1282 2454/2457/1304 2453/2456/1302
f 2424/2427/1282 2425/2428/1283 2455/2458/1305 2454/2457/1304
f 2425/2428/1283 2426/2429/1283 2456/2459/1306 2455/2458/1305
f 2426/2429/1283 2427/2430/1284 2457/2460/1307 2456/2459/1306
f 2427/2430/1284 2428/2431/1284 2458/2461/1308 2457/2460/1307
f 2428/2431/1284 2429/2432/1285 2459/2462/1309 2458/2461/1308
f 2429/2432/1285 2430/2433/1286 2460/2463/1310 2459/2462/1309
f 2430/2433/1286 2431/2434/1287 2461/2464/1310 2460/2463/1310
f 2431/2434/1287 2432/2435/1283 2462/2465/1308 2461/2464/1310
f 2432/2435/1283 2433/2436/1284 2463/2466/1310 2462/2465/1308
f 2433/2436/1284 2434/2437/1288 2464/2467/1311 2463/2466/1310
f 2434/2437/1288 2435/2438/1286 2465/2468/1312 2464/2467/1311
f 2435/2438/1286 2436/2439/1289 2466/2469/1313 2465/2468/1312
f 2436/2439/1289 2437/2440/1289 2467/2470/1314 2466/2469/1313
f 2437/2440/1289 2438/2441/1290 2468/2471/1314 2467/2470/1314
f 2438/2441/1290 2439/2442/1289 2469/2472/1315 2468/2471/1314
f 2439/2442/1289 2440/2443/1291 2470/2473/1316 2469/2472/1315
f 2440/2443/1291 2441/2444/1292 2471/2474/1317 2470/2473/1316
f 2441/2444/1292 2442/2445/1293 2472/2475/1317 2471/2474/1317
f 2442/2445/1293 2048/2051/963 2050/2053/965 2472/2475/1317
f 2444/2447/1295 2443/2446/1294 2473/2476/1318 2474/2477/1319
f 2443/2446/1294 2445/2448/1296 2475/2478/1320 2473/2476/1318
f 2445/2448/1296 2446/2449/1297 2476/2479/1321 2475/2478/1320
f 2446/2449/1297 2447/2450/1298 2477/2480/1322 2476/2479/1321
f 2447/2450/1298 2448/2451/1299 2478/2481/1320 2477/2480/1322
f 2448/2451/1299 2449/2452/1300 2479/2482/1323 2478/2481/1320
f 2449/2452/1300 2450/2453/1301 2480/2483/1324 2479/2482/1323
f 2450/2453/1301 2451/2454/1302 2481/2484/1325 2480/2483/1324
f 2451/2454/1302 2452/2455/1303 2482/2485/1326 2481/2484/1325
f 2452/2455/1303 2453/2456/1302 2483/2486/1326 2482/2485/1326
f 2453/2456/1302 2454/2457/1304 2484/2487/1327 2483/2486/1326
f 2454/2457/1304 2455/2458/1305 2485/2488/1328 2484/2487/1327
f 2455/2458/1305 2456/2459/1306 2486/2489/1328 2485/2488/1328
f 2456/2459/1306 2457/2460/1307 2487/2490/1329 2486/2489/1328
f 2457/2460/1307 2458/2461/1308 2488/2491/1330 2487/2490/1329
f 2458/2461/1308 2459/2462/1309 2489/2492/1331 2488/2491/1330
f 2459/2462/1309 2460/2463/1310 2490/2493/1332 2489/2492/1331
f 2460/2463/1310 2461/2464/1310 2491/2494/1332 2490/2493/1332
f 2461/2464/1310 2462/2465/1308 2492/2495/1333 2491/2494/1332
f 2462/2465/1308 2463/2466/1310 2493/2496/1334 2492/2495/1333
f 2463/2466/1310 2464/2467/1311 2494/2497/1333 2493/2496/1334
f 2464/2467/1311 2465/2468/1312 2495/2498/1333 2494/2497/1333
f 2465/2468/1312 2466/2469/1313 2496/2499/1331 2495/2498/1333
f 2466/2469/1313 2467/2470/1314 2497/2500/1335 2496/2499/1331
f 2467/2470/1314 2468/2471/1314 2498/2501/1336 2497/2500/1335
f 2468/2471/1314 2469/2472/1315 2499/2502/1337 2498/2501/1336
f 2469/2472/1315 2470/2473/1316 2500/2503/1338 2499/2502/1337
f 2470/2473/1316 2471/2474/1317 2501/2504/1339 2500/2503/1338
f 2471/2474/1317 2472/2475/1317 2502/2505/1339 2501/2504/1339
f 2472/2475/1317 2050/2053/965 2052/2055/967 2502/2505/1339
f 2474/2477/1319 2473/2476/1318 2503/2506/1340 2504/2507/1341
f 2473/2476/1318 2475/2478/1320 2505/2508/1342 2503/2506/1340
f 2475/2478/1320 2476/2479/1321 2506/2509/1342 2505/2508/1342
f 2476/2479/1321 2477/2480/1322 2507/2510/1135 2506/2509/1342
f 2477/2480/1322 2478/2481/1320 2508/2511/1137 2507/2510/1135
f 2478/2481/1320 2479/2482/1323 2509/2512/1343 2508/2511/1137
f 2479/2482/1323 2480/2483/1324 2510/2513/1344 2509/2512/1343
f 2480/2483/1324 2481/2484/1325 2511/2514/1345 2510/2513/1344
f 2481/2484/1325 2482/2485/1326 2512/2515/1344 2511/2514/1345
f 2482/2485/1326 2483/2486/1326 2513/2516/1346 2512/2515/1344
f 2483/2486/1326 2484/2487/1327 2514/2517/1347 2513/2516/1346
f 2484/2487/1327 2485/2488/1328 2515/2518/1348 2514/2517/1347
f 2485/2488/1328 2486/2489/1328 2516/2519/1349 2515/2518/1348
f 2486/2489/1328 2487/2490/1329 2517/2520/1142 2516/2519/1349
f 2487/2490/1329 2488/2491/1330 2518/2521/1350 2517/2520/1142
f 2488/2491/1330 2489/2492/1331 2519/2522/1351 2518/2521/1350
f 2489/2492/1331 2490/2493/1332 2520/2523/1352 2519/2522/1351
f 2490/2493/1332 2491/2494/1332 2521/2524/1353 2520/2523/1352
f 2491/2494/1332 2492/2495/1333 2522/2525/1354 2521/2524/1353
f 2492/2495/1333 2493/2496/1334 2523/2526/1355 2522/2525/1354
f 2493/2496/1334 2494/2497/1333 2524/2527/1356 2523/2526/1355
f 2494/2497/1333 2495/2498/1333 2525/2528/1357 2524/2527/1356
f 2495/2498/1333 2496/2499/1331 2526/2529/1358 2525/2528/1357
f 2496/2499/1331 2497/2500/1335 2527/2530/1359 2526/2529/1358
f 2497/2500/1335 2498/2501/1336 2528/2531/1360 2527/2530/1359
f 2498/2501/1336 2499/2502/1337 2529/2532/1361 2528/2531/1360
f 2499/2502/1337 2500/2503/1338 2530/2533/1362 2529/2532/1361
f 2500/2503/1338 2501/2504/1339 2531/2534/1363 2530/2533/1362
f 2501/2504/1339 2502/2505/1339 2532/2535/1364 2531/2534/1363
f 2502/2505/1339 2052/2055/967 2054/2057/969 2532/2535/1364
f 2504/2507/1341 2503/2506/1340 2533/2536/1365 2534/2537/1366
f 2503/2506/1340 2505/2508/1342 2535/2538/1367 2533/2536/1365
f 2505/2508/1342 2506/2509/1342 2536/2539/1368 2535/2538/1367
f 2506/2509/1342 2507/2510/1135 2537/2540/1148 2536/2539/1368
f 2507/2510/1135 2508/2511/1137 2538/2541/1369 2537/2540/1148
f 2508/2511/1137 2509/2512/1343 2539/2542/1370 2538/2541/1369
f 2509/2512/1343 2510/2513/1344 2540/2543/1371 2539/2542/1370
f 2510/2513/1344 2511/2514/1345 2541/2544/1372 2540/2543/1371
f 2511/2514/1345 2512/2515/1344 2542/2545/1373 2541/2544/1372
f 2512/2515/1344 2513/2516/1346 2543/2546/1374 2542/2545/1373
f 2513/2516/1346 2514/2517/1347 2544/2547/1372 2543/2546/1374
f 2514/2517/1347 2515/2518/1348 2545/2548/1375 2544/2547/1372
f 2515/2518/1348 2516/2519/1349 2546/2549/1376 2545/2548/1375
f 2516/2519/1349 2517/2520/1142 2547/2550/1377 2546/2549/1376
f 2517/2520/1142 2518/2521/1350 2548/2551/1378 2547/2550/1377
f 2518/2521/1350 2519/2522/1351 2549/2552/1379 2548/2551/1378
f 2519/2522/1351 2520/2523/1352 2550/2553/1377 2549/2552/1379
f 2520/2523/1352 2521/2524/1353 2551/2554/1380 2550/2553/1377
f 2521/2524/1353 2522/2525/1354 2552/2555/1381 2551/2554/1380
f 2522/2525/1354 2523/2526/1355 2553/2556/1382 2552/2555/1381
f 2523/2526/1355 2524/2527/1356 2554/2557/1383 2553/2556/1382
f 2524/2527/1356 2525/2528/1357 2555/2558/1384 2554/2557/1383
f 2525/2528/1357 2526/2529/1358 2556/2559/1385 2555/2558/1384
f 2526/2529/1358 2527/2530/1359 2557/2560/1386 2556/2559/1385
f 2527/2530/1359 2528/2531/1360 2558/2561/1387 2557/2560/1386
f 2528/2531/1360 2529/2532/1361 2559/2562/1388 2558/2561/1387
f 2529/2532/1361 2530/2533/1362 2560/2563/1389 2559/2562/1388
f 2530/2533/1362 2531/2534/1363 2561/2564/1388 2560/2563/1389
f 2531/2534/1363 2532/2535/1364 2562/2565/1387 2561/2564/1388
f 2532/2535/1364 2054/2057/969 2056/2059/971 2562/2565/1387
f 2534/2537/1366 2533/2536/1365 2563/2566/1390 2564/2567/1391
f 2533/2536/1365 2535/2538/1367 2565/2568/1392 2563/2566/1390
f 2535/2538/1367 2536/2539/1368 2566/2569/1393 2565/2568/1392
f 2536/2539/1368 2537/2540/1148 2567/2570/1394 2566/2569/1393
f 2537/2540/1148 2538/2541/1369 2568/2571/1395 2567/2570/1394
f 2538/2541/1369 2539/2542/1370 2569/2572/1396 2568/2571/1395
f 2539/2542/1370 2540/2543/1371 2570/2573/1397 2569/2572/1396
f 2540/2543/1371 2541/2544/1372 2571/2574/1398 2570/2573/1397
f 2541/2544/1372 2542/2545/1373 2572/2575/1399 2571/2574/1398
f 2542/2545/1373 2543/2546/1374 2573/2576/1400 2572/2575/1399
f 2543/2546/1374 2544/2547/1372 2574/2577/1401 2573/2576/1400
f 2544/2547/1372 2545/2548/1375 2575/2578/1402 2574/2577/1401
f 2545/2548/1375 2546/2549/1376 2576/2579/1403 2575/2578/1402
f 2546/2549/1376 2547/2550/1377 2577/2580/1403 2576/2579/1403
f 2547/2550/1377 2548/2551/1378 2578/2581/1404 2577/2580/1403
f 2548/2551/1378 2549/2552/1379 2579/2582/1405 2578/2581/1404
f 2549/2552/1379 2550/2553/1377 2580/2583/1406 2579/2582/1405
f 2550/2553/1377 2551/2554/1380 2581/2584/1407 2580/2583/1406
f 2551/2554/1380 2552/2555/1381 2582/2585/1405 2581/2584/1407
f 2552/2555/1381 2553/2556/1382 2583/2586/1408 2582/2585/1405
f 2553/2556/1382 2554/2557/1383 2584/2587/1409 2583/2586/1408
f 2554/2557/1383 2555/2558/1384 2585/2588/1410 2584/2587/1409
f 2555/2558/1384 2556/2559/1385 2586/2589/1411 2585/2588/1410
f 2556/2559/1385 2557/2560/1386 2587/2590/1412 2586/2589/1411
f 2557/2560/1386 2558/2561/1387 2588/2591/1413 2587/2590/1412
f 2558/2561/1387 2559/2562/1388 2589/2592/1414 2588/2591/1413
f 2559/2562/1388 2560/2563/1389 2590/2593/1415 2589/2592/1414
f 2560/2563/1389 2561/2564/1388 2591/2594/1414 2590/2593/1415
f 2561/2564/1388 2562/2565/1387 2592/2595/1416 2591/2594/1414
f 2562/2565/1387 2056/2059/971 2058/2061/973 2592/2595/1416
f 2564/2567/1391 2563/2566/1390 2593/2596/1417 2594/2597/1418
f 2563/2566/1390 2565/2568/1392 2595/2598/1419 2593/2596/1417
f 2565/2568/1392 2566/2569/1393 2596/2599/1420 2595/2598/1419
f 2566/2569/1393 2567/2570/1394 2597/2600/1420 2596/2599/1420
f 2567/2570/1394 2568/2571/1395 2598/2601/1421 2597/2600/1420
f 2568/2571/1395 2569/2572/1396 2599/2602/1422 2598/2601/1421
f 2569/2572/1396 2570/2573/1397 2600/2603/1423 2599/2602/1422
f 2570/2573/1397 2571/2574/1398 2601/2604/1424 2600/2603/1423
f 2571/2574/1398 2572/2575/1399 2602/2605/1425 2601/2604/1424
f 2572/2575/1399 2573/2576/1400 2603/2606/1424 2602/2605/1425
f 2573/2576/1400 2574/2577/1401 2604/2607/1426 2603/2606/1424
f 2574/2577/1401 2575/2578/1402 2605/2608/1427 2604/2607/1426
f 2575/2578/1402 2576/2579/1403 2606/2609/1428 2605/2608/1427
f 2576/2579/1403 2577/2580/1403 2607/2610/1429 2606/2609/1428
f 2577/2580/1403 2578/2581/1404 2608/2611/1430 2607/2610/1429
f 2578/2581/1404 2579/2582/1405 2609/2612/1431 2608/2611/1430
f 2579/2582/1405 2580/2583/1406 2610/2613/1432 2609/2612/1431
f 2580/2583/1406 2581/2584/1407 2611/2614/1432 2610/2613/1432
f 2581/2584/1407 2582/2585/1405 2612/2615/1433 2611/2614/1432
f 2582/2585/1405 2583/2586/1408 2613/2616/1434 2612/2615/1433
f 2583/2586/1408 2584/2587/1409 2614/2617/1435 2613/2616/1434
f 2584/2587/1409 2585/2588/1410 2615/2618/1436 2614/2617/1435
f 2585/2588/1410 2586/2589/1411 2616/2619/1437 2615/2618/1436
f 2586/2589/1411 2587/2590/1412 2617/2620/1438 2616/2619/1437
f 2587/2590/1412 2588/2591/1413 2618/2621/1439 2617/2620/1438
f 2588/2591/1413 2589/2592/1414 2619/2622/1440 2618/2621/1439
f 2589/2592/1414 2590/2593/1415 2620/2623/1441 2619/2622/1440
f 2590/2593/1415 2591/2594/1414 2621/2624/1442 2620/2623/1441
f 2591/2594/1414 2592/2595/1416 2622/2625/1443 2621/2624/1442
f 2592/2595/1416 2058/2061/973 2060/2063/975 2622/2625/1443
f 2594/2597/1418 2593/2596/1417 2623/2626/1444 2624/2627/1445
f 2593/2596/1417 2595/2598/1419 2625/2628/1446 2623/2626/1444
f 2595/2598/1419 2596/2599/1420 2626/2629/1447 2625/2628/1446
f 2596/2599/1420 2597/2600/1420 2627/2630/1448 2626/2629/1447
f 2597/2600/1420 2598/2601/1421 2628/2631/1449 2627/2630/1448
f 2598/2601/1421 2599/2602/1422 2629/2632/1450 2628/2631/1449
f 2599/2602/1422 2600/2603/1423 2630/2633/1450 2629/2632/1450
f 2600/2603/1423 2601/2604/1424 2631/2634/1451 2630/2633/1450
f 2601/2604/1424 2602/2605/1425 2632/2635/1451 2631/2634/1451
f 2602/2605/1425 2603/2606/1424 2633/2636/1452 2632/2635/1451
f 2603/2606/1424 2604/2607/1426 2634/2637/1453 2633/2636/1452
f 2604/2607/1426 2605/2608/1427 2635/2638/1454 2634/2637/1453
f 2605/2608/1427 2606/2609/1428 2636/2639/1455 2635/2638/1454
f 2606/2609/1428 2607/2610/1429 2637/2640/1456 2636/2639/1455
f 2607/2610/1429 2608/2611/1430 2638/2641/1457 2637/2640/1456
f 2608/2611/1430 2609/2612/1431 2639/2642/1458 2638/2641/1457
f 2609/2612/1431 2610/2613/1432 2640/2643/1459 2639/2642/1458
f 2610/2613/1432 2611/2614/1432 2641/2644/1457 2640/2643/1459
f 2611/2614/1432 2612/2615/1433 2642/2645/1460 2641/2644/1457
f 2612/2615/1433 2613/2616/1434 2643/2646/1461 2642/2645/1460
f 2613/2616/1434 2614/2617/1435 2644/2647/1460 2643/2646/1461
f 2614/2617/1435 2615/2618/1436 2645/2648/1460 2644/2647/1460
f 2615/2618/1436 2616/2619/1437 2646/2649/1462 2645/2648/1460
f 2616/2619/1437 2617/2620/1438 2647/2650/1463 2646/2649/1462
f 2617/2620/1438 2618/2621/1439 2648/2651/1464 2647/2650/1463
f 2618/2621/1439 2619/2622/1440 2649/2652/1465 2648/2651/1464
f 2619/2622/1440 2620/2623/1441 2650/2653/1466 2649/2652/1465
f 2620/2623/1441 2621/2624/1442 2651/2654/1466 2650/2653/1466
f 2621/2624/1442 2622/2625/1443 2652/2655/1467 2651/2654/1466
f 2622/2625/1443 2060/2063/975 2062/2065/977 2652/2655/1467
f 2624/2627/1445 2623/2626/1444 2653/2656/1468 2654/2657/1469
f 2623/2626/1444 2625/2628/1446 2655/2658/1470 2653/2656/1468
f 2625/2628/1446 2626/2629/1447 2656/2659/1471 2655/2658/1470
f 2626/2629/1447 2627/2630/1448 2657/2660/1265 2656/2659/1471
f 2627/2630/1448 2628/2631/1449 2658/2661/1472 2657/2660/1265
f 2628/2631/1449 2629/2632/1450 2659/2662/1269 2658/2661/1472
f 2629/2632/1450 2630/2633/1450 2660/2663/961 2659/2662/1269
f 2630/2633/1450 2631/2634/1451 2661/2664/1473 2660/2663/961
f 2631/2634/1451 2632/2635/1451 2662/2665/1474 2661/2664/1473
f 2632/2635/1451 2633/2636/1452 2663/2666/1474 2662/2665/1474
f 2633/2636/1452 2634/2637/1453 2664/2667/1475 2663/2666/1474
f 2634/2637/1453 2635/2638/1454 2665/2668/1476 2664/2667/1475
f 2635/2638/1454 2636/2639/1455 2666/2669/1477 2665/2668/1476
f 2636/2639/1455 2637/2640/1456 2667/2670/1478 2666/2669/1477
f 2637/2640/1456 2638/2641/1457 2668/2671/1479 2667/2670/1478
f 2638/2641/1457 2639/2642/1458 2669/2672/1480 2668/2671/1479
f 2639/2642/1458 2640/2643/1459 2670/2673/1479 2669/2672/1480
f 2640/2643/1459 2641/2644/1457 2671/2674/1481 2670/2673/1479
f 2641/2644/1457 2642/2645/1460 2672/2675/1482 2671/2674/1481
f 2642/2645/1460 2643/2646/1461 2673/2676/1480 2672/2675/1482
f 2643/2646/1461 2644/2647/1460 2674/2677/1483 2673/2676/1480
f 2644/2647/1460 2645/2648/1460 2675/2678/1484 2674/2677/1483
f 2645/2648/1460 2646/2649/1462 2676/2679/1485 2675/2678/1484
f 2646/2649/1462 2647/2650/1463 2677/2680/1486 2676/2679/1485
f 2647/2650/1463 2648/2651/1464 2678/2681/1487 2677/2680/1486
f 2648/2651/1464 2649/2652/1465 2679/2682/1488 2678/2681/1487
f 2649/2652/1465 2650/2653/1466 2680/2683/1489 2679/2682/1488
f 2650/2653/1466 2651/2654/1466 2681/2684/1490 2680/2683/1489
f 2651/2654/1466 2652/2655/1467 2682/2685/1489 2681/2684/1490
f 2652/2655/1467 2062/2065/977 2064/2067/979 2682/2685/1489
f 2654/2657/1469 2653/2656/1468 2683/2686/1491 2684/2687/1492
f 2653/2656/1468 2655/2658/1470 2685/2688/1493 2683/2686/1491
f 2655/2658/1470 2656/2659/1471 2686/2689/1494 2685/2688/1493
f 2656/2659/1471 2657/2660/1265 2687/2690/1495 2686/2689/1494
f 2657/2660/1265 2658/2661/1472 2688/2691/1496 2687/2690/1495
f 2658/2661/1472 2659/2662/1269 2689/2692/1497 2688/2691/1496
f 2659/2662/1269 2660/2663/961 2690/2693/1498 2689/2692/1497
f 2660/2663/961 2661/2664/1473 2691/2694/1498 2690/2693/1498
f 2661/2664/1473 2662/2665/1474 2692/2695/1495 2691/2694/1498
f 2662/2665/1474 2663/2666/1474 2693/2696/1499 2692/2695/1495
f 2663/2666/1474 2664/2667/1475 2694/2697/1500 2693/2696/1499
f 2664/2667/1475 2665/2668/1476 2695/2698/1498 2694/2697/1500
f 2665/2668/1476 2666/2669/1477 2696/2699/1501 2695/2698/1498
f 2666/2669/1477 2667/2670/1478 2697/2700/1502 2696/2699/1501
f 2667/2670/1478 2668/2671/1479 2698/2701/1503 2697/2700/1502
f 2668/2671/1479 2669/2672/1480 2699/2702/1504 2698/2701/1503
f 2669/2672/1480 2670/2673/1479 2700/2703/1505 2699/2702/1504
f 2670/2673/1479 2671/2674/1481 2701/2704/1504 2700/2703/1505
f 2671/2674/1481 2672/2675/1482 2702/2705/1506 2701/2704/1504
f 2672/2675/1482 2673/2676/1480 2703/2706/1502 2702/2705/1506
f 2673/2676/1480 2674/2677/1483 2704/2707/1504 2703/2706/1502
f 2674/2677/1483 2675/2678/1484 2705/2708/1507 2704/2707/1504
f 2675/2678/1484 2676/2679/1485 2706/2709/1508 2705/2708/1507
f 2676/2679/1485 2677/2680/1486 2707/2710/1509 2706/2709/1508
f 2677/2680/1486 2678/2681/1487 2708/2711/1510 2707/2710/1509
f 2678/2681/1487 2679/2682/1488 2709/2712/1511 2708/2711/1510
f 2679/2682/1488 2680/2683/1489 2710/2713/1512 2709/2712/1511
f 2680/2683/1489 2681/2684/1490 2711/2714/981 2710/2713/1512
f 2681/2684/1490 2682/2685/1489 2712/2715/1513 2711/2714/981
f 2682/2685/1489 2064/2067/979 2066/2069/981 2712/2715/1513
f 2684/2687/1492 2683/2686/1491 2713/2716/1514 2714/2717/1515
f 2683/2686/1491 2685/2688/1493 2715/2718/1516 2713/2716/1514
f 2685/2688/1493 2686/2689/1494 2716/2719/1516 2715/2718/1516
f 2686/2689/1494 2687/2690/1495 2717/2720/1517 2716/2719/1516
f 2687/2690/1495 2688/2691/1496 2718/2721/1518 2717/2720/1517
f 2688/2691/1496 2689/2692/1497 2719/2722/1519 2718/2721/1518
f 2689/2692/1497 2690/2693/1498 2720/2723/1520 2719/2722/1519
f 2690/2693/1498 2691/2694/1498 2721/2724/1521 2720/2723/1520
f 2691/2694/1498 2692/2695/1495 2722/2725/1522 2721/2724/1521
f 2692/2695/1495 2693/2696/1499 2723/2726/1519 2722/2725/1522
f 2693/2696/1499 2694/2697/1500 2724/2727/1523 2723/2726/1519
f 2694/2697/1500 2695/2698/1498 2725/2728/1524 2724/2727/1523
f 2695/2698/1498 2696/2699/1501 2726/2729/1524 2725/2728/1524
f 2696/2699/1501 2697/2700/1502 2727/2730/1525 2726/2729/1524
f 2697/2700/1502 2698/2701/1503 2728/2731/1524 2727/2730/1525
f 2698/2701/1503 2699/2702/1504 2729/2732/1526 2728/2731/1524
f 2699/2702/1504 2700/2703/1505 2730/2733/1527 2729/2732/1526
f 2700/2703/1505 2701/2704/1504 2731/2734/1528 2730/2733/1527
f 2701/2704/1504 2702/2705/1506 2732/2735/1529 2731/2734/1528
f 2702/2705/1506 2703/2706/1502 2733/2736/1530 2732/2735/1529
f 2703/2706/1502 2704/2707/1504 2734/2737/1531 2733/2736/1530
f 2704/2707/1504 2705/2708/1507 2735/2738/1532 2734/2737/1531
f 2705/2708/1507 2706/2709/1508 2736/2739/1533 2735/2738/1532
f 2706/2709/1508 2707/2710/1509 2737/2740/1534 2736/2739/1533
f 2707/2710/1509 2708/2711/1510 2738/2741/1535 2737/2740/1534
f 2708/2711/1510 2709/2712/1511 2739/2742/1535 2738/2741/1535
f 2709/2712/1511 2710/2713/1512 2740/2743/1530 2739/2742/1535
f 2710/2713/1512 2711/2714/981 2741/2744/1536 2740/2743/1530
f 2711/2714/981 2712/2715/1513 2742/2745/1537 2741/2744/1536
f 2712/2715/1513 2066/2069/981 2068/2071/983 2742/2745/1537
f 2714/2717/1515 2713/2716/1514 2743/2746/1538 2744/2747/1539
f 2713/2716/1514 2715/2718/1516 2745/2748/1540 2743/2746/1538
f 2715/2718/1516 2716/2719/1516 2746/2749/1541 2745/2748/1540
f 2716/2719/1516 2717/2720/1517 2747/2750/1542 2746/2749/1541
f 2717/2720/1517 2718/2721/1518 2748/2751/1543 2747/2750/1542
f 2718/2721/1518 2719/2722/1519 2749/2752/1544 2748/2751/1543
f 2719/2722/1519 2720/2723/1520 2750/2753/1545 2749/2752/1544
f 2720/2723/1520 2721/2724/1521 2751/2754/1546 2750/2753/1545
f 2721/2724/1521 2722/2725/1522 2752/2755/1545 2751/2754/1546
f 2722/2725/1522 2723/2726/1519 2753/2756/1544 2752/2755/1545
f 2723/2726/1519 2724/2727/1523 2754/2757/1547 2753/2756/1544
f 2724/2727/1523 2725/2728/1524 2755/2758/1548 2754/2757/1547
f 2725/2728/1524 2726/2729/1524 2756/2759/1547 2755/2758/1548
f 2726/2729/1524 2727/2730/1525 2757/2760/1549 2756/2759/1547
f 2727/2730/1525 2728/2731/1524 2758/2761/1550 2757/2760/1549
f 2728/2731/1524 2729/2732/1526 2759/2762/1551 2758/2761/1550
f 2729/2732/1526 2730/2733/1527 2760/2763/1548 2759/2762/1551
f 2730/2733/1527 2731/2734/1528 2761/2764/1552 2760/2763/1548
f 2731/2734/1528 2732/2735/1529 2762/2765/1553 2761/2764/1552
f 2732/2735/1529 2733/2736/1530 2763/2766/1552 2762/2765/1553
f 2733/2736/1530 2734/2737/1531 2764/2767/1552 2763/2766/1552
f 2734/2737/1531 2735/2738/1532 2765/2768/1554 2764/2767/1552
f 2735/2738/1532 2736/2739/1533 2766/2769/1555 2765/2768/1554
f 2736/2739/1533 2737/2740/1534 2767/2770/1555 2766/2769/1555
f 2737/2740/1534 2738/2741/1535 2768/2771/1556 2767/2770/1555
f 2738/2741/1535 2739/2742/1535 2769/2772/1553 2768/2771/1556
f 2739/2742/1535 2740/2743/1530 2770/2773/1557 2769/2772/1553
f 2740/2743/1530 2741/2744/1536 2771/2774/1554 2770/2773/1557
f 2741/2744/1536 2742/2745/1537 2772/2775/1558 2771/2774/1554
f 2742/2745/1537 2068/2071/983 2070/2073/985 2772/2775/1558
f 2744/2747/1539 2743/2746/1538 2773/2776/1559 2774/2777/1560
f 2743/2746/1538 2745/2748/1540 2775/2778/1561 2773/2776/1559
f 2745/2748/1540 2746/2749/1541 2776/2779/1562 2775/2778/1561
f 2746/2749/1541 2747/2750/1542 2777/2780/1563 2776/2779/1562
f 2747/2750/1542 2748/2751/1543 2778/2781/1564 2777/2780/1563
f 2748/2751/1543 2749/2752/1544 2779/2782/1565 2778/2781/1564
f 2749/2752/1544 2750/2753/1545 2780/2783/1564 2779/2782/1565
f 2750/2753/1545 2751/2754/1546 2781/2784/1566 2780/2783/1564
f 2751/2754/1546 2752/2755/1545 2782/2785/1564 2781/2784/1566
f 2752/2755/1545 2753/2756/1544 2783/2786/1566 2782/2785/1564
f 2753/2756/1544 2754/2757/1547 2784/2787/1562 2783/2786/1566
f 2754/2757/1547 2755/2758/1548 2785/2788/1567 2784/2787/1562
f 2755/2758/1548 2756/2759/1547 2786/2789/1568 2785/2788/1567
f 2756/2759/1547 2757/2760/1549 2787/2790/1569 2786/2789/1568
f 2757/2760/1549 2758/2761/1550 2788/2791/1564 2787/2790/1569
f 2758/2761/1550 2759/2762/1551 2789/2792/1568 2788/2791/1564
f 2759/2762/1551 2760/2763/1548 2790/2793/1568 2789/2792/1568
f 2760/2763/1548 2761/2764/1552 2791/2794/1569 2790/2793/1568
f 2761/2764/1552 2762/2765/1553 2792/2795/1570 2791/2794/1569
f 2762/2765/1553 2763/2766/1552 2793/2796/1571 2792/2795/1570
f 2763/2766/1552 2764/2767/1552 2794/2797/1572 2793/2796/1571
f 2764/2767/1552 2765/2768/1554 2795/2798/1573 2794/2797/1572
f 2765/2768/1554 2766/2769/1555 2796/2799/1574 2795/2798/1573
f 2766/2769/1555 2767/2770/1555 2797/2800/1574 2796/2799/1574
f 2767/2770/1555 2768/2771/1556 2798/2801/1575 2797/2800/1574
f 2768/2771/1556 2769/2772/1553 2799/2802/1572 2798/2801/1575
f 2769/2772/1553 2770/2773/1557 2800/2803/1576 2799/2802/1572
f 2770/2773/1557 2771/2774/1554 2801/2804/1577 2800/2803/1576
f 2771/2774/1554 2772/2775/1558 2802/2805/1578 2801/2804/1577
f 2772/2775/1558 2070/2073/985 2072/2075/987 2802/2805/1578
f 2774/2777/1560 2773/2776/1559 2803/2806/1579 2804/2807/1580
f 2773/2776/1559 2775/2778/1561 2805/2808/1581 2803/2806/1579
f 2775/2778/1561 2776/2779/1562 2806/2809/1582 2805/2808/1581
f 2776/2779/1562 2777/2780/1563 2807/2810/1583 2806/2809/1582
f 2777/2780/1563 2778/2781/1564 2808/2811/1584 2807/2810/1583
f 2778/2781/1564 2779/2782/1565 2809/2812/1585 2808/2811/1584
f 2779/2782/1565 2780/2783/1564 2810/2813/1586 2809/2812/1585
f 2780/2783/1564 2781/2784/1566 2811/2814/1587 2810/2813/1586
f 2781/2784/1566 2782/2785/1564 2812/2815/1588 2811/2814/1587
f 2782/2785/1564 2783/2786/1566 2813/2816/1588 2812/2815/1588
f 2783/2786/1566 2784/2787/1562 2814/2817/1589 2813/2816/1588
f 2784/2787/1562 2785/2788/1567 2815/2818/1589 2814/2817/1589
f 2785/2788/1567 2786/2789/1568 2816/2819/1590 2815/2818/1589
f 2786/2789/1568 2787/2790/1569 2817/2820/1583 2816/2819/1590
f 2787/2790/1569 2788/2791/1564 2818/2821/1591 2817/2820/1583
f 2788/2791/1564 2789/2792/1568 2819/2822/1587 2818/2821/1591
f 2789/2792/1568 2790/2793/1568 2820/2823/1592 2819/2822/1587
f 2790/2793/1568 2791/2794/1569 2821/2824/1593 2820/2823/1592
f 2791/2794/1569 2792/2795/1570 2822/2825/1586 2821/2824/1593
f 2792/2795/1570 2793/2796/1571 2823/2826/1594 2822/2825/1586
f 2793/2796/1571 2794/2797/1572 2824/2827/1595 2823/2826/1594
f 2794/2797/1572 2795/2798/1573 2825/2828/1596 2824/2827/1595
f 2795/2798/1573 2796/2799/1574 2826/2829/1597 2825/2828/1596
f 2796/2799/1574 2797/2800/1574 2827/2830/1587 2826/2829/1597
f 2797/2800/1574 2798/2801/1575 2828/2831/1598 2827/2830/1587
f 2798/2801/1575 2799/2802/1572 2829/2832/1596 2828/2831/1598
f 2799/2802/1572 2800/2803/1576 2830/2833/1599 2829/2832/1596
f 2800/2803/1576 2801/2804/1577 2831/2834/1600 2830/2833/1599
f 2801/2804/1577 2802/2805/1578 2832/2835/1599 2831/2834/1600
f 2802/2805/1578 2072/2075/987 2074/2077/989 2832/2835/1599
f 2804/2807/1580 2803/2806/1579 2833/2836/1601 2834/2837/1602
f 2803/2806/1579 2805/2808/1581 2835/2838/1603 2833/2836/1601
f 2805/2808/1581 2806/2809/1582 2836/2839/1604 2835/2838/1603
f 2806/2809/1582 2807/2810/1583 2837/2840/1605 2836/2839/1604
f 2807/2810/1583 2808/2811/1584 2838/2841/1606 2837/2840/1605
f 2808/2811/1584 2809/2812/1585 2839/2842/1607 2838/2841/1606
f 2809/2812/1585 2810/2813/1586 2840/2843/1608 2839/2842/1607
f 2810/2813/1586 2811/2814/1587 2841/2844/1609 2840/2843/1608
f 2811/2814/1587 2812/2815/1588 2842/2845/1610 2841/2844/1609
f 2812/2815/1588 2813/2816/1588 2843/2846/1611 2842/2845/1610
f 2813/2816/1588 2814/2817/1589 2844/2847/1612 2843/2846/1611
f 2814/2817/1589 2815/2818/1589 2845/2848/1613 2844/2847/1612
f 2815/2818/1589 2816/2819/1590 2846/2849/1604 2845/2848/1613
f 2816/2819/1590 2817/2820/1583 2847/2850/1614 2846/2849/1604
f 2817/2820/1583 2818/2821/1591 2848/2851/1615 2847/2850/1614
f 2818/2821/1591 2819/2822/1587 2849/2852/1616 2848/2851/1615
f 2819/2822/1587 2820/2823/1592 2850/2853/1617 2849/2852/1616
f 2820/2823/1592 2821/2824/1593 2851/2854/1614 2850/2853/1617
f 2821/2824/1593 2822/2825/1586 2852/2855/1618 2851/2854/1614
f 2822/2825/1586 2823/2826/1594 2853/2856/1619 2852/2855/1618
f 2823/2826/1594 2824/2827/1595 2854/2857/1620 2853/2856/1619
f 2824/2827/1595 2825/2828/1596 2855/2858/1621 2854/2857/1620
f 2825/2828/1596 2826/2829/1597 2856/2859/1622 2855/2858/1621
f 2826/2829/1597 2827/2830/1587 2857/2860/1612 2856/2859/1622
f 2827/2830/1587 2828/2831/1598 2858/2861/1623 2857/2860/1612
f 2828/2831/1598 2829/2832/1596 2859/2862/1624 2858/2861/1623
f 2829/2832/1596 2830/2833/1599 2860/2863/1625 2859/2862/1624
f 2830/2833/1599 2831/2834/1600 2861/2864/1623 2860/2863/1625
f 2831/2834/1600 2832/2835/1599 2862/2865/1626 2861/2864/1623
f 2832/2835/1599 2074/2077/989 2076/2079/991 2862/2865/1626
f 2834/2837/1602 2833/2836/1601 2863/2866/1627 2864/2867/1628
f 2833/2836/1601 2835/2838/1603 2865/2868/1629 2863/2866/1627
f 2835/2838/1603 2836/2839/1604 2866/2869/1630 2865/2868/1629
f 2836/2839/1604 2837/2840/1605 2867/2870/1631 2866/2869/1630
f 2837/2840/1605 2838/2841/1606 2868/2871/1632 2867/2870/1631
f 2838/2841/1606 2839/2842/1607 2869/2872/1633 2868/2871/1632
f 2839/2842/1607 2840/2843/1608 2870/2873/1632 2869/2872/1633
f 2840/2843/1608 2841/2844/1609 2871/2874/1634 2870/2873/1632
f 2841/2844/1609 2842/2845/1610 2872/2875/1633 2871/2874/1634
f 2842/2845/1610 2843/2846/1611 2873/2876/1635 2872/2875/1633
f 2843/2846/1611 2844/2847/1612 2874/2877/1636 2873/2876/1635
f 2844/2847/1612 2845/2848/1613 2875/2878/1637 2874/2877/1636
f 2845/2848/1613 2846/2849/1604 2876/2879/1635 2875/2878/1637
f 2846/2849/1604 2847/2850/1614 2877/2880/1635 2876/2879/1635
f 2847/2850/1614 2848/2851/1615 2878/2881/1635 2877/2880/1635
f 2848/2851/1615 2849/2852/1616 2879/2882/1635 2878/2881/1635
f 2849/2852/1616 2850/2853/1617 2880/2883/1638 2879/2882/1635
f 2850/2853/1617 2851/2854/1614 2881/2884/1635 2880/2883/1638
f 2851/2854/1614 2852/2855/1618 2882/2885/993 2881/2884/1635
f 2852/2855/1618 2853/2856/1619 2883/2886/1639 2882/2885/993
f 2853/2856/1619 2854/2857/1620 2884/2887/1640 2883/2886/1639
f 2854/2857/1620 2855/2858/1621 2885/2888/1641 2884/2887/1640
f 2855/2858/1621 2856/2859/1622 2886/2889/1642 2885/2888/1641
f 2856/2859/1622 2857/2860/1612 2887/2890/1643 2886/2889/1642
f 2857/2860/1612 2858/2861/1623 2888/2891/1644 2887/2890/1643
f 2858/2861/1623 2859/2862/1624 2889/2892/1645 2888/2891/1644
f 2859/2862/1624 2860/2863/1625 2890/2893/1646 2889/2892/1645
f 2860/2863/1625 2861/2864/1623 2891/2894/1647 2890/2893/1646
f 2861/2864/1623 2862/2865/1626 2892/2895/1643 2891/2894/1647
f 2862/2865/1626 2076/2079/991 2078/2081/993 2892/2895/1643
f 2864/2867/1628 2863/2866/1627 2893/2896/1648 2894/2897/1649
f 2863/2866/1627 2865/2868/1629 2895/2898/1650 2893/2896/1648
f 2865/2868/1629 2866/2869/1630 2896/2899/1651 2895/2898/1650
f 2866/2869/1630 2867/2870/1631 2897/2900/1651 2896/2899/1651
f 2867/2870/1631 2868/2871/1632 2898/2901/1648 2897/2900/1651
f 2868/2871/1632 2869/2872/1633 2899/2902/1648 2898/2901/1648
f 2869/2872/1633 2870/2873/1632 2900/2903/1652 2899/2902/1648
f 2870/2873/1632 2871/2874/1634 2901/2904/1653 2900/2903/1652
f 2871/2874/1634 2872/2875/1633 2902/2905/1648 2901/2904/1653
f 2872/2875/1633 2873/2876/1635 2903/2906/1648 2902/2905/1648
f 2873/2876/1635 2874/2877/1636 2904/2907/1654 2903/2906/1648
f 2874/2877/1636 2875/2878/1637 2905/2908/1655 2904/2907/1654
f 2875/2878/1637 2876/2879/1635 2906/2909/1648 2905/2908/1655
f 2876/2879/1635 2877/2880/1635 2907/2910/1648 2906/2909/1648
f 2877/2880/1635 2878/2881/1635 2908/2911/1651 2907/2910/1648
f 2878/2881/1635 2879/2882/1635 2909/2912/1651 2908/2911/1651
f 2879/2882/1635 2880/2883/1638 2910/2913/1656 2909/2912/1651
f 2880/2883/1638 2881/2884/1635 2911/2914/1657 2910/2913/1656
f 2881/2884/1635 2882/2885/993 2912/2915/1657 2911/2914/1657
f 2882/2885/993 2883/2886/1639 2913/2916/1657 2912/2915/1657
f 2883/2886/1639 2884/2887/1640 2914/2917/1658 2913/2916/1657
f 2884/2887/1640 2885/2888/1641 2915/2918/1659 2914/2917/1658
f 2885/2888/1641 2886/2889/1642 2916/2919/1657 2915/2918/1659
f 2886/2889/1642 2887/2890/1643 2917/2920/1657 2916/2919/1657
f 2887/2890/1643 2888/2891/1644 2918/2921/995 2917/2920/1657
f 2888/2891/1644 2889/2892/1645 2919/2922/995 2918/2921/995
f 2889/2892/1645 2890/2893/1646 2920/2923/995 2919/2922/995
f 2890/2893/1646 2891/2894/1647 2921/2924/1657 2920/2923/995
f 2891/2894/1647 2892/2895/1643 2922/2925/1657 2921/2924/1657
f 2892/2895/1643 2078/2081/993 2080/2083/995 2922/2925/1657
f 2894/2897/1649 2893/2896/1648 2923/2926/997 2924/2927/1660
f 2893/2896/1648 2895/2898/1650 2925/2928/997 2923/2926/997
f 2895/2898/1650 2896/2899/1651 2926/2929/997 2925/2928/997
f 2896/2899/1651 2897/2900/1651 2927/2930/997 2926/2929/997
f 2897/2900/1651 2898/2901/1648 2928/2931/997 2927/2930/997
f 2898/2901/1648 2899/2902/1648 2929/2932/997 2928/2931/997
f 2899/2902/1648 2900/2903/1652 2930/2933/997 2929/2932/997
f 2900/2903/1652 2901/2904/1653 2931/2934/997 2930/2933/997
f 2901/2904/1653 2902/2905/1648 2932/2935/997 2931/2934/997
f 2902/2905/1648 2903/2906/1648 2933/2936/997 2932/2935/997
f 2903/2906/1648 2904/2907/1654 2934/2937/997 2933/2936/997
f 2904/2907/1654 2905/2908/1655 2935/2938/997 2934/2937/997
f 2905/2908/1655 2906/2909/1648 2936/2939/997 2935/2938/997
f 2906/2909/1648 2907/2910/1648 2937/2940/997 2936/2939/997
f 2907/2910/1648 2908/2911/1651 2938/2941/997 2937/2940/997
f 2908/2911/1651 2909/2912/1651 2939/2942/997 2938/2941/997
f 2909/2912/1651 2910/2913/1656 2940/2943/997 2939/2942/997
f 2910/2913/1656 2911/2914/1657 2941/2944/997 2940/2943/997
f 2911/2914/1657 2912/2915/1657 2942/2945/997 2941/2944/997
f 2912/2915/1657 2913/2916/1657 2943/2946/997 2942/2945/997
f 2913/2916/1657 2914/2917/1658 2944/2947/997 2943/2946/997
f 2914/2917/1658 2915/2918/1659 2945/2948/997 2944/2947/997
f 2915/2918/1659 2916/2919/1657 2946/2949/997 2945/2948/997
f 2916/2919/1657 2917/2920/1657 2947/2950/1661 2946/2949/997
f 2917/2920/1657 2918/2921/995 2948/2951/1661 2947/2950/1661
f 2918/2921/995 2919/2922/995 2949/2952/997 2948/2951/1661
f 2919/2922/995 2920/2923/995 2950/2953/997 2949/2952/997
f 2920/2923/995 2921/2924/1657 2951/2954/997 2950/2953/997
f 2921/2924/1657 2922/2925/1657 2952/2955/997 2951/2954/997
f 2922/2925/1657 2080/2083/995 2082/2085/997 2952/2955/997
f 2924/2927/1660 2923/2926/997 2953/2956/13 2954/2957/1662
f 2923/2926/997 2925/2928/997 2955/2958/13 2953/2956/13
f 2925/2928/997 2926/2929/997 2956/2959/13 2955/2958/13
f 2926/2929/997 2927/2930/997 2957/2960/13 2956/2959/13
f 2927/2930/997 2928/2931/997 2958/2961/13 2957/2960/13
f 2928/2931/997 2929/2932/997 2959/2962/13 2958/2961/13
f 2929/2932/997 2930/2933/997 2960/2963/13 2959/2962/13
f 2930/2933/997 2931/2934/997 2961/2964/13 2960/2963/13
f 2931/2934/997 2932/2935/997 2962/2965/13 2961/2964/13
f 2932/2935/997 2933/2936/997 2963/2966/13 2962/2965/13
f 2933/2936/997 2934/2937/997 2964/2967/13 2963/2966/13
f 2934/2937/997 2935/2938/997 2965/2968/13 2964/2967/13
f 2935/2938/997 2936/2939/997 2966/2969/13 2965/2968/13
f 2936/2939/997 2937/2940/997 2967/2970/13 2966/2969/13
f 2937/2940/997 2938/2941/997 2968/2971/13 2967/2970/13
f 2938/2941/997 2939/2942/997 2969/2972/13 2968/2971/13
f 2939/2942/997 2940/2943/997 2970/2973/13 2969/2972/13
f 2940/2943/997 2941/2944/997 2971/2974/13 2970/2973/13
f 2941/2944/997 2942/2945/997 2972/2975/13 2971/2974/13
f 2942/2945/997 2943/2946/997 2973/2976/13 2972/2975/13
f 2943/2946/997 2944/2947/997 2974/2977/13 2973/2976/13
f 2944/2947/997 2945/2948/997 2975/2978/13 2974/2977/13
f 2945/2948/997 2946/2949/997 2976/2979/13 2975/2978/13
f 2946/2949/997 2947/2950/1661 2977/2980/13 2976/2979/13
f 2947/2950/1661 2948/2951/1661 2978/2981/13 2977/2980/13
f 2948/2951/1661 2949/2952/997 2979/2982/13 2978/2981/13
f 2949/2952/997 2950/2953/997 2980/2983/13 2979/2982/13
f 2950/2953/997 2951/2954/997 2981/2984/13 2980/2983/13
f 2951/2954/997 2952/2955/997 2982/2985/13 2981/2984/13
f 2952/2955/997 2082/2085/997 13/13/13 2982/2985/13
f 2954/2957/1662 2953/2956/13 2983/2986/16 2984/2987/1663
f 2953/2956/13 2955/2958/13 2985/2988/16 2983/2986/16
f 2955/2958/13 2956/2959/13 2986/2989/16 2985/2988/16
f 2956/2959/13 2957/2960/13 2987/2990/16 2986/2989/16
f 2957/2960/13 2958/2961/13 2988/2991/16 2987/2990/16
f 2958/2961/13 2959/2962/13 2989/2992/16 2988/2991/16
f 2959/2962/13 2960/2963/13 2990/2993/16 2989/2992/16
f 2960/2963/13 2961/2964/13 2991/2994/16 2990/2993/16
f 2961/2964/13 2962/2965/13 2992/2995/16 2991/2994/16
f 2962/2965/13 2963/2966/13 2993/2996/16 2992/2995/16
f 2963/2966/13 2964/2967/13 2994/2997/16 2993/2996/16
f 2964/2967/13 2965/2968/13 2995/2998/16 2994/2997/16
f 2965/2968/13 2966/2969/13 2996/2999/16 2995/2998/16
f 2966/2969/13 2967/2970/13 2997/3000/16 2996/2999/16
f 2967/2970/13 2968/2971/13 2998/3001/16 2997/3000/16
f 2968/2971/13 2969/2972/13 2999/3002/16 2998/3001/16
f 2969/2972/13 2970/2973/13 3000/3003/16 2999/3002/16
f 2970/2973/13 2971/2974/13 3001/3004/16 3000/3003/16
f 2971/2974/13 2972/2975/13 3002/3005/16 3001/3004/16
f 2972/2975/13 2973/2976/13 3003/3006/16 3002/3005/16
f 2973/2976/13 2974/2977/13 3004/3007/16 3003/3006/16
f 2974/2977/13 2975/2978/13 3005/3008/16 3004/3007/16
f 2975/2978/13 2976/2979/13 3006/3009/16 3005/3008/16
f 2976/2979/13 2977/2980/13 3007/3010/16 3006/3009/16
f 2977/2980/13 2978/2981/13 3008/3011/16 3007/3010/16
f 2978/2981/13 2979/2982/13 3009/3012/16 3008/3011/16
f 2979/2982/13 2980/2983/13 3010/3013/16 3009/3012/16
f 2980/2983/13 2981/2984/13 3011/3014/16 3010/3013/16
f 2981/2984/13 2982/2985/13 3012/3015/16 3011/3014/16
f 2982/2985/13 13/13/13 16/16/16 3012/3015/16
f 16/16/16 15/15/15 3013/3016/10 3014/3017/9
f 3014/3017/9 3013/3016/10 3015/3018/10 3016/3019/9
f 3016/3019/9 3015/3018/10 3017/3020/10 3018/3021/9
f 3018/3021/9 3017/3020/10 3019/3022/10 3020/3023/9
f 3020/3023/9 3019/3022/10 3021/3024/10 3022/3025/9
f 3022/3025/9 3021/3024/10 3023/3026/10 3024/3027/9
f 3024/3027/9 3023/3026/10 3025/3028/10 3026/3029/9
f 3026/3029/9 3025/3028/10 3027/3030/10 3028/3031/9
f 3028/3031/9 3027/3030/10 3029/3032/10 3030/3033/9
f 3030/3033/9 3029/3032/10 3031/3034/10 3032/3035/9
f 3032/3035/9 3031/3034/10 3033/3036/10 3034/3037/9
f 3034/3037/9 3033/3036/10 3035/3038/10 3036/3039/9
f 3036/3039/9 3035/3038/10 3037/3040/10 3038/3041/9
f 3038/3041/9 3037/3040/10 3039/3042/10 3040/3043/9
f 3040/3043/9 3039/3042/10 3041/3044/10 3042/3045/9
f 3042/3045/9 3041/3044/10 3043/3046/10 3044/3047/9
f 3044/3047/9 3043/3046/10 3045/3048/10 3046/3049/9
f 3046/3049/9 3045/3048/10 3047/3050/10 3048/3051/9
f 3048/3051/9 3047/3050/10 3049/3052/10 3050/3053/9
f 3050/3053/9 3049/3052/10 3051/3054/10 3052/3055/9
f 3052/3055/9 3051/3054/10 3053/3056/10 3054/3057/9
f 3054/3057/9 3053/3056/10 3055/3058/10 3056/3059/9
f 3056/3059/9 3055/3058/10 3057/3060/10 3058/3061/9
f 3058/3061/9 3057/3060/10 3059/3062/10 3060/3063/9
f 3060/3063/9 3059/3062/10 3061/3064/10 3062/3065/9
f 3062/3065/9 3061/3064/10 3063/3066/10 3064/3067/9
f 3064/3067/9 3063/3066/10 3065/3068/10 3066/3069/9
f 3066/3069/9 3065/3068/10 3067/3070/10 3068/3071/9
f 3068/3071/9 3067/3070/10 3069/3072/10 3070/3073/9
f 3070/3073/9 3069/3072/10 10/10/10 9/9/9
f 2984/2987/1663 2983/2986/16 3071/3074/9 3072/3075/1664
f 2983/2986/16 2985/2988/16 3073/3076/9 3071/3074/9
f 2985/2988/16 2986/2989/16 3074/3077/9 3073/3076/9
f 2986/2989/16 2987/2990/16 3075/3078/9 3074/3077/9
f 2987/2990/16 2988/2991/16 3076/3079/9 3075/3078/9
f 2988/2991/16 2989/2992/16 3077/3080/9 3076/3079/9
f 2989/2992/16 2990/2993/16 3078/3081/9 3077/3080/9
f 2990/2993/16 2991/2994/16 3079/3082/9 3078/3081/9
f 2991/2994/16 2992/2995/16 3080/3083/9 3079/3082/9
f 2992/2995/16 2993/2996/16 3081/3084/9 3080/3083/9
f 2993/2996/16 2994/2997/16 3082/3085/9 3081/3084/9
f 2994/2997/16 2995/2998/16 3083/3086/9 3082/3085/9
f 2995/2998/16 2996/2999/16 3084/3087/9 3083/3086/9
f 2996/2999/16 2997/3000/16 3085/3088/9 3084/3087/9
f 2997/3000/16 2998/3001/16 3086/3089/9 3085/3088/9
f 2998/3001/16 2999/3002/16 3087/3090/9 3086/3089/9
f 2999/3002/16 3000/3003/16 3088/3091/9 3087/3090/9
f 3000/3003/16 3001/3004/16 3089/3092/9 3088/3091/9
f 3001/3004/16 3002/3005/16 3090/3093/9 3089/3092/9
f 3002/3005/16 3003/3006/16 3091/3094/9 3090/3093/9
f 3003/3006/16 3004/3007/16 3092/3095/9 3091/3094/9
f 3004/3007/16 3005/3008/16 3093/3096/9 3092/3095/9
f 3005/3008/16 3006/3009/16 3094/3097/9 3093/3096/9
f 3006/3009/16 3007/3010/16 3095/3098/9 3094/3097/9
f 3007/3010/16 3008/3011/16 3096/3099/9 3095/3098/9
f 3008/3011/16 3009/3012/16 3097/3100/9 3096/3099/9
f 3009/3012/16 3010/3013/16 3098/3101/9 3097/3100/9
f 3010/3013/16 3011/3014/16 3099/3102/9 3098/3101/9
f 3011/3014/16 3012/3015/16 3100/3103/9 3099/3102/9
f 3012/3015/16 16/16/16 3014/3017/9 3100/3103/9
f 3072/3075/1664 3071/3074/9 3101/3104/9 3102/3105/1664
f 3071/3074/9 3073/3076/9 3103/3106/9 3101/3104/9
f 3073/3076/9 3074/3077/9 3104/3107/9 3103/3106/9
f 3074/3077/9 3075/3078/9 3105/3108/9 3104/3107/9
f 3075/3078/9 3076/3079/9 3106/3109/9 3105/3108/9
f 3076/3079/9 3077/3080/9 3107/3110/9 3106/3109/9
f 3077/3080/9 3078/3081/9 3108/3111/9 3107/3110/9
f 3078/3081/9 3079/3082/9 3109/3112/9 3108/3111/9
f 3079/3082/9 3080/3083/9 3110/3113/9 3109/3112/9
f 3080/3083/9 3081/3084/9 3111/3114/9 3110/3113/9
f 3081/3084/9 3082/3085/9 3112/3115/9 3111/3114/9
f 3082/3085/9 3083/3086/9 3113/3116/9 3112/3115/9
f 3083/3086/9 3084/3087/9 3114/3117/9 3113/3116/9
f 3084/3087/9 3085/3088/9 3115/3118/9 3114/3117/9
f 3085/3088/9 3086/3089/9 3116/3119/9 3115/3118/9
f 3086/3089/9 3087/3090/9 3117/3120/9 3116/3119/9
f 3087/3090/9 3088/3091/9 3118/3121/9 3117/3120/9
f 3088/3091/9 3089/3092/9 3119/3122/9 3118/3121/9
f 3089/3092/9 3090/3093/9 3120/3123/9 3119/3122/9
f 3090/3093/9 3091/3094/9 3121/3124/9 3120/3123/9
f 3091/3094/9 3092/3095/9 3122/3125/9 3121/3124/9
f 3092/3095/9 3093/3096/9 3123/3126/9 3122/3125/9
f 3093/3096/9 3094/3097/9 3124/3127/9 3123/3126/9
f 3094/3097/9 3095/3098/9 3125/3128/9 3124/3127/9
f 3095/3098/9 3096/3099/9 3126/3129/9 3125/3128/9
f 3096/3099/9 3097/3100/9 3127/3130/9 3126/3129/9
f 3097/3100/9 3098/3101/9 3128/3131/9 3127/3130/9
f 3098/3101/9 3099/3102/9 3129/3132/9 3128/3131/9
f 3099/3102/9 3100/3103/9 3130/3133/9 3129/3132/9
f 3100/3103/9 3014/3017/9 3016/3019/9 3130/3133/9
f 3102/3105/1664 3101/3104/9 3131/3134/9 3132/3135/1664
f 3101/3104/9 3103/3106/9 3133/3136/9 3131/3134/9
f 3103/3106/9 3104/3107/9 3134/3137/9 3133/3136/9
f 3104/3107/9 3105/3108/9 3135/3138/9 3134/3137/9
f 3105/3108/9 3106/3109/9 3136/3139/9 3135/3138/9
f 3106/3109/9 3107/3110/9 3137/3140/9 3136/3139/9
f 3107/3110/9 3108/3111/9 3138/3141/9 3137/3140/9
f 3108/3111/9 3109/3112/9 3139/3142/9 3138/3141/9
f 3109/3112/9 3110/3113/9 3140/3143/9 3139/3142/9
f 3110/3113/9 3111/3114/9 3141/3144/9 3140/3143/9
f 3111/3114/9 3112/3115/9 3142/3145/9 3141/3144/9
f 3112/3115/9 3113/3116/9 3143/3146/9 3142/3145/9
f 3113/3116/9 3114/3117/9 3144/3147/9 3143/3146/9
f 3114/3117/9 3115/3118/9 3145/3148/9 3144/3147/9
f 3115/3118/9 3116/3119/9 3146/3149/9 3145/3148/9
f 3116/3119/9 3117/3120/9 3147/3150/9 3146/3149/9
f 3117/3120/9 3118/3121/9 3148/3151/9 3147/3150/9
f 3118/3121/9 3119/3122/9 3149/3152/9 3148/3151/9
f 3119/3122/9 3120/3123/9 3150/3153/9 3149/3152/9
f 3120/3123/9 3121/3124/9 3151/3154/9 3150/3153/9
f 3121/3124/9 3122/3125/9 3152/3155/9 3151/3154/9
f 3122/3125/9 3123/3126/9 3153/3156/9 3152/3155/9
f 3123/3126/9 3124/3127/9 3154/3157/9 3153/3156/9
f 3124/3127/9 3125/3128/9 3155/3158/9 3154/3157/9
f 3125/3128/9 3126/3129/9 3156/3159/9 3155/3158/9
f 3126/3129/9 3127/3130/9 3157/3160/9 3156/3159/9
f 3127/3130/9 3128/3131/9 3158/3161/9 3157/3160/9
f 3128/3131/9 3129/3132/9 3159/3162/9 3158/3161/9
f 3129/3132/9 3130/3133/9 3160/3163/9 3159/3162/9
f 3130/3133/9 3016/3019/9 3018/3021/9 3160/3163/9
f 3132/3135/1664 3131/3134/9 3161/3164/9 3162/3165/1664
f 3131/3134/9 3133/3136/9 3163/3166/9 3161/3164/9
f 3133/3136/9 3134/3137/9 3164/3167/9 3163/3166/9
f 3134/3137/9 3135/3138/9 3165/3168/9 3164/3167/9
f 3135/3138/9 3136/3139/9 3166/3169/9 3165/3168/9
f 3136/3139/9 3137/3140/9 3167/3170/9 3166/3169/9
f 3137/3140/9 3138/3141/9 3168/3171/9 3167/3170/9
f 3138/3141/9 3139/3142/9 3169/3172/9 3168/3171/9
f 3139/3142/9 3140/3143/9 3170/3173/9 3169/3172/9
f 3140/3143/9 3141/3144/9 3171/3174/9 3170/3173/9
f 3141/3144/9 3142/3145/9 3172/3175/9 3171/3174/9
f 3142/3145/9 3143/3146/9 3173/3176/9 3172/3175/9
f 3143/3146/9 3144/3147/9 3174/3177/9 3173/3176/9
f 3144/3147/9 3145/3148/9 3175/3178/9 3174/3177/9
f 3145/3148/9 3146/3149/9 3176/3179/9 3175/3178/9
f 3146/3149/9 3147/3150/9 3177/3180/9 3176/3179/9
f 3147/3150/9 3148/3151/9 3178/3181/9 3177/3180/9
f 3148/3151/9 3149/3152/9 3179/3182/9 3178/3181/9
f 3149/3152/9 3150/3153/9 3180/3183/9 3179/3182/9
f 3150/3153/9 3151/3154/9 3181/3184/9 3180/3183/9
f 3151/3154/9 3152/3155/9 3182/3185/9 3181/3184/9
f 3152/3155/9 3153/3156/9 3183/3186/9 3182/3185/9
f 3153/3156/9 3154/3157/9 3184/3187/9 3183/3186/9
f 3154/3157/9 3155/3158/9 3185/3188/9 3184/3187/9
f 3155/3158/9 3156/3159/9 3186/3189/9 3185/3188/9
f 3156/3159/9 3157/3160/9 3187/3190/9 3186/3189/9
f 3157/3160/9 3158/3161/9 3188/3191/9 3187/3190/9
f 3158/3161/9 3159/3162/9 3189/3192/9 3188/3191/9
f 3159/3162/9 3160/3163/9 3190/3193/9 3189/3192/9
f 3160/3163/9 3018/3021/9 3020/3023/9 3190/3193/9
f 3162/3165/1664 3161/3164/9 3191/3194/9 3192/3195/1664
f 3161/3164/9 3163/3166/9 3193/3196/9 3191/3194/9
f 3163/3166/9 3164/3167/9 3194/3197/9 3193/3196/9
f 3164/3167/9 3165/3168/9 3195/3198/9 3194/3197/9
f 3165/3168/9 3166/3169/9 3196/3199/9 3195/3198/9
f 3166/3169/9 3167/3170/9 3197/3200/9 3196/3199/9
f 3167/3170/9 3168/3171/9 3198/3201/9 3197/3200/9
f 3168/3171/9 3169/3172/9 3199/3202/9 3198/3201/9
f 3169/3172/9 3170/3173/9 3200/3203/9 3199/3202/9
f 3170/3173/9 3171/3174/9 3201/3204/9 3200/3203/9
f 3171/3174/9 3172/3175/9 3202/3205/9 3201/3204/9
f 3172/3175/9 3173/3176/9 3203/3206/9 3202/3205/9
f 3173/3176/9 3174/3177/9 3204/3207/9 3203/3206/9
f 3174/3177/9 3175/3178/9 3205/3208/9 3204/3207/9
f 3175/3178/9 3176/3179/9 3206/3209/9 3205/3208/9
f 3176/3179/9 3177/3180/9 3207/3210/9 3206/3209/9
f 3177/3180/9 3178/3181/9 3208/3211/9 3207/3210/9
f 3178/3181/9 3179/3182/9 3209/3212/9 3208/3211/9
f 3179/3182/9 3180/3183/9 3210/3213/9 3209/3212/9
f 3180/3183/9 3181/3184/9 3211/3214/9 3210/3213/9
f 3181/3184/9 3182/3185/9 3212/3215/9 3211/3214/9
f 3182/3185/9 3183/3186/9 3213/3216/9 3212/3215/9
f 3183/3186/9 3184/3187/9 3214/3217/9 3213/3216/9
f 3184/3187/9 3185/3188/9 3215/3218/9 3214/3217/9
f 3185/3188/9 3186/3189/9 3216/3219/9 3215/3218/9
f 3186/3189/9 3187/3190/9 3217/3220/9 3216/3219/9
f 3187/3190/9 3188/3191/9 3218/3221/9 3217/3220/9
f 3188/3191/9 3189/3192/9 3219/3222/9 3218/3221/9
f 3189/3192/9 3190/3193/9 3220/3223/9 3219/3222/9
f 3190/3193/9 3020/3023/9 3022/3025/9 3220/3223/9
f 3192/3195/1664 3191/3194/9 3221/3224/9 3222/3225/1664
f 3191/3194/9 3193/3196/9 3223/3226/9 3221/3224/9
f 3193/3196/9 3194/3197/9 3224/3227/9 3223/3226/9
f 3194/3197/9 3195/3198/9 3225/3228/9 3224/3227/9
f 3195/3198/9 3196/3199/9 3226/3229/9 3225/3228/9
f 3196/3199/9 3197/3200/9 3227/3230/9 3226/3229/9
f 3197/3200/9 3198/3201/9 3228/3231/9 3227/3230/9
f 3198/3201/9 3199/3202/9 3229/3232/9 3228/3231/9
f 3199/3202/9 3200/3203/9 3230/3233/9 3229/3232/9
f 3200/3203/9 3201/3204/9 3231/3234/9 3230/3233/9
f 3201/3204/9 3202/3205/9 3232/3235/9 3231/3234/9
f 3202/3205/9 3203/3206/9 3233/3236/9 3232/3235/9
f 3203/3206/9 3204/3207/9 3234/3237/9 3233/3236/9
f 3204/3207/9 3205/3208/9 3235/3238/9 3234/3237/9
f 3205/3208/9 3206/3209/9 3236/3239/9 3235/3238/9
f 3206/3209/9 3207/3210/9 3237/3240/9 3236/3239/9
f 3207/3210/9 3208/3211/9 3238/3241/9 3237/3240/9
f 3208/3211/9 3209/3212/9 3239/3242/9 3238/3241/9
f 3209/3212/9 3210/3213/9 3240/3243/9 3239/3242/9
f 3210/3213/9 3211/3214/9 3241/3244/9 3240/3243/9
f 3211/3214/9 3212/3215/9 3242/3245/9 3241/3244/9
f 3212/3215/9 3213/3216/9 3243/3246/9 3242/3245/9
f 3213/3216/9 3214/3217/9 3244/3247/9 3243/3246/9
f 3214/3217/9 3215/3218/9 3245/3248/9 3244/3247/9
f 3215/3218/9 3216/3219/9 3246/3249/9 3245/3248/9
f 3216/3219/9 3217/3220/9 3247/3250/9 3246/3249/9
f 3217/3220/9 3218/3221/9 3248/3251/9 3247/3250/9
f 3218/3221/9 3219/3222/9 3249/3252/9 3248/3251/9
f 3219/3222/9 3220/3223/9 3250/3253/9 3249/3252/9
f 3220/3223/9 3022/3025/9 3024/3027/9 3250/3253/9
f 3222/3225/1664 3221/3224/9 3251/3254/9 3252/3255/1664
f 3221/3224/9 3223/3226/9 3253/3256/9 3251/3254/9
f 3223/3226/9 3224/3227/9 3254/3257/9 3253/3256/9
f 3224/3227/9 3225/3228/9 3255/3258/9 3254/3257/9
f 3225/3228/9 3226/3229/9 3256/3259/9 3255/3258/9
f 3226/3229/9 3227/3230/9 3257/3260/9 3256/3259/9
f 3227/3230/9 3228/3231/9 3258/3261/9 3257/3260/9
f 3228/3231/9 3229/3232/9 3259/3262/9 3258/3261/9
f 3229/3232/9 3230/3233/9 3260/3263/9 3259/3262/9
f 3230/3233/9 3231/3234/9 3261/3264/9 3260/3263/9
f 3231/3234/9 3232/3235/9 3262/3265/9 3261/3264/9
f 3232/3235/9 3233/3236/9 3263/3266/9 3262/3265/9
f 3233/3236/9 3234/3237/9 3264/3267/9 3263/3266/9
f 3234/3237/9 3235/3238/9 3265/3268/9 3264/3267/9
f 3235/3238/9 3236/3239/9 3266/3269/9 3265/3268/9
f 3236/3239/9 3237/3240/9 3267/3270/9 3266/3269/9
f 3237/3240/9 3238/3241/9 3268/3271/9 3267/3270/9
f 3238/3241/9 3239/3242/9 3269/3272/9 3268/3271/9
f 3239/3242/9 3240/3243/9 3270/3273/9 3269/3272/9
f 3240/3243/9 3241/3244/9 3271/3274/9 3270/3273/9
f 3241/3244/9 3242/3245/9 3272/3275/9 3271/3274/9
f 3242/3245/9 3243/3246/9 3273/3276/9 3272/3275/9
f 3243/3246/9 3244/3247/9 3274/3277/9 3273/3276/9
f 3244/3247/9 3245/3248/9 3275/3278/9 3274/3277/9
f 3245/3248/9 3246/3249/9 3276/3279/9 3275/3278/9
f 3246/3249/9 3247/3250/9 3277/3280/9 3276/3279/9
f 3247/3250/9 3248/3251/9 3278/3281/9 3277/3280/9
f 3248/3251/9 3249/3252/9 3279/3282/9 3278/3281/9
f 3249/3252/9 3250/3253/9 3280/3283/9 3279/3282/9
f 3250/3253/9 3024/3027/9 3026/3029/9 3280/3283/9
f 3252/3255/1664 3251/3254/9 3281/3284/9 3282/3285/1664
f 3251/3254/9 3253/3256/9 3283/3286/9 3281/3284/9
f 3253/3256/9 3254/3257/9 3284/3287/9 3283/3286/9
f 3254/3257/9 3255/3258/9 3285/3288/9 3284/3287/9
f 3255/3258/9 3256/3259/9 3286/3289/9 3285/3288/9
f 3256/3259/9 3257/3260/9 3287/3290/9 3286/3289/9
f 3257/3260/9 3258/3261/9 3288/3291/9 3287/3290/9
f 3258/3261/9 3259/3262/9 3289/3292/9 3288/3291/9
f 3259/3262/9 3260/3263/9 3290/3293/9 3289/3292/9
f 3260/3263/9 3261/3264/9 3291/3294/9 3290/3293/9
f 3261/3264/9 3262/3265/9 3292/3295/9 3291/3294/9
f 3262/3265/9 3263/3266/9 3293/3296/9 3292/3295/9
f 3263/3266/9 3264/3267/9 3294/3297/9 3293/3296/9
f 3264/3267/9 3265/3268/9 3295/3298/9 3294/3297/9
f 3265/3268/9 3266/3269/9 3296/3299/9 3295/3298/9
f 3266/3269/9 3267/3270/9 3297/3300/9 3296/3299/9
f 3267/3270/9 3268/3271/9 3298/3301/9 3297/3300/9
f 3268/3271/9 3269/3272/9 3299/3302/9 3298/3301/9
f 3269/3272/9 3270/3273/9 3300/3303/9 3299/3302/9
f 3270/3273/9 3271/3274/9 3301/3304/9 3300/3303/9
f 3271/3274/9 3272/3275/9 3302/3305/9 3301/3304/9
f 3272/3275/9 3273/3276/9 3303/3306/9 3302/3305/9
f 3273/3276/9 3274/3277/9 3304/3307/9 3303/3306/9
f 3274/3277/9 3275/3278/9 3305/3308/9 3304/3307/9
f 3275/3278/9 3276/3279/9 3306/3309/9 3305/3308/9
f 3276/3279/9 3277/3280/9 3307/3310/9 3306/3309/9
f 3277/3280/9 3278/3281/9 3308/3311/9 3307/3310/9
f 3278/3281/9 3279/3282/9 3309/3312/9 3308/3311/9
f 3279/3282/9 3280/3283/9 3310/3313/9 3309/3312/9
f 3280/3283/9 3026/3029/9 3028/3031/9 3310/3313/9
f 3282/3285/1664 3281/3284/9 3311/3314/9 3312/3315/1664
f 3281/3284/9 3283/3286/9 3313/3316/9 3311/3314/9
f 3283/3286/9 3284/3287/9 3314/3317/9 3313/3316/9
f 3284/3287/9 3285/3288/9 3315/3318/9 3314/3317/9
f 3285/3288/9 3286/3289/9 3316/3319/9 3315/3318/9
f 3286/3289/9 3287/3290/9 3317/3320/9 3316/3319/9
f 3287/3290/9 3288/3291/9 3318/3321/9 3317/3320/9
f 3288/3291/9 3289/3292/9 3319/3322/9 3318/3321/9
f 3289/3292/9 3290/3293/9 3320/3323/9 3319/3322/9
f 3290/3293/9 3291/3294/9 3321/3324/9 3320/3323/9
f 3291/3294/9 3292/3295/9 3322/3325/9 3321/3324/9
f 3292/3295/9 3293/3296/9 3323/3326/9 3322/3325/9
f 3293/3296/9 3294/3297/9 3324/3327/9 3323/3326/9
f 3294/3297/9 3295/3298/9 3325/3328/9 3324/3327/9
f 3295/3298/9 3296/3299/9 3326/3329/9 3325/3328/9
f 3296/3299/9 3297/3300/9 3327/3330/9 3326/3329/9
f 3297/3300/9 3298/3301/9 3328/3331/9 3327/3330/9
f 3298/3301/9 3299/3302/9 3329/3332/9 3328/3331/9
f 3299/3302/9 3300/3303/9 3330/3333/9 3329/3332/9
f 3300/3303/9 3301/3304/9 3331/3334/9 3330/3333/9
f 3301/3304/9 3302/3305/9 3332/3335/9 3331/3334/9
f 3302/3305/9 3303/3306/9 3333/3336/9 3332/3335/9
f 3303/3306/9 3304/3307/9 3334/3337/9 3333/3336/9
f 3304/3307/9 3305/3308/9 3335/3338/9 3334/3337/9
f 3305/3308/9 3306/3309/9 3336/3339/9 3335/3338/9
f 3306/3309/9 3307/3310/9 3337/3340/9 3336/3339/9
f 3307/3310/9 3308/3311/9 3338/3341/9 3337/3340/9
f 3308/3311/9 3309/3312/9 3339/3342/9 3338/3341/9
f 3309/3312/9 3310/3313/9 3340/3343/9 3339/3342/9
f 3310/3313/9 3028/3031/9 3030/3033/9 3340/3343/9
f 3312/3315/1664 3311/3314/9 3341/3344/9 3342/3345/1664
f 3311/3314/9 3313/3316/9 3343/3346/9 3341/3344/9
f 3313/3316/9 3314/3317/9 3344/3347/9 3343/3346/9
f 3314/3317/9 3315/3318/9 3345/3348/9 3344/3347/9
f 3315/3318/9 3316/3319/9 3346/3349/9 3345/3348/9
f 3316/3319/9 3317/3320/9 3347/3350/9 3346/3349/9
f 3317/3320/9 3318/3321/9 3348/3351/9 3347/3350/9
f 3318/3321/9 3319/3322/9 3349/3352/9 3348/3351/9
f 3319/3322/9 3320/3323/9 3350/3353/9 3349/3352/9
f 3320/3323/9 3321/3324/9 3351/3354/9 3350/3353/9
f 3321/3324/9 3322/3325/9 3352/3355/9 3351/3354/9
f 3322/3325/9 3323/3326/9 3353/3356/9 3352/3355/9
f 3323/3326/9 3324/3327/9 3354/3357/9 3353/3356/9
f 3324/3327/9 3325/3328/9 3355/3358/9 3354/3357/9
f 3325/3328/9 3326/3329/9 3356/3359/9 3355/3358/9
f 3326/3329/9 3327/3330/9 3357/3360/9 3356/3359/9
f 3327/3330/9 3328/3331/9 3358/3361/9 3357/3360/9
f 3328/3331/9 3329/3332/9 3359/3362/9 3358/3361/9
f 3329/3332/9 3330/3333/9 3360/3363/9 3359/3362/9
f 3330/3333/9 3331/3334/9 3361/3364/9 3360/3363/9
f 3331/3334/9 3332/3335/9 3362/3365/9 3361/3364/9
f 3332/3335/9 3333/3336/9 3363/3366/9 3362/3365/9
f 3333/3336/9 3334/3337/9 3364/3367/9 3363/3366/9
f 3334/3337/9 3335/3338/9 3365/3368/9 3364/3367/9
f 3335/3338/9 3336/3339/9 3366/3369/9 3365/3368/9
f 3336/3339/9 3337/3340/9 3367/3370/9 3366/3369/9
f 3337/3340/9 3338/3341/9 3368/3371/9 3367/3370/9
f 3338/3341/9 3339/3342/9 3369/3372/9 3368/3371/9
f 3339/3342/9 3340/3343/9 3370/3373/9 3369/3372/9
f 3340/3343/9 3030/3033/9 3032/3035/9 3370/3373/9
f 3342/3345/1664 3341/3344/9 3371/3374/9 3372/3375/1664
f 3341/3344/9 3343/3346/9 3373/3376/9 3371/3374/9
f 3343/3346/9 3344/3347/9 3374/3377/9 3373/3376/9
f 3344/3347/9 3345/3348/9 3375/3378/9 3374/3377/9
f 3345/3348/9 3346/3349/9 3376/3379/9 3375/3378/9
f 3346/3349/9 3347/3350/9 3377/3380/9 3376/3379/9
f 3347/3350/9 3348/3351/9 3378/3381/9 3377/3380/9
f 3348/3351/9 3349/3352/9 3379/3382/9 3378/3381/9
f 3349/3352/9 3350/3353/9 3380/3383/9 3379/3382/9
f 3350/3353/9 3351/3354/9 3381/3384/9 3380/3383/9
f 3351/3354/9 3352/3355/9 3382/3385/9 3381/3384/9
f 3352/3355/9 3353/3356/9 3383/3386/9 3382/3385/9
f 3353/3356/9 3354/3357/9 3384/3387/9 3383/3386/9
f 3354/3357/9 3355/3358/9 3385/3388/9 3384/3387/9
f 3355/3358/9 3356/3359/9 3386/3389/9 3385/3388/9
f 3356/3359/9 3357/3360/9 3387/3390/9 3386/3389/9
f 3357/3360/9 3358/3361/9 3388/3391/9 3387/3390/9
f 3358/3361/9 3359/3362/9 3389/3392/9 3388/3391/9
f 3359/3362/9 3360/3363/9 3390/3393/9 3389/3392/9
f 3360/3363/9 3361/3364/9 3391/3394/9 3390/3393/9
f 3361/3364/9 3362/3365/9 3392/3395/9 3391/3394/9
f 3362/3365/9 3363/3366/9 3393/3396/9 3392/3395/9
f 3363/3366/9 3364/3367/9 3394/3397/9 3393/3396/9
f 3364/3367/9 3365/3368/9 3395/3398/9 3394/3397/9
f 3365/3368/9 3366/3369/9 3396/3399/9 3395/3398/9
f 3366/3369/9 3367/3370/9 3397/3400/9 3396/3399/9
f 3367/3370/9 3368/3371/9 3398/3401/9 3397/3400/9
f 3368/3371/9 3369/3372/9 3399/3402/9 3398/3401/9
f 3369/3372/9 3370/3373/9 3400/3403/9 3399/3402/9
f 3370/3373/9 3032/3035/9 3034/3037/9 3400/3403/9
f 3372/3375/1664 3371/3374/9 3401/3404/9 3402/3405/1664
f 3371/3374/9 3373/3376/9 3403/3406/9 3401/3404/9
f 3373/3376/9 3374/3377/9 3404/3407/9 3403/3406/9
f 3374/3377/9 3375/3378/9 3405/3408/9 3404/3407/9
f 3375/3378/9 3376/3379/9 3406/3409/9 3405/3408/9
f 3376/3379/9 3377/3380/9 3407/3410/9 3406/3409/9
f 3377/3380/9 3378/3381/9 3408/3411/9 3407/3410/9
f 3378/3381/9 3379/3382/9 3409/3412/9 3408/3411/9
f 3379/3382/9 3380/3383/9 3410/3413/9 3409/3412/9
f 3380/3383/9 3381/3384/9 3411/3414/9 3410/3413/9
f 3381/3384/9 3382/3385/9 3412/3415/9 3411/3414/9
f 3382/3385/9 3383/3386/9 3413/3416/9 3412/3415/9
f 3383/3386/9 3384/3387/9 3414/3417/9 3413/3416/9
f 3384/3387/9 3385/3388/9 3415/3418/9 3414/3417/9
f 3385/3388/9 3386/3389/9 3416/3419/9 3415/3418/9
f 3386/3389/9 3387/3390/9 3417/3420/9 3416/3419/9
f 3387/3390/9 3388/3391/9 3418/3421/9 3417/3420/9
f 3388/3391/9 3389/3392/9 3419/3422/9 3418/3421/9
f 3389/3392/9 3390/3393/9 3420/3423/9 3419/3422/9
f 3390/3393/9 3391/3394/9 3421/3424/9 3420/3423/9
f 3391/3394/9 3392/3395/9 3422/3425/9 3421/3424/9
f 3392/3395/9 3393/3396/9 3423/3426/9 3422/3425/9
f 3393/3396/9 3394/3397/9 3424/3427/9 3423/3426/9
f 3394/3397/9 3395/3398/9 3425/3428/9 3424/3427/9
f 3395/3398/9 3396/3399/9 3426/3429/9 3425/3428/9
f 3396/3399/9 3397/3400/9 3427/3430/9 3426/3429/9
f 3397/3400/9 3398/3401/9 3428/3431/9 3427/3430/9
f 3398/3401/9 3399/3402/9 3429/3432/9 3428/3431/9
f 3399/3402/9 3400/3403/9 3430/3433/9 3429/3432/9
f 3400/3403/9 3034/3037/9 3036/3039/9 3430/3433/9
f 3402/3405/1664 3401/3404/9 3431/3434/9 3432/3435/1664
f 3401/3404/9 3403/3406/9 3433/3436/9 3431/3434/9
f 3403/3406/9 3404/3407/9 3434/3437/9 3433/3436/9
f 3404/3407/9 3405/3408/9 3435/3438/9 3434/3437/9
f 3405/3408/9 3406/3409/9 3436/3439/9 3435/3438/9
f 3406/3409/9 3407/3410/9 3437/3440/9 3436/3439/9
f 3407/3410/9 3408/3411/9 3438/3441/9 3437/3440/9
f 3408/3411/9 3409/3412/9 3439/3442/9 3438/3441/9
f 3409/3412/9 3410/3413/9 3440/3443/9 3439/3442/9
f 3410/3413/9 3411/3414/9 3441/3444/9 3440/3443/9
f 3411/3414/9 3412/3415/9 3442/3445/9 3441/3444/9
f 3412/3415/9 3413/3416/9 3443/3446/9 3442/3445/9
f 3413/3416/9 3414/3417/9 3444/3447/9 3443/3446/9
f 3414/3417/9 3415/3418/9 3445/3448/9 3444/3447/9
f 3415/3418/9 3416/3419/9 3446/3449/9 3445/3448/9
f 3416/3419/9 3417/3420/9 3447/3450/9 3446/3449/9
f 3417/3420/9 3418/3421/9 3448/3451/9 3447/3450/9
f 3418/3421/9 3419/3422/9 3449/3452/9 3448/3451/9
f 3419/3422/9 3420/3423/9 3450/3453/9 3449/3452/9
f 3420/3423/9 3421/3424/9 3451/3454/9 3450/3453/9
f 3421/3424/9 3422/3425/9 3452/3455/9 3451/3454/9
f 3422/3425/9 3423/3426/9 3453/3456/9 3452/3455/9
f 3423/3426/9 3424/3427/9 3454/3457/9 3453/3456/9
f 3424/3427/9 3425/3428/9 3455/3458/9 3454/3457/9
f 3425/3428/9 3426/3429/9 3456/3459/9 3455/3458/9
f 3426/3429/9 3427/3430/9 3457/3460/9 3456/3459/9
f 3427/3430/9 3428/3431/9 3458/3461/9 3457/3460/9
f 3428/3431/9 3429/3432/9 3459/3462/9 3458/3461/9
f 3429/3432/9 3430/3433/9 3460/3463/9 3459/3462/9
f 3430/3433/9 3036/3039/9 3038/3041/9 3460/3463/9
f 3432/3435/1664 3431/3434/9 3461/3464/9 3462/3465/1664
f 3431/3434/9 3433/3436/9 3463/3466/9 3461/3464/9
f 3433/3436/9 3434/3437/9 3464/3467/9 3463/3466/9
f 3434/3437/9 3435/3438/9 3465/3468/9 3464/3467/9
f 3435/3438/9 3436/3439/9 3466/3469/9 3465/3468/9
f 3436/3439/9 3437/3440/9 3467/3470/9 3466/3469/9
f 3437/3440/9 3438/3441/9 3468/3471/9 3467/3470/9
f 3438/3441/9 3439/3442/9 3469/3472/9 3468/3471/9
f 3439/3442/9 3440/3443/9 3470/3473/9 3469/3472/9
f 3440/3443/9 3441/3444/9 3471/3474/9 3470/3473/9
f 3441/3444/9 3442/3445/9 3472/3475/9 3471/3474/9
f 3442/3445/9 3443/3446/9 3473/3476/9 3472/3475/9
f 3443/3446/9 3444/3447/9 3474/3477/9 3473/3476/9
f 3444/3447/9 3445/3448/9 3475/3478/9 3474/3477/9
f 3445/3448/9 3446/3449/9 3476/3479/9 3475/3478/9
f 3446/3449/9 3447/3450/9 3477/3480/9 3476/3479/9
f 3447/3450/9 3448/3451/9 3478/3481/9 3477/3480/9
f 3448/3451/9 3449/3452/9 3479/3482/9 3478/3481/9
f 3449/3452/9 3450/3453/9 3480/3483/9 3479/3482/9
f 3450/3453/9 3451/3454/9 3481/3484/9 3480/3483/9
f 3451/3454/9 3452/3455/9 3482/3485/9 3481/3484/9
f 3452/3455/9 3453/3456/9 3483/3486/9 3482/3485/9
f 3453/3456/9 3454/3457/9 3484/3487/9 3483/3486/9
f 3454/3457/9 3455/3458/9 3485/3488/9 3484/3487/9
f 3455/3458/9 3456/3459/9 3486/3489/9 3485/3488/9
f 3456/3459/9 3457/3460/9 3487/3490/9 3486/3489/9
f 3457/3460/9 3458/3461/9 3488/3491/9 3487/3490/9
f 3458/3461/9 3459/3462/9 3489/3492/9 3488/3491/9
f 3459/3462/9 3460/3463/9 3490/3493/9 3489/3492/9
f 3460/3463/9 3038/3041/9 3040/3043/9 3490/3493/9
f 3462/3465/1664 3461/3464/9 3491/3494/9 3492/3495/1664
f 3461/3464/9 3463/3466/9 3493/3496/9 3491/3494/9
f 3463/3466/9 3464/3467/9 3494/3497/9 3493/3496/9
f 3464/3467/9 3465/3468/9 3495/3498/9 3494/3497/9
f 3465/3468/9 3466/3469/9 3496/3499/9 3495/3498/9
f 3466/3469/9 3467/3470/9 3497/3500/9 3496/3499/9
f 3467/3470/9 3468/3471/9 3498/3501/9 3497/3500/9
f 3468/3471/9 3469/3472/9 3499/3502/9 3498/3501/9
f 3469/3472/9 3470/3473/9 3500/3503/9 3499/3502/9
f 3470/3473/9 3471/3474/9 3501/3504/9 3500/3503/9
f 3471/3474/9 3472/3475/9 3502/3505/9 3501/3504/9
f 3472/3475/9 3473/3476/9 3503/3506/9 3502/3505/9
f 3473/3476/9 3474/3477/9 3504/3507/9 3503/3506/9
f 3474/3477/9 3475/3478/9 3505/3508/9 3504/3507/9
f 3475/3478/9 3476/3479/9 3506/3509/9 3505/3508/9
f 3476/3479/9 3477/3480/9 3507/3510/9 3506/3509/9
f 3477/3480/9 3478/3481/9 3508/3511/9 3507/3510/9
f 3478/3481/9 3479/3482/9 3509/3512/9 3508/3511/9
f 3479/3482/9 3480/3483/9 3510/3513/9 3509/3512/9
f 3480/3483/9 3481/3484/9 3511/3514/9 3510/3513/9
f 3481/3484/9 3482/3485/9 3512/3515/9 3511/3514/9
f 3482/3485/9 3483/3486/9 3513/3516/9 3512/3515/9
f 3483/3486/9 3484/3487/9 3514/3517/9 3513/3516/9
f 3484/3487/9 3485/3488/9 3515/3518/9 3514/3517/9
f 3485/3488/9 3486/3489/9 3516/3519/9 3515/3518/9
f 3486/3489/9 3487/3490/9 3517/3520/9 3516/3519/9
f 3487/3490/9 3488/3491/9 3518/3521/9 3517/3520/9
f 3488/3491/9 3489/3492/9 3519/3522/9 3518/3521/9
f 3489/3492/9 3490/3493/9 3520/3523/9 3519/3522/9
f 3490/3493/9 3040/3043/9 3042/3045/9 3520/3523/9
f 3492/3495/1664 3491/3494/9 3521/3524/9 3522/3525/1664
f 3491/3494/9 3493/3496/9 3523/3526/9 3521/3524/9
f 3493/3496/9 3494/3497/9 3524/3527/9 3523/3526/9
f 3494/3497/9 3495/3498/9 3525/3528/9 3524/3527/9
f 3495/3498/9 3496/3499/9 3526/3529/9 3525/3528/9
f 3496/3499/9 3497/3500/9 3527/3530/9 3526/3529/9
f 3497/3500/9 3498/3501/9 3528/3531/9 3527/3530/9
f 3498/3501/9 3499/3502/9 3529/3532/9 3528/3531/9
f 3499/3502/9 3500/3503/9 3530/3533/9 3529/3532/9
f 3500/3503/9 3501/3504/9 3531/3534/9 3530/3533/9
f 3501/3504/9 3502/3505/9 3532/3535/9 3531/3534/9
f 3502/3505/9 3503/3506/9 3533/3536/9 3532/3535/9
f 3503/3506/9 3504/3507/9 3534/3537/9 3533/3536/9
f 3504/3507/9 3505/3508/9 3535/3538/9 3534/3537/9
f 3505/3508/9 3506/3509/9 3536/3539/9 3535/3538/9
f 3506/3509/9 3507/3510/9 3537/3540/9 3536/3539/9
f 3507/3510/9 3508/3511/9 3538/3541/9 3537/3540/9
f 3508/3511/9 3509/3512/9 3539/3542/9 3538/3541/9
f 3509/3512/9 3510/3513/9 3540/3543/9 3539/3542/9
f 3510/3513/9 3511/3514/9 3541/3544/9 3540/3543/9
f 3511/3514/9 3512/3515/9 3542/3545/9 3541/3544/9
f 3512/3515/9 3513/3516/9 3543/3546/9 3542/3545/9
f 3513/3516/9 3514/3517/9 3544/3547/9 3543/3546/9
f 3514/3517/9 3515/3518/9 3545/3548/9 3544/3547/9
f 3515/3518/9 3516/3519/9 3546/3549/9 3545/3548/9
f 3516/3519/9 3517/3520/9 3547/3550/9 3546/3549/9
f 3517/3520/9 3518/3521/9 3548/3551/9 3547/3550/9
f 3518/3521/9 3519/3522/9 3549/3552/9 3548/3551/9
f 3519/3522/9 3520/3523/9 3550/3553/9 3549/3552/9
f 3520/3523/9 3042/3045/9 3044/3047/9 3550/3553/9
f 3522/3525/1664 3521/3524/9 3551/3554/9 3552/3555/1664
f 3521/3524/9 3523/3526/9 3553/3556/9 3551/3554/9
f 3523/3526/9 3524/3527/9 3554/3557/9 3553/3556/9
f 3524/3527/9 3525/3528/9 3555/3558/9 3554/3557/9
f 3525/3528/9 3526/3529/9 3556/3559/9 3555/3558/9
f 3526/3529/9 3527/3530/9 3557/3560/9 3556/3559/9
f 3527/3530/9 3528/3531/9 3558/3561/9 3557/3560/9
f 3528/3531/9 3529/3532/9 3559/3562/9 3558/3561/9
f 3529/3532/9 3530/3533/9 3560/3563/9 3559/3562/9
f 3530/3533/9 3531/3534/9 3561/3564/9 3560/3563/9
f 3531/3534/9 3532/3535/9 3562/3565/9 3561/3564/9
f 3532/3535/9 3533/3536/9 3563/3566/9 3562/3565/9
f 3533/3536/9 3534/3537/9 3564/3567/9 3563/3566/9
f 3534/3537/9 3535/3538/9 3565/3568/9 3564/3567/9
f 3535/3538/9 3536/3539/9 3566/3569/9 3565/3568/9
f 3536/3539/9 3537/3540/9 3567/3570/9 3566/3569/9
f 3537/3540/9 3538/3541/9 3568/3571/9 3567/3570/9
f 3538/3541/9 3539/3542/9 3569/3572/9 3568/3571/9
f 3539/3542/9 3540/3543/9 3570/3573/9 3569/3572/9
f 3540/3543/9 3541/3544/9 3571/3574/9 3570/3573/9
f 3541/3544/9 3542/3545/9 3572/3575/9 3571/3574/9
f 3542/3545/9 3543/3546/9 3573/3576/9 3572/3575/9
f 3543/3546/9 3544/3547/9 3574/3577/9 3573/3576/9
f 3544/3547/9 3545/3548/9 3575/3578/9 3574/3577/9
f 3545/3548/9 3546/3549/9 3576/3579/9 3575/3578/9
f 3546/3549/9 3547/3550/9 3577/3580/9 3576/3579/9
f 3547/3550/9 3548/3551/9 3578/3581/9 3577/3580/9
f 3548/3551/9 3549/3552/9 3579/3582/9 3578/3581/9
f 3549/3552/9 3550/3553/9 3580/3583/9 3579/3582/9
f 3550/3553/9 3044/3047/9 3046/3049/9 3580/3583/9
f 3552/3555/1664 3551/3554/9 3581/3584/9 3582/3585/1664
f 3551/3554/9 3553/3556/9 3583/3586/9 3581/3584/9
f 3553/3556/9 3554/3557/9 3584/3587/9 3583/3586/9
f 3554/3557/9 3555/3558/9 3585/3588/9 3584/3587/9
f 3555/3558/9 3556/3559/9 3586/3589/9 3585/3588/9
f 3556/3559/9 3557/3560/9 3587/3590/9 3586/3589/9
f 3557/3560/9 3558/3561/9 3588/3591/9 3587/3590/9
f 3558/3561/9 3559/3562/9 3589/3592/9 3588/3591/9
f 3559/3562/9 3560/3563/9 3590/3593/9 3589/3592/9
f 3560/3563/9 3561/3564/9 3591/3594/9 3590/3593/9
f 3561/3564/9 3562/3565/9 3592/3595/9 3591/3594/9
f 3562/3565/9 3563/3566/9 3593/3596/9 3592/3595/9
f 3563/3566/9 3564/3567/9 3594/3597/9 3593/3596/9
f 3564/3567/9 3565/3568/9 3595/3598/9 3594/3597/9
f 3565/3568/9 3566/3569/9 3596/3599/9 3595/3598/9
f 3566/3569/9 3567/3570/9 3597/3600/9 3596/3599/9
f 3567/3570/9 3568/3571/9 3598/3601/9 3597/3600/9
f 3568/3571/9 3569/3572/9 3599/3602/9 3598/3601/9
f 3569/3572/9 3570/3573/9 3600/3603/9 3599/3602/9
f 3570/3573/9 3571/3574/9 3601/3604/9 3600/3603/9
f 3571/3574/9 3572/3575/9 3602/3605/9 3601/3604/9
f 3572/3575/9 3573/3576/9 3603/3606/9 3602/3605/9
f 3573/3576/9 3574/3577/9 3604/3607/9 3603/3606/9
f 3574/3577/9 3575/3578/9 3605/3608/9 3604/3607/9
f 3575/3578/9 3576/3579/9 3606/3609/9 3605/3608/9
f 3576/3579/9 3577/3580/9 3607/3610/9 3606/3609/9
f 3577/3580/9 3578/3581/9 3608/3611/9 3607/3610/9
f 3578/3581/9 3579/3582/9 3609/3612/9 3608/3611/9
f 3579/3582/9 3580/3583/9 3610/3613/9 3609/3612/9
f 3580/3583/9 3046/3049/9 3048/3051/9 3610/3613/9
f 3582/3585/1664 3581/3584/9 3611/3614/9 3612/3615/1664
f 3581/3584/9 3583/3586/9 3613/3616/9 3611/3614/9
f 3583/3586/9 3584/3587/9 3614/3617/9 3613/3616/9
f 3584/3587/9 3585/3588/9 3615/3618/9 3614/3617/9
f 3585/3588/9 3586/3589/9 3616/3619/9 3615/3618/9
f 3586/3589/9 3587/3590/9 3617/3620/9 3616/3619/9
f 3587/3590/9 3588/3591/9 3618/3621/9 3617/3620/9
f 3588/3591/9 3589/3592/9 3619/3622/9 3618/3621/9
f 3589/3592/9 3590/3593/9 3620/3623/9 3619/3622/9
f 3590/3593/9 3591/3594/9 3621/3624/9 3620/3623/9
f 3591/3594/9 3592/3595/9 3622/3625/9 3621/3624/9
f 3592/3595/9 3593/3596/9 3623/3626/9 3622/3625/9
f 3593/3596/9 3594/3597/9 3624/3627/9 3623/3626/9
f 3594/3597/9 3595/3598/9 3625/3628/9 3624/3627/9
f 3595/3598/9 3596/3599/9 3626/3629/9 3625/3628/9
f 3596/3599/9 3597/3600/9 3627/3630/9 3626/3629/9
f 3597/3600/9 3598/3601/9 3628/3631/9 3627/3630/9
f 3598/3601/9 3599/3602/9 3629/3632/9 3628/3631/9
f 3599/3602/9 3600/3603/9 3630/3633/9 3629/3632/9
f 3600/3603/9 3601/3604/9 3631/3634/9 3630/3633/9
f 3601/3604/9 3602/3605/9 3632/3635/9 3631/3634/9
f 3602/3605/9 3603/3606/9 3633/3636/9 3632/3635/9
f 3603/3606/9 3604/3607/9 3634/3637/9 3633/3636/9
f 3604/3607/9 3605/3608/9 3635/3638/9 3634/3637/9
f 3605/3608/9 3606/3609/9 3636/3639/9 3635/3638/9
f 3606/3609/9 3607/3610/9 3637/3640/9 3636/3639/9
f 3607/3610/9 3608/3611/9 3638/3641/9 3637/3640/9
f 3608/3611/9 3609/3612/9 3639/3642/9 3638/3641/9
f 3609/3612/9 3610/3613/9 3640/3643/9 3639/3642/9
f 3610/3613/9 3048/3051/9 3050/3053/9 3640/3643/9
f 3612/3615/1664 3611/3614/9 3641/3644/9 3642/3645/1664
f 3611/3614/9 3613/3616/9 3643/3646/9 3641/3644/9
f 3613/3616/9 3614/3617/9 3644/3647/9 3643/3646/9
f 3614/3617/9 3615/3618/9 3645/3648/9 3644/3647/9
f 3615/3618/9 3616/3619/9 3646/3649/9 3645/3648/9
f 3616/3619/9 3617/3620/9 3647/3650/9 3646/3649/9
f 3617/3620/9 3618/3621/9 3648/3651/9 3647/3650/9
f 3618/3621/9 3619/3622/9 3649/3652/9 3648/3651/9
f 3619/3622/9 3620/3623/9 3650/3653/9 3649/3652/9
f 3620/3623/9 3621/3624/9 3651/3654/9 3650/3653/9
f 3621/3624/9 3622/3625/9 3652/3655/9 3651/3654/9
f 3622/3625/9 3623/3626/9 3653/3656/9 3652/3655/9
f 3623/3626/9 3624/3627/9 3654/3657/9 3653/3656/9
f 3624/3627/9 3625/3628/9 3655/3658/9 3654/3657/9
f 3625/3628/9 3626/3629/9 3656/3659/9 3655/3658/9
f 3626/3629/9 3627/3630/9 3657/3660/9 3656/3659/9
f 3627/3630/9 3628/3631/9 3658/3661/9 3657/3660/9
f 3628/3631/9 3629/3632/9 3659/3662/9 3658/3661/9
f 3629/3632/9 3630/3633/9 3660/3663/9 3659/3662/9
f 3630/3633/9 3631/3634/9 3661/3664/9 3660/3663/9
f 3631/3634/9 3632/3635/9 3662/3665/9 3661/3664/9
f 3632/3635/9 3633/3636/9 3663/3666/9 3662/3665/9
f 3633/3636/9 3634/3637/9 3664/3667/9 3663/3666/9
f 3634/3637/9 3635/3638/9 3665/3668/9 3664/3667/9
f 3635/3638/9 3636/3639/9 3666/3669/9 3665/3668/9
f 3636/3639/9 3637/3640/9 3667/3670/9 3666/3669/9
f 3637/3640/9 3638/3641/9 3668/3671/9 3667/3670/9
f 3638/3641/9 3639/3642/9 3669/3672/9 3668/3671/9
f 3639/3642/9 3640/3643/9 3670/3673/9 3669/3672/9
f 3640/3643/9 3050/3053/9 3052/3055/9 3670/3673/9
f 3642/3645/1664 3641/3644/9 3671/3674/9 3672/3675/1664
f 3641/3644/9 3643/3646/9 3673/3676/9 3671/3674/9
f 3643/3646/9 3644/3647/9 3674/3677/9 3673/3676/9
f 3644/3647/9 3645/3648/9 3675/3678/9 3674/3677/9
f 3645/3648/9 3646/3649/9 3676/3679/9 3675/3678/9
f 3646/3649/9 3647/3650/9 3677/3680/9 3676/3679/9
f 3647/3650/9 3648/3651/9 3678/3681/9 3677/3680/9
f 3648/3651/9 3649/3652/9 3679/3682/9 3678/3681/9
f 3649/3652/9 3650/3653/9 3680/3683/9 3679/3682/9
f 3650/3653/9 3651/3654/9 3681/3684/9 3680/3683/9
f 3651/3654/9 3652/3655/9 3682/3685/9 3681/3684/9
f 3652/3655/9 3653/3656/9 3683/3686/9 3682/3685/9
f 3653/3656/9 3654/3657/9 3684/3687/9 3683/3686/9
f 3654/3657/9 3655/3658/9 3685/3688/9 3684/3687/9
f 3655/3658/9 3656/3659/9 3686/3689/9 3685/3688/9
f 3656/3659/9 3657/3660/9 3687/3690/9 3686/3689/9
f 3657/3660/9 3658/3661/9 3688/3691/9 3687/3690/9
f 3658/3661/9 3659/3662/9 3689/3692/9 3688/3691/9
f 3659/3662/9 3660/3663/9 3690/3693/9 3689/3692/9
f 3660/3663/9 3661/3664/9 3691/3694/9 3690/3693/9
f 3661/3664/9 3662/3665/9 3692/3695/9 3691/3694/9
f 3662/3665/9 3663/3666/9 3693/3696/9 3692/3695/9
f 3663/3666/9 3664/3667/9 3694/3697/9 3693/3696/9
f 3664/3667/9 3665/3668/9 3695/3698/9 3694/3697/9
f 3665/3668/9 3666/3669/9 3696/3699/9 3695/3698/9
f 3666/3669/9 3667/3670/9 3697/3700/9 3696/3699/9
f 3667/3670/9 3668/3671/9 3698/3701/9 3697/3700/9
f 3668/3671/9 3669/3672/9 3699/3702/9 3698/3701/9
f 3669/3672/9 3670/3673/9 3700/3703/9 3699/3702/9
f 3670/3673/9 3052/3055/9 3054/3057/9 3700/3703/9
f 3672/3675/1664 3671/3674/9 3701/3704/9 3702/3705/1664
f 3671/3674/9 3673/3676/9 3703/3706/9 3701/3704/9
f 3673/3676/9 3674/3677/9 3704/3707/9 3703/3706/9
f 3674/3677/9 3675/3678/9 3705/3708/9 3704/3707/9
f 3675/3678/9 3676/3679/9 3706/3709/9 3705/3708/9
f 3676/3679/9 3677/3680/9 3707/3710/9 3706/3709/9
f 3677/3680/9 3678/3681/9 3708/3711/9 3707/3710/9
f 3678/3681/9 3679/3682/9 3709/3712/9 3708/3711/9
f 3679/3682/9 3680/3683/9 3710/3713/9 3709/3712/9
f 3680/3683/9 3681/3684/9 3711/3714/9 3710/3713/9
f 3681/3684/9 3682/3685/9 3712/3715/9 3711/3714/9
f 3682/3685/9 3683/3686/9 3713/3716/9 3712/3715/9
f 3683/3686/9 3684/3687/9 3714/3717/9 3713/3716/9
f 3684/3687/9 3685/3688/9 3715/3718/9 3714/3717/9
f 3685/3688/9 3686/3689/9 3716/3719/9 3715/3718/9
f 3686/3689/9 3687/3690/9 3717/3720/9 3716/3719/9
f 3687/3690/9 3688/3691/9 3718/3721/9 3717/3720/9
f 3688/3691/9 3689/3692/9 3719/3722/9 3718/3721/9
f 3689/3692/9 3690/3693/9 3720/3723/9 3719/3722/9
f 3690/3693/9 3691/3694/9 3721/3724/9 3720/3723/9
f 3691/3694/9 3692/3695/9 3722/3725/9 3721/3724/9
f 3692/3695/9 3693/3696/9 3723/3726/9 3722/3725/9
f 3693/3696/9 3694/3697/9 3724/3727/9 3723/3726/9
f 3694/3697/9 3695/3698/9 3725/3728/9 3724/3727/9
f 3695/3698/9 3696/3699/9 3726/3729/9 3725/3728/9
f 3696/3699/9 3697/3700/9 3727/3730/9 3726/3729/9
f 3697/3700/9 3698/3701/9 3728/3731/9 3727/3730/9
f 3698/3701/9 3699/3702/9 3729/3732/9 3728/3731/9
f 3699/3702/9 3700/3703/9 3730/3733/9 3729/3732/9
f 3700/3703/9 3054/3057/9 3056/3059/9 3730/3733/9
f 3702/3705/1664 3701/3704/9 3731/3734/9 3732/3735/1664
f 3701/3704/9 3703/3706/9 3733/3736/9 3731/3734/9
f 3703/3706/9 3704/3707/9 3734/3737/9 3733/3736/9
f 3704/3707/9 3705/3708/9 3735/3738/9 3734/3737/9
f 3705/3708/9 3706/3709/9 3736/3739/9 3735/3738/9
f 3706/3709/9 3707/3710/9 3737/3740/9 3736/3739/9
f 3707/3710/9 3708/3711/9 3738/3741/9 3737/3740/9
f 3708/3711/9 3709/3712/9 3739/3742/9 3738/3741/9
f 3709/3712/9 3710/3713/9 3740/3743/9 3739/3742/9
f 3710/3713/9 3711/3714/9 3741/3744/9 3740/3743/9
f 3711/3714/9 3712/3715/9 3742/3745/9 3741/3744/9
f 3712/3715/9 3713/3716/9 3743/3746/9 3742/3745/9
f 3713/3716/9 3714/3717/9 3744/3747/9 3743/3746/9
f 3714/3717/9 3715/3718/9 3745/3748/9 3744/3747/9
f 3715/3718/9 3716/3719/9 3746/3749/9 3745/3748/9
f 3716/3719/9 3717/3720/9 3747/3750/9 3746/3749/9
f 3717/3720/9 3718/3721/9 3748/3751/9 3747/3750/9
f 3718/3721/9 3719/3722/9 3749/3752/9 3748/3751/9
f 3719/3722/9 3720/3723/9 3750/3753/9 3749/3752/9
f 3720/3723/9 3721/3724/9 3751/3754/9 3750/3753/9
f 3721/3724/9 3722/3725/9 3752/3755/9 3751/3754/9
f 3722/3725/9 3723/3726/9 3753/3756/9 3752/3755/9
f 3723/3726/9 3724/3727/9 3754/3757/9 3753/3756/9
f 3724/3727/9 3725/3728/9 3755/3758/9 3754/3757/9
f 3725/3728/9 3726/3729/9 3756/3759/9 3755/3758/9
f 3726/3729/9 3727/3730/9 3757/3760/9 3756/3759/9
f 3727/3730/9 3728/3731/9 3758/3761/9 3757/3760/9
f 3728/3731/9 3729/3732/9 3759/3762/9 3758/3761/9
f 3729/3732/9 3730/3733/9 3760/3763/9 3759/3762/9
f 3730/3733/9 3056/3059/9 3058/3061/9 3760/3763/9
f 3732/3735/1664 3731/3734/9 3761/3764/9 3762/3765/1664
f 3731/3734/9 3733/3736/9 3763/3766/9 3761/3764/9
f 3733/3736/9 3734/3737/9 3764/3767/9 3763/3766/9
f 3734/3737/9 3735/3738/9 3765/3768/9 3764/3767/9
f 3735/3738/9 3736/3739/9 3766/3769/9 3765/3768/9
f 3736/3739/9 3737/3740/9 3767/3770/9 3766/3769/9
f 3737/3740/9 3738/3741/9 3768/3771/9 3767/3770/9
f 3738/3741/9 3739/3742/9 3769/3772/9 3768/3771/9
f 3739/3742/9 3740/3743/9 3770/3773/9 3769/3772/9
f 3740/3743/9 3741/3744/9 3771/3774/9 3770/3773/9
f 3741/3744/9 3742/3745/9 3772/3775/9 3771/3774/9
f 3742/3745/9 3743/3746/9 3773/3776/9 3772/3775/9
f 3743/3746/9 3744/3747/9 3774/3777/9 3773/3776/9
f 3744/3747/9 3745/3748/9 3775/3778/9 3774/3777/9
f 3745/3748/9 3746/3749/9 3776/3779/9 3775/3778/9
f 3746/3749/9 3747/3750/9 3777/3780/9 3776/3779/9
f 3747/3750/9 3748/3751/9 3778/3781/9 3777/3780/9
f 3748/3751/9 3749/3752/9 3779/3782/9 3778/3781/9
f 3749/3752/9 3750/3753/9 3780/3783/9 3779/3782/9
f 3750/3753/9 3751/3754/9 3781/3784/9 3780/3783/9
f 3751/3754/9 3752/3755/9 3782/3785/9 3781/3784/9
f 3752/3755/9 3753/3756/9 3783/3786/9 3782/3785/9
f 3753/3756/9 3754/3757/9 3784/3787/9 3783/3786/9
f 3754/3757/9 3755/3758/9 3785/3788/9 3784/3787/9
f 3755/3758/9 3756/3759/9 3786/3789/9 3785/3788/9
f 3756/3759/9 3757/3760/9 3787/3790/9 3786/3789/9
f 3757/3760/9 3758/3761/9 3788/3791/9 3787/3790/9
f 3758/3761/9 3759/3762/9 3789/3792/9 3788/3791/9
f 3759/3762/9 3760/3763/9 3790/3793/9 3789/3792/9
f 3760/3763/9 3058/3061/9 3060/3063/9 3790/3793/9
f 3762/3765/1664 3761/3764/9 3791/3794/9 3792/3795/1664
f 3761/3764/9 3763/3766/9 3793/3796/9 3791/3794/9
f 3763/3766/9 3764/3767/9 3794/3797/9 3793/3796/9
f 3764/3767/9 3765/3768/9 3795/3798/9 3794/3797/9
f 3765/3768/9 3766/3769/9 3796/3799/9 3795/3798/9
f 3766/3769/9 3767/3770/9 3797/3800/9 3796/3799/9
f 3767/3770/9 3768/3771/9 3798/3801/9 3797/3800/9
f 3768/3771/9 3769/3772/9 3799/3802/9 3798/3801/9
f 3769/3772/9 3770/3773/9 3800/3803/9 3799/3802/9
f 3770/3773/9 3771/3774/9 3801/3804/9 3800/3803/9
f 3771/3774/9 3772/3775/9 3802/3805/9 3801/3804/9
f 3772/3775/9 3773/3776/9 3803/3806/9 3802/3805/9
f 3773/3776/9 3774/3777/9 3804/3807/9 3803/3806/9
f 3774/3777/9 3775/3778/9 3805/3808/9 3804/3807/9
f 3775/3778/9 3776/3779/9 3806/3809/9 3805/3808/9
f 3776/3779/9 3777/3780/9 3807/3810/9 3806/3809/9
f 3777/3780/9 3778/3781/9 3808/3811/9 3807/3810/9
f 3778/3781/9 3779/3782/9 3809/3812/9 3808/3811/9
f 3779/3782/9 3780/3783/9 3810/3813/9 3809/3812/9
f 3780/3783/9 3781/3784/9 3811/3814/9 3810/3813/9
f 3781/3784/9 3782/3785/9 3812/3815/9 3811/3814/9
f 3782/3785/9 3783/3786/9 3813/3816/9 3812/3815/9
f 3783/3786/9 3784/3787/9 3814/3817/9 3813/3816/9
f 3784/3787/9 3785/3788/9 3815/3818/9 3814/3817/9
f 3785/3788/9 3786/3789/9 3816/3819/9 3815/3818/9
f 3786/3789/9 3787/3790/9 3817/3820/9 3816/3819/9
f 3787/3790/9 3788/3791/9 3818/3821/9 3817/3820/9
f 3788/3791/9 3789/3792/9 3819/3822/9 3818/3821/9
f 3789/3792/9 3790/3793/9 3820/3823/9 3819/3822/9
f 3790/3793/9 3060/3063/9 3062/3065/9 3820/3823/9
f 3792/3795/1664 3791/3794/9 3821/3824/9 3822/3825/1664
f 3791/3794/9 3793/3796/9 3823/3826/9 3821/3824/9
f 3793/3796/9 3794/3797/9 3824/3827/9 3823/3826/9
f 3794/3797/9 3795/3798/9 3825/3828/9 3824/3827/9
f 3795/3798/9 3796/3799/9 3826/3829/9 3825/3828/9
f 3796/3799/9 3797/3800/9 3827/3830/9 3826/3829/9
f 3797/3800/9 3798/3801/9 3828/3831/9 3827/3830/9
f 3798/3801/9 3799/3802/9 3829/3832/9 3828/3831/9
f 3799/3802/9 3800/3803/9 3830/3833/9 3829/3832/9
f 3800/3803/9 3801/3804/9 3831/3834/9 3830/3833/9
f 3801/3804/9 3802/3805/9 3832/3835/9 3831/3834/9
f 3802/3805/9 3803/3806/9 3833/3836/9 3832/3835/9
f 3803/3806/9 3804/3807/9 3834/3837/9 3833/3836/9
f 3804/3807/9 3805/3808/9 3835/3838/9 3834/3837/9
f 3805/3808/9 3806/3809/9 3836/3839/9 3835/3838/9
f 3806/3809/9 3807/3810/9 3837/3840/9 3836/3839/9
f 3807/3810/9 3808/3811/9 3838/3841/9 3837/3840/9
f 3808/3811/9 3809/3812/9 3839/3842/9 3838/3841/9
f 3809/3812/9 3810/3813/9 3840/3843/9 3839/3842/9
f 3810/3813/9 3811/3814/9 3841/3844/9 3840/3843/9
f 3811/3814/9 3812/3815/9 3842/3845/9 3841/3844/9
f 3812/3815/9 3813/3816/9 3843/3846/9 3842/3845/9
f 3813/3816/9 3814/3817/9 3844/3847/9 3843/3846/9
f 3814/3817/9 3815/3818/9 3845/3848/9 3844/3847/9
f 3815/3818/9 3816/3819/9 3846/3849/9 3845/3848/9
f 3816/3819/9 3817/3820/9 3847/3850/9 3846/3849/9
f 3817/3820/9 3818/3821/9 3848/3851/9 3847/3850/9
f 3818/3821/9 3819/3822/9 3849/3852/9 3848/3851/9
f 3819/3822/9 3820/3823/9 3850/3853/9 3849/3852/9
f 3820/3823/9 3062/3065/9 3064/3067/9 3850/3853/9
f 3822/3825/1664 3821/3824/9 3851/3854/9 3852/3855/1664
f 3821/3824/9 3823/3826/9 3853/3856/9 3851/3854/9
f 3823/3826/9 3824/3827/9 3854/3857/9 3853/3856/9
f 3824/3827/9 3825/3828/9 3855/3858/9 3854/3857/9
f 3825/3828/9 3826/3829/9 3856/3859/9 3855/3858/9
f 3826/3829/9 3827/3830/9 3857/3860/9 3856/3859/9
f 3827/3830/9 3828/3831/9 3858/3861/9 3857/3860/9
f 3828/3831/9 3829/3832/9 3859/3862/9 3858/3861/9
f 3829/3832/9 3830/3833/9 3860/3863/9 3859/3862/9
f 3830/3833/9 3831/3834/9 3861/3864/9 3860/3863/9
f 3831/3834/9 3832/3835/9 3862/3865/9 3861/3864/9
f 3832/3835/9 3833/3836/9 3863/3866/9 3862/3865/9
f 3833/3836/9 3834/3837/9 3864/3867/9 3863/3866/9
f 3834/3837/9 3835/3838/9 3865/3868/9 3864/3867/9
f 3835/3838/9 3836/3839/9 3866/3869/9 3865/3868/9
f 3836/3839/9 3837/3840/9 3867/3870/9 3866/3869/9
f 3837/3840/9 3838/3841/9 3868/3871/9 3867/3870/9
f 3838/3841/9 3839/3842/9 3869/3872/9 3868/3871/9
f 3839/3842/9 3840/3843/9 3870/3873/9 3869/3872/9
f 3840/3843/9 3841/3844/9 3871/3874/9 3870/3873/9
f 3841/3844/9 3842/3845/9 3872/3875/9 3871/3874/9
f 3842/3845/9 3843/3846/9 3873/3876/9 3872/3875/9
f 3843/3846/9 3844/3847/9 3874/3877/9 3873/3876/9
f 3844/3847/9 3845/3848/9 3875/3878/9 3874/3877/9
f 3845/3848/9 3846/3849/9 3876/3879/9 3875/3878/9
f 3846/3849/9 3847/3850/9 3877/3880/9 3876/3879/9
f 3847/3850/9 3848/3851/9 3878/3881/9 3877/3880/9
f 3848/3851/9 3849/3852/9 3879/3882/9 3878/3881/9
f 3849/3852/9 3850/3853/9 3880/3883/9 3879/3882/9
f 3850/3853/9 3064/3067/9 3066/3069/9 3880/3883/9
f 3852/3855/1664 3851/3854/9 3881/3884/9 3882/3885/1664
f 3851/3854/9 3853/3856/9 3883/3886/9 3881/3884/9
f 3853/3856/9 3854/3857/9 3884/3887/9 3883/3886/9
f 3854/3857/9 3855/3858/9 3885/3888/9 3884/3887/9
f 3855/3858/9 3856/3859/9 3886/3889/9 3885/3888/9
f 3856/3859/9 3857/3860/9 3887/3890/9 3886/3889/9
f 3857/3860/9 3858/3861/9 3888/3891/9 3887/3890/9
f 3858/3861/9 3859/3862/9 3889/3892/9 3888/3891/9
f 3859/3862/9 3860/3863/9 3890/3893/9 3889/3892/9
f 3860/3863/9 3861/3864/9 3891/3894/9 3890/3893/9
f 3861/3864/9 3862/3865/9 3892/3895/9 3891/3894/9
f 3862/3865/9 3863/3866/9 3893/3896/9 3892/3895/9
f 3863/3866/9 3864/3867/9 3894/3897/9 3893/3896/9
f 3864/3867/9 3865/3868/9 3895/3898/9 3894/3897/9
f 3865/3868/9 3866/3869/9 3896/3899/9 3895/3898/9
f 3866/3869/9 3867/3870/9 3897/3900/9 3896/3899/9
f 3867/3870/9 3868/3871/9 3898/3901/9 3897/3900/9
f 3868/3871/9 3869/3872/9 3899/3902/9 3898/3901/9
f 3869/3872/9 3870/3873/9 3900/3903/9 3899/3902/9
f 3870/3873/9 3871/3874/9 3901/3904/9 3900/3903/9
f 3871/3874/9 3872/3875/9 3902/3905/9 3901/3904/9
f 3872/3875/9 3873/3876/9 3903/3906/9 3902/3905/9
f 3873/3876/9 3874/3877/9 3904/3907/9 3903/3906/9
f 3874/3877/9 3875/3878/9 3905/3908/9 3904/3907/9
f 3875/3878/9 3876/3879/9 3906/3909/9 3905/3908/9
f 3876/3879/9 3877/3880/9 3907/3910/9 3906/3909/9
f 3877/3880/9 3878/3881/9 3908/3911/9 3907/3910/9
f 3878/3881/9 3879/3882/9 3909/3912/9 3908/3911/9
f 3879/3882/9 3880/3883/9 3910/3913/9 3909/3912/9
f 3880/3883/9 3066/3069/9 3068/3071/9 3910/3913/9
f 3882/3885/1664 3881/3884/9 3911/3914/9 3912/3915/1664
f 3881/3884/9 3883/3886/9 3913/3916/9 3911/3914/9
f 3883/3886/9 3884/3887/9 3914/3917/9 3913/3916/9
f 3884/3887/9 3885/3888/9 3915/3918/9 3914/3917/9
f 3885/3888/9 3886/3889/9 3916/3919/9 3915/3918/9
f 3886/3889/9 3887/3890/9 3917/3920/9 3916/3919/9
f 3887/3890/9 3888/3891/9 3918/3921/9 3917/3920/9
f 3888/3891/9 3889/3892/9 3919/3922/9 3918/3921/9
f 3889/3892/9 3890/3893/9 3920/3923/9 3919/3922/9
f 3890/3893/9 3891/3894/9 3921/3924/9 3920/3923/9
f 3891/3894/9 3892/3895/9 3922/3925/9 3921/3924/9
f 3892/3895/9 3893/3896/9 3923/3926/9 3922/3925/9
f 3893/3896/9 3894/3897/9 3924/3927/9 3923/3926/9
f 3894/3897/9 3895/3898/9 3925/3928/9 3924/3927/9
f 3895/3898/9 3896/3899/9 3926/3929/9 3925/3928/9
f 3896/3899/9 3897/3900/9 3927/3930/9 3926/3929/9
f 3897/3900/9 3898/3901/9 3928/3931/9 3927/3930/9
f 3898/3901/9 3899/3902/9 3929/3932/9 3928/3931/9
f 3899/3902/9 3900/3903/9 3930/3933/9 3929/3932/9
f 3900/3903/9 3901/3904/9 3931/3934/9 3930/3933/9
f 3901/3904/9 3902/3905/9 3932/3935/9 3931/3934/9
f 3902/3905/9 3903/3906/9 3933/3936/9 3932/3935/9
f 3903/3906/9 3904/3907/9 3934/3937/9 3933/3936/9
f 3904/3907/9 3905/3908/9 3935/3938/9 3934/3937/9
f 3905/3908/9 3906/3909/9 3936/3939/9 3935/3938/9
f 3906/3909/9 3907/3910/9 3937/3940/9 3936/3939/9
f 3907/3910/9 3908/3911/9 3938/3941/9 3937/3940/9
f 3908/3911/9 3909/3912/9 3939/3942/9 3938/3941/9
f 3909/3912/9 3910/3913/9 3940/3943/9 3939/3942/9
f 3910/3913/9 3068/3071/9 3070/3073/9 3940/3943/9
f 3912/3915/1664 3911/3914/9 3941/3944/9 3942/3945/1664
f 3911/3914/9 3913/3916/9 3943/3946/9 3941/3944/9
f 3913/3916/9 3914/3917/9 3944/3947/9 3943/3946/9
f 3914/3917/9 3915/3918/9 3945/3948/9 3944/3947/9
f 3915/3918/9 3916/3919/9 3946/3949/9 3945/3948/9
f 3916/3919/9 3917/3920/9 3947/3950/9 3946/3949/9
f 3917/3920/9 3918/3921/9 3948/3951/9 3947/3950/9
f 3918/3921/9 3919/3922/9 3949/3952/9 3948/3951/9
f 3919/3922/9 3920/3923/9 3950/3953/9 3949/3952/9
f 3920/3923/9 3921/3924/9 3951/3954/9 3950/3953/9
f 3921/3924/9 3922/3925/9 3952/3955/9 3951/3954/9
f 3922/3925/9 3923/3926/9 3953/3956/9 3952/3955/9
f 3923/3926/9 3924/3927/9 3954/3957/9 3953/3956/9
f 3924/3927/9 3925/3928/9 3955/3958/9 3954/3957/9
f 3925/3928/9 3926/3929/9 3956/3959/9 3955/3958/9
f 3926/3929/9 3927/3930/9 3957/3960/9 3956/3959/9
f 3927/3930/9 3928/3931/9 3958/3961/9 3957/3960/9
f 3928/3931/9 3929/3932/9 3959/3962/9 3958/3961/9
f 3929/3932/9 3930/3933/9 3960/3963/9 3959/3962/9
f 3930/3933/9 3931/3934/9 3961/3964/9 3960/3963/9
f 3931/3934/9 3932/3935/9 3962/3965/9 3961/3964/9
f 3932/3935/9 3933/3936/9 3963/3966/9 3962/3965/9
f 3933/3936/9 3934/3937/9 3964/3967/9 3963/3966/9
f 3934/3937/9 3935/3938/9 3965/3968/9 3964/3967/9
f 3935/3938/9 3936/3939/9 3966/3969/9 3965/3968/9
f 3936/3939/9 3937/3940/9 3967/3970/9 3966/3969/9
f 3937/3940/9 3938/3941/9 3968/3971/9 3967/3970/9
f 3938/3941/9 3939/3942/9 3969/3972/9 3968/3971/9
f 3939/3942/9 3940/3943/9 3970/3973/9 3969/3972/9
f 3940/3943/9 3070/3073/9 9/9/9 3970/3973/9
f 3942/3945/1664 3941/3944/9 82/84/81 81/83/80
f 3941/3944/9 3943/3946/9 85/87/84 82/84/81
f 3943/3946/9 3944/3947/9 87/89/86 85/87/84
f 3944/3947/9 3945/3948/9 89/91/87 87/89/86
f 3945/3948/9 3946/3949/9 91/93/89 89/91/87
f 3946/3949/9 3947/3950/9 93/95/91 91/93/89
f 3947/3950/9 3948/3951/9 95/97/93 93/95/91
f 3948/3951/9 3949/3952/9 97/99/95 95/97/93
f 3949/3952/9 3950/3953/9 99/101/97 97/99/95
f 3950/3953/9 3951/3954/9 101/103/89 99/101/97
f 3951/3954/9 3952/3955/9 103/105/99 101/103/89
f 3952/3955/9 3953/3956/9 105/107/101 103/105/99
f 3953/3956/9 3954/3957/9 107/109/103 105/107/101
f 3954/3957/9 3955/3958/9 109/111/105 107/109/103
f 3955/3958/9 3956/3959/9 111/113/107 109/111/105
f 3956/3959/9 3957/3960/9 113/115/109 111/113/107
f 3957/3960/9 3958/3961/9 115/117/111 113/115/109
f 3958/3961/9 3959/3962/9 117/119/113 115/117/111
f 3959/3962/9 3960/3963/9 119/121/115 117/119/113
f 3960/3963/9 3961/3964/9 121/123/117 119/121/115
f 3961/3964/9 3962/3965/9 123/125/119 121/123/117
f 3962/3965/9 3963/3966/9 125/127/121 123/125/119
f 3963/3966/9 3964/3967/9 127/129/123 125/127/121
f 3964/3967/9 3965/3968/9 129/131/125 127/129/123
f 3965/3968/9 3966/3969/9 131/133/127 129/131/125
f 3966/3969/9 3967/3970/9 133/135/129 131/133/127
f 3967/3970/9 3968/3971/9 135/137/131 133/135/129
f 3968/3971/9 3969/3972/9 137/139/99 135/137/131
f 3969/3972/9 3970/3973/9 139/141/134 137/139/99
f 3970/3973/9 9/9/9 12/12/12 139/141/134
f 2025/3974/940 19/3975/18 18/3976/6 3971/3977/5
f 3971/3977/5 18/3976/6 1094/3978/6 3972/3979/5
f 3972/3979/5 1094/3978/6 1092/3980/896 3973/3981/5
f 3973/3981/5 1092/3980/896 1090/3982/902 3974/3983/5
f 3974/3983/5 1090/3982/902 1088/3984/893 3975/3985/5
f 3975/3985/5 1088/3984/893 1086/3986/895 3976/3987/5
f 3976/3987/5 1086/3986/895 1084/3988/895 3977/3989/5
f 3977/3989/5 1084/3988/895 1082/3990/6 3978/3991/5
f 3978/3991/5 1082/3990/6 1080/3992/6 3979/3993/5
f 3979/3993/5 1080/3992/6 1078/3994/895 3980/3995/5
f 3980/3995/5 1078/3994/895 1076/3996/895 3981/3997/5
f 3981/3997/5 1076/3996/895 1074/3998/897 3982/3999/5
f 3982/3999/5 1074/3998/897 1072/4000/898 3983/4001/5
f 3983/4001/5 1072/4000/898 1070/4002/896 3984/4003/5
f 3984/4003/5 1070/4002/896 1068/4004/6 3985/4005/5
f 3985/4005/5 1068/4004/6 1066/4006/6 3986/4007/5
f 3986/4007/5 1066/4006/6 1064/4008/897 3987/4009/5
f 3987/4009/5 1064/4008/897 1062/4010/897 3988/4011/5
f 3988/4011/5 1062/4010/897 1060/4012/896 3989/4013/5
f 3989/4013/5 1060/4012/896 1058/4014/895 3990/4015/5
f 3990/4015/5 1058/4014/895 1056/4016/893 3991/4017/5
f 3991/4017/5 1056/4016/893 1054/4018/893 3992/4019/5
f 3992/4019/5 1054/4018/893 1052/4020/6 3993/4021/5
f 3993/4021/5 1052/4020/6 1050/4022/891 3994/4023/5
f 3994/4023/5 1050/4022/891 1048/4024/6 3995/4025/5
f 3995/4025/5 1048/4024/6 1046/4026/6 3996/4027/5
f 3996/4027/5 1046/4026/6 1044/4028/6 3997/4029/5
f 3997/4029/5 1044/4028/6 1042/4030/6 3998/4031/5
f 3998/4031/5 1042/4030/6 1040/4032/6 3999/4033/5
f 3999/4033/5 1040/4032/6 6/6/6 5/5/5
f 15/4034/15 14/4035/14 4000/4036/1665 3013/4037/10
f 14/4035/14 2081/4038/996 4001/4039/1665 4000/4036/1665
f 2081/4038/996 2079/4040/994 4002/4041/1665 4001/4039/1665
f 2079/4040/994 2077/4042/992 4003/4043/1666 4002/4041/1665
f 2077/4042/992 2075/4044/990 4004/4045/1667 4003/4043/1666
f 2075/4044/990 2073/4046/988 4005/4047/1668 4004/4045/1667
f 2073/4046/988 2071/4048/986 4006/4049/1669 4005/4047/1668
f 2071/4048/986 2069/4050/984 4007/4051/1670 4006/4049/1669
f 2069/4050/984 2067/4052/982 4008/4053/1671 4007/4051/1670
f 2067/4052/982 2065/4054/980 4009/4055/1672 4008/4053/1671
f 2065/4054/980 2063/4056/978 4010/4057/1673 4009/4055/1672
f 2063/4056/978 2061/4058/976 4011/4059/1674 4010/4057/1673
f 2061/4058/976 2059/4060/974 4012/4061/1675 4011/4059/1674
f 2059/4060/974 2057/4062/972 4013/4063/1676 4012/4061/1675
f 2057/4062/972 2055/4064/970 4014/4065/1677 4013/4063/1676
f 2055/4064/970 2053/4066/968 4015/4067/1670 4014/4065/1677
f 2053/4066/968 2051/4068/966 4016/4069/1671 4015/4067/1670
f 2051/4068/966 2049/4070/964 4017/4071/1672 4016/4069/1671
f 2049/4070/964 2047/4072/962 4018/4073/1673 4017/4071/1672
f 2047/4072/962 2045/4074/960 4019/4075/1674 4018/4073/1673
f 2045/4074/960 2043/4076/958 4020/4077/1675 4019/4075/1674
f 2043/4076/958 2041/4078/956 4021/4079/1676 4020/4077/1675
f 2041/4078/956 2039/4080/954 4022/4081/1677 4021/4079/1676
f 2039/4080/954 2037/4082/952 4023/4083/1670 4022/4081/1677
f 2037/4082/952 2035/4084/950 4024/4085/1671 4023/4083/1670
f 2035/4084/950 2033/4086/948 4025/4087/1672 4024/4085/1671
f 2033/4086/948 2031/4088/946 4026/4089/1673 4025/4087/1672
f 2031/4088/946 2029/4090/944 4027/4091/1674 4026/4089/1673
f 2029/4090/944 2027/4092/942 4028/4093/1675 4027/4091/1674
f 2027/4092/942 2025/3974/940 3971/3977/5 4028/4093/1675
f 3013/4037/10 4000/4036/1665 4029/4094/1665 3015/4095/10
f 4000/4036/1665 4001/4039/1665 4030/4096/1665 4029/4094/1665
f 4001/4039/1665 4002/4041/1665 4031/4097/1665 4030/4096/1665
f 4002/4041/1665 4003/4043/1666 4032/4098/1666 4031/4097/1665
f 4003/4043/1666 4004/4045/1667 4033/4099/1667 4032/4098/1666
f 4004/4045/1667 4005/4047/1668 4034/4100/1668 4033/4099/1667
f 4005/4047/1668 4006/4049/1669 4035/4101/1669 4034/4100/1668
f 4006/4049/1669 4007/4051/1670 4036/4102/1670 4035/4101/1669
f 4007/4051/1670 4008/4053/1671 4037/4103/1671 4036/4102/1670
f 4008/4053/1671 4009/4055/1672 4038/4104/1672 4037/4103/1671
f 4009/4055/1672 4010/4057/1673 4039/4105/1673 4038/4104/1672
f 4010/4057/1673 4011/4059/1674 4040/4106/1674 4039/4105/1673
f 4011/4059/1674 4012/4061/1675 4041/4107/1675 4040/4106/1674
f 4012/4061/1675 4013/4063/1676 4042/4108/1676 4041/4107/1675
f 4013/4063/1676 4014/4065/1677 4043/4109/1677 4042/4108/1676
f 4014/4065/1677 4015/4067/1670 4044/4110/1670 4043/4109/1677
f 4015/4067/1670 4016/4069/1671 4045/4111/1671 4044/4110/1670
f 4016/4069/1671 4017/4071/1672 4046/4112/1672 4045/4111/1671
f 4017/4071/1672 4018/4073/1673 4047/4113/1673 4046/4112/1672
f 4018/4073/1673 4019/4075/1674 4048/4114/1674 4047/4113/1673
f 4019/4075/1674 4020/4077/1675 4049/4115/1675 4048/4114/1674
f 4020/4077/1675 4021/4079/1676 4050/4116/1676 4049/4115/1675
f 4021/4079/1676 4022/4081/1677 4051/4117/1677 4050/4116/1676
f 4022/4081/1677 4023/4083/1670 4052/4118/1670 4051/4117/1677
f 4023/4083/1670 4024/4085/1671 4053/4119/1671 4052/4118/1670
f 4024/4085/1671 4025/4087/1672 4054/4120/1672 4053/4119/1671
f 4025/4087/1672 4026/4089/1673 4055/4121/1673 4054/4120/1672
f 4026/4089/1673 4027/4091/1674 4056/4122/1674 4055/4121/1673
f 4027/4091/1674 4028/4093/1675 4057/4123/1675 4056/4122/1674
f 4028/4093/1675 3971/3977/5 3972/3979/5 4057/4123/1675
f 3015/4095/10 4029/4094/1665 4058/4124/1665 3017/4125/10
f 4029/4094/1665 4030/4096/1665 4059/4126/1665 4058/4124/1665
f 4030/4096/1665 4031/4097/1665 4060/4127/1665 4059/4126/1665
f 4031/4097/1665 4032/4098/1666 4061/4128/1666 4060/4127/1665
f 4032/4098/1666 4033/4099/1667 4062/4129/1667 4061/4128/1666
f 4033/4099/1667 4034/4100/1668 4063/4130/1668 4062/4129/1667
f 4034/4100/1668 4035/4101/1669 4064/4131/1669 4063/4130/1668
f 4035/4101/1669 4036/4102/1670 4065/4132/1670 4064/4131/1669
f 4036/4102/1670 4037/4103/1671 4066/4133/1671 4065/4132/1670
f 4037/4103/1671 4038/4104/1672 4067/4134/1672 4066/4133/1671
f 4038/4104/1672 4039/4105/1673 4068/4135/1673 4067/4134/1672
f 4039/4105/1673 4040/4106/1674 4069/4136/1674 4068/4135/1673
f 4040/4106/1674 4041/4107/1675 4070/4137/1675 4069/4136/1674
f 4041/4107/1675 4042/4108/1676 4071/4138/1676 4070/4137/1675
f 4042/4108/1676 4043/4109/1677 4072/4139/1677 4071/4138/1676
f 4043/4109/1677 4044/4110/1670 4073/4140/1670 4072/4139/1677
f 4044/4110/1670 4045/4111/1671 4074/4141/1671 4073/4140/1670
f 4045/4111/1671 4046/4112/1672 4075/4142/1672 4074/4141/1671
f 4046/4112/1672 4047/4113/1673 4076/4143/1673 4075/4142/1672
f 4047/4113/1673 4048/4114/1674 4077/4144/1674 4076/4143/1673
f 4048/4114/1674 4049/4115/1675 4078/4145/1675 4077/4144/1674
f 4049/4115/1675 4050/4116/1676 4079/4146/1676 4078/4145/1675
f 4050/4116/1676 4051/4117/1677 4080/4147/1677 4079/4146/1676
f 4051/4117/1677 4052/4118/1670 4081/4148/1670 4080/4147/1677
f 4052/4118/1670 4053/4119/1671 4082/4149/1671 4081/4148/1670
f 4053/4119/1671 4054/4120/1672 4083/4150/1672 4082/4149/1671
f 4054/4120/1672 4055/4121/1673 4084/4151/1673 4083/4150/1672
f 4055/4121/1673 4056/4122/1674 4085/4152/1674 4084/4151/1673
f 4056/4122/1674 4057/4123/1675 4086/4153/1675 4085/4152/1674
f 4057/4123/1675 3972/3979/5 3973/3981/5 4086/4153/1675
f 3017/4125/10 4058/4124/1665 4087/4154/1665 3019/4155/10
f 4058/4124/1665 4059/4126/1665 4088/4156/1665 4087/4154/1665
f 4059/4126/1665 4060/4127/1665 4089/4157/1665 4088/4156/1665
f 4060/4127/1665 4061/4128/1666 4090/4158/1666 4089/4157/1665
f 4061/4128/1666 4062/4129/1667 4091/4159/1667 4090/4158/1666
f 4062/4129/1667 4063/4130/1668 4092/4160/1668 4091/4159/1667
f 4063/4130/1668 4064/4131/1669 4093/4161/1669 4092/4160/1668
f 4064/4131/1669 4065/4132/1670 4094/4162/1670 4093/4161/1669
f 4065/4132/1670 4066/4133/1671 4095/4163/1671 4094/4162/1670
f 4066/4133/1671 4067/4134/1672 4096/4164/1672 4095/4163/1671
f 4067/4134/1672 4068/4135/1673 4097/4165/1673 4096/4164/1672
f 4068/4135/1673 4069/4136/1674 4098/4166/1674 4097/4165/1673
f 4069/4136/1674 4070/4137/1675 4099/4167/1675 4098/4166/1674
f 4070/4137/1675 4071/4138/1676 4100/4168/1676 4099/4167/1675
f 4071/4138/1676 4072/4139/1677 4101/4169/1677 4100/4168/1676
f 4072/4139/1677 4073/4140/1670 4102/4170/1670 4101/4169/1677
f 4073/4140/1670 4074/4141/1671 4103/4171/1671 4102/4170/1670
f 4074/4141/1671 4075/4142/1672 4104/4172/1672 4103/4171/1671
f 4075/4142/1672 4076/4143/1673 4105/4173/1673 4104/4172/1672
f 4076/4143/1673 4077/4144/1674 4106/4174/1674 4105/4173/1673
f 4077/4144/1674 4078/4145/1675 4107/4175/1675 4106/4174/1674
f 4078/4145/1675 4079/4146/1676 4108/4176/1676 4107/4175/1675
f 4079/4146/1676 4080/4147/1677 4109/4177/1677 4108/4176/1676
f 4080/4147/1677 4081/4148/1670 4110/4178/1670 4109/4177/1677
f 4081/4148/1670 4082/4149/1671 4111/4179/1671 4110/4178/1670
f 4082/4149/1671 4083/4150/1672 4112/4180/1672 4111/4179/1671
f 4083/4150/1672 4084/4151/1673 4113/4181/1673 4112/4180/1672
f 4084/4151/1673 4085/4152/1674 4114/4182/1674 4113/4181/1673
f 4085/4152/1674 4086/4153/1675 4115/4183/1675 4114/4182/1674
f 4086/4153/1675 3973/3981/5 3974/3983/5 4115/4183/1675
f 3019/4155/10 4087/4154/1665 4116/4184/1665 3021/4185/10
f 4087/4154/1665 4088/4156/1665 4117/4186/1665 4116/4184/1665
f 4088/4156/1665 4089/4157/1665 4118/4187/1665 4117/4186/1665
f 4089/4157/1665 4090/4158/1666 4119/4188/1666 4118/4187/1665
f 4090/4158/1666 4091/4159/1667 4120/4189/1667 4119/4188/1666
f 4091/4159/1667 4092/4160/1668 4121/4190/1668 4120/4189/1667
f 4092/4160/1668 4093/4161/1669 4122/4191/1669 4121/4190/1668
f 4093/4161/1669 4094/4162/1670 4123/4192/1670 4122/4191/1669
f 4094/4162/1670 4095/4163/1671 4124/4193/1671 4123/4192/1670
f 4095/4163/1671 4096/4164/1672 4125/4194/1672 4124/4193/1671
f 4096/4164/1672 4097/4165/1673 4126/4195/1673 4125/4194/1672
f 4097/4165/1673 4098/4166/1674 4127/4196/1674 4126/4195/1673
f 4098/4166/1674 4099/4167/1675 4128/4197/1675 4127/4196/1674
f 4099/4167/1675 4100/4168/1676 4129/4198/1676 4128/4197/1675
f 4100/4168/1676 4101/4169/1677 4130/4199/1677 4129/4198/1676
f 4101/4169/1677 4102/4170/1670 4131/4200/1670 4130/4199/1677
f 4102/4170/1670 4103/4171/1671 4132/4201/1671 4131/4200/1670
f 4103/4171/1671 4104/4172/1672 4133/4202/1672 4132/4201/1671
f 4104/4172/1672 4105/4173/1673 4134/4203/1673 4133/4202/1672
f 4105/4173/1673 4106/4174/1674 4135/4204/1674 4134/4203/1673
f 4106/4174/1674 4107/4175/1675 4136/4205/1675 4135/4204/1674
f 4107/4175/1675 4108/4176/1676 4137/4206/1676 4136/4205/1675
f 4108/4176/1676 4109/4177/1677 4138/4207/1677 4137/4206/1676
f 4109/4177/1677 4110/4178/1670 4139/4208/1670 4138/4207/1677
f 4110/4178/1670 4111/4179/1671 4140/4209/1671 4139/4208/1670
f 4111/4179/1671 4112/4180/1672 4141/4210/1672 4140/4209/1671
f 4112/4180/1672 4113/4181/1673 4142/4211/1673 4141/4210/1672
f 4113/4181/1673 4114/4182/1674 4143/4212/1674 4142/4211/1673
f 4114/4182/1674 4115/4183/1675 4144/4213/1675 4143/4212/1674
f 4115/4183/1675 3974/3983/5 3975/3985/5 4144/4213/1675
f 3021/4185/10 4116/4184/1665 4145/4214/1665 3023/4215/10
f 4116/4184/1665 4117/4186/1665 4146/4216/1665 4145/4214/1665
f 4117/4186/1665 4118/4187/1665 4147/4217/1665 4146/4216/1665
f 4118/4187/1665 4119/4188/1666 4148/4218/1666 4147/4217/1665
f 4119/4188/1666 4120/4189/1667 4149/4219/1667 4148/4218/1666
f 4120/4189/1667 4121/4190/1668 4150/4220/1668 4149/4219/1667
f 4121/4190/1668 4122/4191/1669 4151/4221/1669 4150/4220/1668
f 4122/4191/1669 4123/4192/1670 4152/4222/1670 4151/4221/1669
f 4123/4192/1670 4124/4193/1671 4153/4223/1671 4152/4222/1670
f 4124/4193/1671 4125/4194/1672 4154/4224/1672 4153/4223/1671
f 4125/4194/1672 4126/4195/1673 4155/4225/1673 4154/4224/1672
f 4126/4195/1673 4127/4196/1674 4156/4226/1674 4155/4225/1673
f 4127/4196/1674 4128/4197/1675 4157/4227/1675 4156/4226/1674
f 4128/4197/1675 4129/4198/1676 4158/4228/1676 4157/4227/1675
f 4129/4198/1676 4130/4199/1677 4159/4229/1677 4158/4228/1676
f 4130/4199/1677 4131/4200/1670 4160/4230/1670 4159/4229/1677
f 4131/4200/1670 4132/4201/1671 4161/4231/1671 4160/4230/1670
f 4132/4201/1671 4133/4202/1672 4162/4232/1672 4161/4231/1671
f 4133/4202/1672 4134/4203/1673 4163/4233/1673 4162/4232/1672
f 4134/4203/1673 4135/4204/1674 4164/4234/1674 4163/4233/1673
f 4135/4204/1674 4136/4205/1675 4165/4235/1675 4164/4234/1674
f 4136/4205/1675 4137/4206/1676 4166/4236/1676 4165/4235/1675
f 4137/4206/1676 4138/4207/1677 4167/4237/1677 4166/4236/1676
f 4138/4207/1677 4139/4208/1670 4168/4238/1670 4167/4237/1677
f 4139/4208/1670 4140/4209/1671 4169/4239/1671 4168/4238/1670
f 4140/4209/1671 4141/4210/1672 4170/4240/1672 4169/4239/1671
f 4141/4210/1672 4142/4211/1673 4171/4241/1673 4170/4240/1672
f 4142/4211/1673 4143/4212/1674 4172/4242/1674 4171/4241/1673
f 4143/4212/1674 4144/4213/1675 4173/4243/1675 4172/4242/1674
f 4144/4213/1675 3975/3985/5 3976/3987/5 4173/4243/1675
f 3023/4215/10 4145/4214/1665 4174/4244/1665 3025/4245/10
f 4145/4214/1665 4146/4216/1665 4175/4246/1665 4174/4244/1665
f 4146/4216/1665 4147/4217/1665 4176/4247/1665 4175/4246/1665
f 4147/4217/1665 4148/4218/1666 4177/4248/1666 4176/4247/1665
f 4148/4218/1666 4149/4219/1667 4178/4249/1667 4177/4248/1666
f 4149/4219/1667 4150/4220/1668 4179/4250/1668 4178/4249/1667
f 4150/4220/1668 4151/4221/1669 4180/4251/1669 4179/4250/1668
f 4151/4221/1669 4152/4222/1670 4181/4252/1670 4180/4251/1669
f 4152/4222/1670 4153/4223/1671 4182/4253/1671 4181/4252/1670
f 4153/4223/1671 4154/4224/1672 4183/4254/1672 4182/4253/1671
f 4154/4224/1672 4155/4225/1673 4184/4255/1673 4183/4254/1672
f 4155/4225/1673 4156/4226/1674 4185/4256/1674 4184/4255/1673
f 4156/4226/1674 4157/4227/1675 4186/4257/1675 4185/4256/1674
f 4157/4227/1675 4158/4228/1676 4187/4258/1676 4186/4257/1675
f 4158/4228/1676 4159/4229/1677 4188/4259/1677 4187/4258/1676
f 4159/4229/1677 4160/4230/1670 4189/4260/1670 4188/4259/1677
f 4160/4230/1670 4161/4231/1671 4190/4261/1671 4189/4260/1670
f 4161/4231/1671 4162/4232/1672 4191/4262/1672 4190/4261/1671
f 4162/4232/1672 4163/4233/1673 4192/4263/1673 4191/4262/1672
f 4163/4233/1673 4164/4234/1674 4193/4264/1674 4192/4263/1673
f 4164/4234/1674 4165/4235/1675 4194/4265/1675 4193/4264/1674
f 4165/4235/1675 4166/4236/1676 4195/4266/1676 4194/4265/1675
f 4166/4236/1676 4167/4237/1677 4196/4267/1677 4195/4266/1676
f 4167/4237/1677 4168/4238/1670 4197/4268/1670 4196/4267/1677
f 4168/4238/1670 4169/4239/1671 4198/4269/1671 4197/4268/1670
f 4169/4239/1671 4170/4240/1672 4199/4270/1672 4198/4269/1671
f 4170/4240/1672 4171/4241/1673 4200/4271/1673 4199/4270/1672
f 4171/4241/1673 4172/4242/1674 4201/4272/1674 4200/4271/1673
f 4172/4242/1674 4173/4243/1675 4202/4273/1675 4201/4272/1674
f 4173/4243/1675 3976/3987/5 3977/3989/5 4202/4273/1675
f 3025/4245/10 4174/4244/1665 4203/4274/1665 3027/4275/10
f 4174/4244/1665 4175/4246/1665 4204/4276/1665 4203/4274/1665
f 4175/4246/1665 4176/4247/1665 4205/4277/1665 4204/4276/1665
f 4176/4247/1665 4177/4248/1666 4206/4278/1666 4205/4277/1665
f 4177/4248/1666 4178/4249/1667 4207/4279/1667 4206/4278/1666
f 4178/4249/1667 4179/4250/1668 4208/4280/1668 4207/4279/1667
f 4179/4250/1668 4180/4251/1669 4209/4281/1669 4208/4280/1668
f 4180/4251/1669 4181/4252/1670 4210/4282/1670 4209/4281/1669
f 4181/4252/1670 4182/4253/1671 4211/4283/1671 4210/4282/1670
f 4182/4253/1671 4183/4254/1672 4212/4284/1672 4211/4283/1671
f 4183/4254/1672 4184/4255/1673 4213/4285/1673 4212/4284/1672
f 4184/4255/1673 4185/4256/1674 4214/4286/1674 4213/4285/1673
f 4185/4256/1674 4186/4257/1675 4215/4287/1675 4214/4286/1674
f 4186/4257/1675 4187/4258/1676 4216/4288/1676 4215/4287/1675
f 4187/4258/1676 4188/4259/1677 4217/4289/1677 4216/4288/1676
f 4188/4259/1677 4189/4260/1670 4218/4290/1670 4217/4289/1677
f 4189/4260/1670 4190/4261/1671 4219/4291/1671 4218/4290/1670
f 4190/4261/1671 4191/4262/1672 4220/4292/1672 4219/4291/1671
f 4191/4262/1672 4192/4263/1673 4221/4293/1673 4220/4292/1672
f 4192/4263/1673 4193/4264/1674 4222/4294/1674 4221/4293/1673
f 4193/4264/1674 4194/4265/1675 4223/4295/1675 4222/4294/1674
f 4194/4265/1675 4195/4266/1676 4224/4296/1676 4223/4295/1675
f 4195/4266/1676 4196/4267/1677 4225/4297/1677 4224/4296/1676
f 4196/4267/1677 4197/4268/1670 4226/4298/1670 4225/4297/1677
f 4197/4268/1670 4198/4269/1671 4227/4299/1671 4226/4298/1670
f 4198/4269/1671 4199/4270/1672 4228/4300/1672 4227/4299/1671
f 4199/4270/1672 4200/4271/1673 4229/4301/1673 4228/4300/1672
f 4200/4271/1673 4201/4272/1674 4230/4302/1674 4229/4301/1673
f 4201/4272/1674 4202/4273/1675 4231/4303/1675 4230/4302/1674
f 4202/4273/1675 3977/3989/5 3978/3991/5 4231/4303/1675
f 3027/4275/10 4203/4274/1665 4232/4304/1665 3029/4305/10
f 4203/4274/1665 4204/4276/1665 4233/4306/1665 4232/4304/1665
f 4204/4276/1665 4205/4277/1665 4234/4307/1665 4233/4306/1665
f 4205/4277/1665 4206/4278/1666 4235/4308/1666 4234/4307/1665
f 4206/4278/1666 4207/4279/1667 4236/4309/1667 4235/4308/1666
f 4207/4279/1667 4208/4280/1668 4237/4310/1668 4236/4309/1667
f 4208/4280/1668 4209/4281/1669 4238/4311/1669 4237/4310/1668
f 4209/4281/1669 4210/4282/1670 4239/4312/1670 4238/4311/1669
f 4210/4282/1670 4211/4283/1671 4240/4313/1671 4239/4312/1670
f 4211/4283/1671 4212/4284/1672 4241/4314/1672 4240/4313/1671
f 4212/4284/1672 4213/4285/1673 4242/4315/1673 4241/4314/1672
f 4213/4285/1673 4214/4286/1674 4243/4316/1674 4242/4315/1673
f 4214/4286/1674 4215/4287/1675 4244/4317/1675 4243/4316/1674
f 4215/4287/1675 4216/4288/1676 4245/4318/1676 4244/4317/1675
f 4216/4288/1676 4217/4289/1677 4246/4319/1677 4245/4318/1676
f 4217/4289/1677 4218/4290/1670 4247/4320/1670 4246/4319/1677
f 4218/4290/1670 4219/4291/1671 4248/4321/1671 4247/4320/1670
f 4219/4291/1671 4220/4292/1672 4249/4322/1672 4248/4321/1671
f 4220/4292/1672 4221/4293/1673 4250/4323/1673 4249/4322/1672
f 4221/4293/1673 4222/4294/1674 4251/4324/1674 4250/4323/1673
f 4222/4294/1674 4223/4295/1675 4252/4325/1675 4251/4324/1674
f 4223/4295/1675 4224/4296/1676 4253/4326/1676 4252/4325/1675
f 4224/4296/1676 4225/4297/1677 4254/4327/1677 4253/4326/1676
f 4225/4297/1677 4226/4298/1670 4255/4328/1670 4254/4327/1677
f 4226/4298/1670 4227/4299/1671 4256/4329/1671 4255/4328/1670
f 4227/4299/1671 4228/4300/1672 4257/4330/1672 4256/4329/1671
f 4228/4300/1672 4229/4301/1673 4258/4331/1673 4257/4330/1672
f 4229/4301/1673 4230/4302/1674 4259/4332/1674 4258/4331/1673
f 4230/4302/1674 4231/4303/1675 4260/4333/1675 4259/4332/1674
f 4231/4303/1675 3978/3991/5 3979/3993/5 4260/4333/1675
f 3029/4305/10 4232/4304/1665 4261/4334/1665 3031/4335/10
f 4232/4304/1665 4233/4306/1665 4262/4336/1665 4261/4334/1665
f 4233/4306/1665 4234/4307/1665 4263/4337/1665 4262/4336/1665
f 4234/4307/1665 4235/4308/1666 4264/4338/1666 4263/4337/1665
f 4235/4308/1666 4236/4309/1667 4265/4339/1667 4264/4338/1666
f 4236/4309/1667 4237/4310/1668 4266/4340/1668 4265/4339/1667
f 4237/4310/1668 4238/4311/1669 4267/4341/1669 4266/4340/1668
f 4238/4311/1669 4239/4312/1670 4268/4342/1670 4267/4341/1669
f 4239/4312/1670 4240/4313/1671 4269/4343/1671 4268/4342/1670
f 4240/4313/1671 4241/4314/1672 4270/4344/1672 4269/4343/1671
f 4241/4314/1672 4242/4315/1673 4271/4345/1673 4270/4344/1672
f 4242/4315/1673 4243/4316/1674 4272/4346/1674 4271/4345/1673
f 4243/4316/1674 4244/4317/1675 4273/4347/1675 4272/4346/1674
f 4244/4317/1675 4245/4318/1676 4274/4348/1676 4273/4347/1675
f 4245/4318/1676 4246/4319/1677 4275/4349/1677 4274/4348/1676
f 4246/4319/1677 4247/4320/1670 4276/4350/1670 4275/4349/1677
f 4247/4320/1670 4248/4321/1671 4277/4351/1671 4276/4350/1670
f 4248/4321/1671 4249/4322/1672 4278/4352/1672 4277/4351/1671
f 4249/4322/1672 4250/4323/1673 4279/4353/1673 4278/4352/1672
f 4250/4323/1673 4251/4324/1674 4280/4354/1674 4279/4353/1673
f 4251/4324/1674 4252/4325/1675 4281/4355/1675 4280/4354/1674
f 4252/4325/1675 4253/4326/1676 4282/4356/1676 4281/4355/1675
f 4253/4326/1676 4254/4327/1677 4283/4357/1677 4282/4356/1676
f 4254/4327/1677 4255/4328/1670 4284/4358/1670 4283/4357/1677
f 4255/4328/1670 4256/4329/1671 4285/4359/1671 4284/4358/1670
f 4256/4329/1671 4257/4330/1672 4286/4360/1672 4285/4359/1671
f 4257/4330/1672 4258/4331/1673 4287/4361/1673 4286/4360/1672
f 4258/4331/1673 4259/4332/1674 4288/4362/1674 4287/4361/1673
f 4259/4332/1674 4260/4333/1675 4289/4363/1675 4288/4362/1674
f 4260/4333/1675 3979/3993/5 3980/3995/5 4289/4363/1675
f 3031/4335/10 4261/4334/1665 4290/4364/1665 3033/4365/10
f 4261/4334/1665 4262/4336/1665 4291/4366/1665 4290/4364/1665
f 4262/4336/1665 4263/4337/1665 4292/4367/1665 4291/4366/1665
f 4263/4337/1665 4264/4338/1666 4293/4368/1666 4292/4367/1665
f 4264/4338/1666 4265/4339/1667 4294/4369/1667 4293/4368/1666
f 4265/4339/1667 4266/4340/1668 4295/4370/1668 4294/4369/1667
f 4266/4340/1668 4267/4341/1669 4296/4371/1669 4295/4370/1668
f 4267/4341/1669 4268/4342/1670 4297/4372/1670 4296/4371/1669
f 4268/4342/1670 4269/4343/1671 4298/4373/1671 4297/4372/1670
f 4269/4343/1671 4270/4344/1672 4299/4374/1672 4298/4373/1671
f 4270/4344/1672 4271/4345/1673 4300/4375/1673 4299/4374/1672
f 4271/4345/1673 4272/4346/1674 4301/4376/1674 4300/4375/1673
f 4272/4346/1674 4273/4347/1675 4302/4377/1675 4301/4376/1674
f 4273/4347/1675 4274/4348/1676 4303/4378/1676 4302/4377/1675
f 4274/4348/1676 4275/4349/1677 4304/4379/1677 4303/4378/1676
f 4275/4349/1677 4276/4350/1670 4305/4380/1670 4304/4379/1677
f 4276/4350/1670 4277/4351/1671 4306/4381/1671 4305/4380/1670
f 4277/4351/1671 4278/4352/1672 4307/4382/1672 4306/4381/1671
f 4278/4352/1672 4279/4353/1673 4308/4383/1673 4307/4382/1672
f 4279/4353/1673 4280/4354/1674 4309/4384/1674 4308/4383/1673
f 4280/4354/1674 4281/4355/1675 4310/4385/1675 4309/4384/1674
f 4281/4355/1675 4282/4356/1676 4311/4386/1676 4310/4385/1675
f 4282/4356/1676 4283/4357/1677 4312/4387/1677 4311/4386/1676
f 4283/4357/1677 4284/4358/1670 4313/4388/1670 4312/4387/1677
f 4284/4358/1670 4285/4359/1671 4314/4389/1671 4313/4388/1670
f 4285/4359/1671 4286/4360/1672 4315/4390/1672 4314/4389/1671
f 4286/4360/1672 4287/4361/1673 4316/4391/1673 4315/4390/1672
f 4287/4361/1673 4288/4362/1674 4317/4392/1674 4316/4391/1673
f 4288/4362/1674 4289/4363/1675 4318/4393/1675 4317/4392/1674
f 4289/4363/1675 3980/3995/5 3981/3997/5 4318/4393/1675
f 3033/4365/10 4290/4364/1665 4319/4394/1665 3035/4395/10
f 4290/4364/1665 4291/4366/1665 4320/4396/1665 4319/4394/1665
f 4291/4366/1665 4292/4367/1665 4321/4397/1665 4320/4396/1665
f 4292/4367/1665 4293/4368/1666 4322/4398/1666 4321/4397/1665
f 4293/4368/1666 4294/4369/1667 4323/4399/1667 4322/4398/1666
f 4294/4369/1667 4295/4370/1668 4324/4400/1668 4323/4399/1667
f 4295/4370/1668 4296/4371/1669 4325/4401/1669 4324/4400/1668
f 4296/4371/1669 4297/4372/1670 4326/4402/1670 4325/4401/1669
f 4297/4372/1670 4298/4373/1671 4327/4403/1671 4326/4402/1670
f 4298/4373/1671 4299/4374/1672 4328/4404/1672 4327/4403/1671
f 4299/4374/1672 4300/4375/1673 4329/4405/1673 4328/4404/1672
f 4300/4375/1673 4301/4376/1674 4330/4406/1674 4329/4405/1673
f 4301/4376/1674 4302/4377/1675 4331/4407/1675 4330/4406/1674
f 4302/4377/1675 4303/4378/1676 4332/4408/1676 4331/4407/1675
f 4303/4378/1676 4304/4379/1677 4333/4409/1677 4332/4408/1676
f 4304/4379/1677 4305/4380/1670 4334/4410/1670 4333/4409/1677
f 4305/4380/1670 4306/4381/1671 4335/4411/1671 4334/4410/1670
f 4306/4381/1671 4307/4382/1672 4336/4412/1672 4335/4411/1671
f 4307/4382/1672 4308/4383/1673 4337/4413/1673 4336/4412/1672
f 4308/4383/1673 4309/4384/1674 4338/4414/1674 4337/4413/1673
f 4309/4384/1674 4310/4385/1675 4339/4415/1675 4338/4414/1674
f 4310/4385/1675 4311/4386/1676 4340/4416/1676 4339/4415/1675
f 4311/4386/1676 4312/4387/1677 4341/4417/1677 4340/4416/1676
f 4312/4387/1677 4313/4388/1670 4342/4418/1670 4341/4417/1677
f 4313/4388/1670 4314/4389/1671 4343/4419/1671 4342/4418/1670
f 4314/4389/1671 4315/4390/1672 4344/4420/1672 4343/4419/1671
f 4315/4390/1672 4316/4391/1673 4345/4421/1673 4344/4420/1672
f 4316/4391/1673 4317/4392/1674 4346/4422/1674 4345/4421/1673
f 4317/4392/1674 4318/4393/1675 4347/4423/1675 4346/4422/1674
f 4318/4393/1675 3981/3997/5 3982/3999/5 4347/4423/1675
f 3035/4395/10 4319/4394/1665 4348/4424/1665 3037/4425/10
f 4319/4394/1665 4320/4396/1665 4349/4426/1665 4348/4424/1665
f 4320/4396/1665 4321/4397/1665 4350/4427/1665 4349/4426/1665
f 4321/4397/1665 4322/4398/1666 4351/4428/1666 4350/4427/1665
f 4322/4398/1666 4323/4399/1667 4352/4429/1667 4351/4428/1666
f 4323/4399/1667 4324/4400/1668 4353/4430/1668 4352/4429/1667
f 4324/4400/1668 4325/4401/1669 4354/4431/1669 4353/4430/1668
f 4325/4401/1669 4326/4402/1670 4355/4432/1670 4354/4431/1669
f 4326/4402/1670 4327/4403/1671 4356/4433/1671 4355/4432/1670
f 4327/4403/1671 4328/4404/1672 4357/4434/1672 4356/4433/1671
f 4328/4404/1672 4329/4405/1673 4358/4435/1673 4357/4434/1672
f 4329/4405/1673 4330/4406/1674 4359/4436/1674 4358/4435/1673
f 4330/4406/1674 4331/4407/1675 4360/4437/1675 4359/4436/1674
f 4331/4407/1675 4332/4408/1676 4361/4438/1676 4360/4437/1675
f 4332/4408/1676 4333/4409/1677 4362/4439/1677 4361/4438/1676
f 4333/4409/1677 4334/4410/1670 4363/4440/1670 4362/4439/1677
f 4334/4410/1670 4335/4411/1671 4364/4441/1671 4363/4440/1670
f 4335/4411/1671 4336/4412/1672 4365/4442/1672 4364/4441/1671
f 4336/4412/1672 4337/4413/1673 4366/4443/1673 4365/4442/1672
f 4337/4413/1673 4338/4414/1674 4367/4444/1674 4366/4443/1673
f 4338/4414/1674 4339/4415/1675 4368/4445/1675 4367/4444/1674
f 4339/4415/1675 4340/4416/1676 4369/4446/1676 4368/4445/1675
f 4340/4416/1676 4341/4417/1677 4370/4447/1677 4369/4446/1676
f 4341/4417/1677 4342/4418/1670 4371/4448/1670 4370/4447/1677
f 4342/4418/1670 4343/4419/1671 4372/4449/1671 4371/4448/1670
f 4343/4419/1671 4344/4420/1672 4373/4450/1672 4372/4449/1671
f 4344/4420/1672 4345/4421/1673 4374/4451/1673 4373/4450/1672
f 4345/4421/1673 4346/4422/1674 4375/4452/1674 4374/4451/1673
f 4346/4422/1674 4347/4423/1675 4376/4453/1675 4375/4452/1674
f 4347/4423/1675 3982/3999/5 3983/4001/5 4376/4453/1675
f 3037/4425/10 4348/4424/1665 4377/4454/1665 3039/4455/10
f 4348/4424/1665 4349/4426/1665 4378/4456/1665 4377/4454/1665
f 4349/4426/1665 4350/4427/1665 4379/4457/1665 4378/4456/1665
f 4350/4427/1665 4351/4428/1666 4380/4458/1666 4379/4457/1665
f 4351/4428/1666 4352/4429/1667 4381/4459/1667 4380/4458/1666
f 4352/4429/1667 4353/4430/1668 4382/4460/1668 4381/4459/1667
f 4353/4430/1668 4354/4431/1669 4383/4461/1669 4382/4460/1668
f 4354/4431/1669 4355/4432/1670 4384/4462/1670 4383/4461/1669
f 4355/4432/1670 4356/4433/1671 4385/4463/1671 4384/4462/1670
f 4356/4433/1671 4357/4434/1672 4386/4464/1672 4385/4463/1671
f 4357/4434/1672 4358/4435/1673 4387/4465/1673 4386/4464/1672
f 4358/4435/1673 4359/4436/1674 4388/4466/1674 4387/4465/1673
f 4359/4436/1674 4360/4437/1675 4389/4467/1675 4388/4466/1674
f 4360/4437/1675 4361/4438/1676 4390/4468/1676 4389/4467/1675
f 4361/4438/1676 4362/4439/1677 4391/4469/1677 4390/4468/1676
f 4362/4439/1677 4363/4440/1670 4392/4470/1670 4391/4469/1677
f 4363/4440/1670 4364/4441/1671 4393/4471/1671 4392/4470/1670
f 4364/4441/1671 4365/4442/1672 4394/4472/1672 4393/4471/1671
f 4365/4442/1672 4366/4443/1673 4395/4473/1673 4394/4472/1672
f 4366/4443/1673 4367/4444/1674 4396/4474/1674 4395/4473/1673
f 4367/4444/1674 4368/4445/1675 4397/4475/1675 4396/4474/1674
f 4368/4445/1675 4369/4446/1676 4398/4476/1676 4397/4475/1675
f 4369/4446/1676 4370/4447/1677 4399/4477/1677 4398/4476/1676
f 4370/4447/1677 4371/4448/1670 4400/4478/1670 4399/4477/1677
f 4371/4448/1670 4372/4449/1671 4401/4479/1671 4400/4478/1670
f 4372/4449/1671 4373/4450/1672 4402/4480/1672 4401/4479/1671
f 4373/4450/1672 4374/4451/1673 4403/4481/1673 4402/4480/1672
f 4374/4451/1673 4375/4452/1674 4404/4482/1674 4403/4481/1673
f 4375/4452/1674 4376/4453/1675 4405/4483/1675 4404/4482/1674
f 4376/4453/1675 3983/4001/5 3984/4003/5 4405/4483/1675
f 3039/4455/10 4377/4454/1665 4406/4484/1665 3041/4485/10
f 4377/4454/1665 4378/4456/1665 4407/4486/1665 4406/4484/1665
f 4378/4456/1665 4379/4457/1665 4408/4487/1665 4407/4486/1665
f 4379/4457/1665 4380/4458/1666 4409/4488/1666 4408/4487/1665
f 4380/4458/1666 4381/4459/1667 4410/4489/1667 4409/4488/1666
f 4381/4459/1667 4382/4460/1668 4411/4490/1668 4410/4489/1667
f 4382/4460/1668 4383/4461/1669 4412/4491/1669 4411/4490/1668
f 4383/4461/1669 4384/4462/1670 4413/4492/1670 4412/4491/1669
f 4384/4462/1670 4385/4463/1671 4414/4493/1671 4413/4492/1670
f 4385/4463/1671 4386/4464/1672 4415/4494/1672 4414/4493/1671
f 4386/4464/1672 4387/4465/1673 4416/4495/1673 4415/4494/1672
f 4387/4465/1673 4388/4466/1674 4417/4496/1674 4416/4495/1673
f 4388/4466/1674 4389/4467/1675 4418/4497/1675 4417/4496/1674
f 4389/4467/1675 4390/4468/1676 4419/4498/1676 4418/4497/1675
f 4390/4468/1676 4391/4469/1677 4420/4499/1677 4419/4498/1676
f 4391/4469/1677 4392/4470/1670 4421/4500/1670 4420/4499/1677
f 4392/4470/1670 4393/4471/1671 4422/4501/1671 4421/4500/1670
f 4393/4471/1671 4394/4472/1672 4423/4502/1672 4422/4501/1671
f 4394/4472/1672 4395/4473/1673 4424/4503/1673 4423/4502/1672
f 4395/4473/1673 4396/4474/1674 4425/4504/1674 4424/4503/1673
f 4396/4474/1674 4397/4475/1675 4426/4505/1675 4425/4504/1674
f 4397/4475/1675 4398/4476/1676 4427/4506/1676 4426/4505/1675
f 4398/4476/1676 4399/4477/1677 4428/4507/1677 4427/4506/1676
f 4399/4477/1677 4400/4478/1670 4429/4508/1670 4428/4507/1677
f 4400/4478/1670 4401/4479/1671 4430/4509/1671 4429/4508/1670
f 4401/4479/1671 4402/4480/1672 4431/4510/1672 4430/4509/1671
f 4402/4480/1672 4403/4481/1673 4432/4511/1673 4431/4510/1672
f 4403/4481/1673 4404/4482/1674 4433/4512/1674 4432/4511/1673
f 4404/4482/1674 4405/4483/1675 4434/4513/1675 4433/4512/1674
f 4405/4483/1675 3984/4003/5 3985/4005/5 4434/4513/1675
f 3041/4485/10 4406/4484/1665 4435/4514/1665 3043/4515/10
f 4406/4484/1665 4407/4486/1665 4436/4516/1665 4435/4514/1665
f 4407/4486/1665 4408/4487/1665 4437/4517/1665 4436/4516/1665
f 4408/4487/1665 4409/4488/1666 4438/4518/1666 4437/4517/1665
f 4409/4488/1666 4410/4489/1667 4439/4519/1667 4438/4518/1666
f 4410/4489/1667 4411/4490/1668 4440/4520/1668 4439/4519/1667
f 4411/4490/1668 4412/4491/1669 4441/4521/1669 4440/4520/1668
f 4412/4491/1669 4413/4492/1670 4442/4522/1670 4441/4521/1669
f 4413/4492/1670 4414/4493/1671 4443/4523/1671 4442/4522/1670
f 4414/4493/1671 4415/4494/1672 4444/4524/1672 4443/4523/1671
f 4415/4494/1672 4416/4495/1673 4445/4525/1673 4444/4524/1672
f 4416/4495/1673 4417/4496/1674 4446/4526/1674 4445/4525/1673
f 4417/4496/1674 4418/4497/1675 4447/4527/1675 4446/4526/1674
f 4418/4497/1675 4419/4498/1676 4448/4528/1676 4447/4527/1675
f 4419/4498/1676 4420/4499/1677 4449/4529/1677 4448/4528/1676
f 4420/4499/1677 4421/4500/1670 4450/4530/1670 4449/4529/1677
f 4421/4500/1670 4422/4501/1671 4451/4531/1671 4450/4530/1670
f 4422/4501/1671 4423/4502/1672 4452/4532/1672 4451/4531/1671
f 4423/4502/1672 4424/4503/1673 4453/4533/1673 4452/4532/1672
f 4424/4503/1673 4425/4504/1674 4454/4534/1674 4453/4533/1673
f 4425/4504/1674 4426/4505/1675 4455/4535/1675 4454/4534/1674
f 4426/4505/1675 4427/4506/1676 4456/4536/1676 4455/4535/1675
f 4427/4506/1676 4428/4507/1677 4457/4537/1677 4456/4536/1676
f 4428/4507/1677 4429/4508/1670 4458/4538/1670 4457/4537/1677
f 4429/4508/1670 4430/4509/1671 4459/4539/1671 4458/4538/1670
f 4430/4509/1671 4431/4510/1672 4460/4540/1672 4459/4539/1671
f 4431/4510/1672 4432/4511/1673 4461/4541/1673 4460/4540/1672
f 4432/4511/1673 4433/4512/1674 4462/4542/1674 4461/4541/1673
f 4433/4512/1674 4434/4513/1675 4463/4543/1675 4462/4542/1674
f 4434/4513/1675 3985/4005/5 3986/4007/5 4463/4543/1675
f 3043/4515/10 4435/4514/1665 4464/4544/1665 3045/4545/10
f 4435/4514/1665 4436/4516/1665 4465/4546/1665 4464/4544/1665
f 4436/4516/1665 4437/4517/1665 4466/4547/1665 4465/4546/1665
f 4437/4517/1665 4438/4518/1666 4467/4548/1666 4466/4547/1665
f 4438/4518/1666 4439/4519/1667 4468/4549/1667 4467/4548/1666
f 4439/4519/1667 4440/4520/1668 4469/4550/1668 4468/4549/1667
f 4440/4520/1668 4441/4521/1669 4470/4551/1669 4469/4550/1668
f 4441/4521/1669 4442/4522/1670 4471/4552/1670 4470/4551/1669
f 4442/4522/1670 4443/4523/1671 4472/4553/1671 4471/4552/1670
f 4443/4523/1671 4444/4524/1672 4473/4554/1672 4472/4553/1671
f 4444/4524/1672 4445/4525/1673 4474/4555/1673 4473/4554/1672
f 4445/4525/1673 4446/4526/1674 4475/4556/1674 4474/4555/1673
f 4446/4526/1674 4447/4527/1675 4476/4557/1675 4475/4556/1674
f 4447/4527/1675 4448/4528/1676 4477/4558/1676 4476/4557/1675
f 4448/4528/1676 4449/4529/1677 4478/4559/1677 4477/4558/1676
f 4449/4529/1677 4450/4530/1670 4479/4560/1670 4478/4559/1677
f 4450/4530/1670 4451/4531/1671 4480/4561/1671 4479/4560/1670
f 4451/4531/1671 4452/4532/1672 4481/4562/1672 4480/4561/1671
f 4452/4532/1672 4453/4533/1673 4482/4563/1673 4481/4562/1672
f 4453/4533/1673 4454/4534/1674 4483/4564/1674 4482/4563/1673
f 4454/4534/1674 4455/4535/1675 4484/4565/1675 4483/4564/1674
f 4455/4535/1675 4456/4536/1676 4485/4566/1676 4484/4565/1675
f 4456/4536/1676 4457/4537/1677 4486/4567/1677 4485/4566/1676
f 4457/4537/1677 4458/4538/1670 4487/4568/1670 4486/4567/1677
f 4458/4538/1670 4459/4539/1671 4488/4569/1671 4487/4568/1670
f 4459/4539/1671 4460/4540/1672 4489/4570/1672 4488/4569/1671
f 4460/4540/1672 4461/4541/1673 4490/4571/1673 4489/4570/1672
f 4461/4541/1673 4462/4542/1674 4491/4572/1674 4490/4571/1673
f 4462/4542/1674 4463/4543/1675 4492/4573/1675 4491/4572/1674
f 4463/4543/1675 3986/4007/5 3987/4009/5 4492/4573/1675
f 3045/4545/10 4464/4544/1665 4493/4574/1665 3047/4575/10
f 4464/4544/1665 4465/4546/1665 4494/4576/1665 4493/4574/1665
f 4465/4546/1665 4466/4547/1665 4495/4577/1665 4494/4576/1665
f 4466/4547/1665 4467/4548/1666 4496/4578/1666 4495/4577/1665
f 4467/4548/1666 4468/4549/1667 4497/4579/1667 4496/4578/1666
f 4468/4549/1667 4469/4550/1668 4498/4580/1668 4497/4579/1667
f 4469/4550/1668 4470/4551/1669 4499/4581/1669 4498/4580/1668
f 4470/4551/1669 4471/4552/1670 4500/4582/1670 4499/4581/1669
f 4471/4552/1670 4472/4553/1671 4501/4583/1671 4500/4582/1670
f 4472/4553/1671 4473/4554/1672 4502/4584/1672 4501/4583/1671
f 4473/4554/1672 4474/4555/1673 4503/4585/1673 4502/4584/1672
f 4474/4555/1673 4475/4556/1674 4504/4586/1674 4503/4585/1673
f 4475/4556/1674 4476/4557/1675 4505/4587/1675 4504/4586/1674
f 4476/4557/1675 4477/4558/1676 4506/4588/1676 4505/4587/1675
f 4477/4558/1676 4478/4559/1677 4507/4589/1677 4506/4588/1676
f 4478/4559/1677 4479/4560/1670 4508/4590/1670 4507/4589/1677
f 4479/4560/1670 4480/4561/1671 4509/4591/1671 4508/4590/1670
f 4480/4561/1671 4481/4562/1672 4510/4592/1672 4509/4591/1671
f 4481/4562/1672 4482/4563/1673 4511/4593/1673 4510/4592/1672
f 4482/4563/1673 4483/4564/1674 4512/4594/1674 4511/4593/1673
f 4483/4564/1674 4484/4565/1675 4513/4595/1675 4512/4594/1674
f 4484/4565/1675 4485/4566/1676 4514/4596/1676 4513/4595/1675
f 4485/4566/1676 4486/4567/1677 4515/4597/1677 4514/4596/1676
f 4486/4567/1677 4487/4568/1670 4516/4598/1670 4515/4597/1677
f 4487/4568/1670 4488/4569/1671 4517/4599/1671 4516/4598/1670
f 4488/4569/1671 4489/4570/1672 4518/4600/1672 4517/4599/1671
f 4489/4570/1672 4490/4571/1673 4519/4601/1673 4518/4600/1672
f 4490/4571/1673 4491/4572/1674 4520/4602/1674 4519/4601/1673
f 4491/4572/1674 4492/4573/1675 4521/4603/1675 4520/4602/1674
f 4492/4573/1675 3987/4009/5 3988/4011/5 4521/4603/1675
f 3047/4575/10 4493/4574/1665 4522/4604/1665 3049/4605/10
f 4493/4574/1665 4494/4576/1665 4523/4606/1665 4522/4604/1665
f 4494/4576/1665 4495/4577/1665 4524/4607/1665 4523/4606/1665
f 4495/4577/1665 4496/4578/1666 4525/4608/1666 4524/4607/1665
f 4496/4578/1666 4497/4579/1667 4526/4609/1667 4525/4608/1666
f 4497/4579/1667 4498/4580/1668 4527/4610/1668 4526/4609/1667
f 4498/4580/1668 4499/4581/1669 4528/4611/1669 4527/4610/1668
f 4499/4581/1669 4500/4582/1670 4529/4612/1670 4528/4611/1669
f 4500/4582/1670 4501/4583/1671 4530/4613/1671 4529/4612/1670
f 4501/4583/1671 4502/4584/1672 4531/4614/1672 4530/4613/1671
f 4502/4584/1672 4503/4585/1673 4532/4615/1673 4531/4614/1672
f 4503/4585/1673 4504/4586/1674 4533/4616/1674 4532/4615/1673
f 4504/4586/1674 4505/4587/1675 4534/4617/1675 4533/4616/1674
f 4505/4587/1675 4506/4588/1676 4535/4618/1676 4534/4617/1675
f 4506/4588/1676 4507/4589/1677 4536/4619/1677 4535/4618/1676
f 4507/4589/1677 4508/4590/1670 4537/4620/1670 4536/4619/1677
f 4508/4590/1670 4509/4591/1671 4538/4621/1671 4537/4620/1670
f 4509/4591/1671 4510/4592/1672 4539/4622/1672 4538/4621/1671
f 4510/4592/1672 4511/4593/1673 4540/4623/1673 4539/4622/1672
f 4511/4593/1673 4512/4594/1674 4541/4624/1674 4540/4623/1673
f 4512/4594/1674 4513/4595/1675 4542/4625/1675 4541/4624/1674
f 4513/4595/1675 4514/4596/1676 4543/4626/1676 4542/4625/1675
f 4514/4596/1676 4515/4597/1677 4544/4627/1677 4543/4626/1676
f 4515/4597/1677 4516/4598/1670 4545/4628/1670 4544/4627/1677
f 4516/4598/1670 4517/4599/1671 4546/4629/1671 4545/4628/1670
f 4517/4599/1671 4518/4600/1672 4547/4630/1672 4546/4629/1671
f 4518/4600/1672 4519/4601/1673 4548/4631/1673 4547/4630/1672
f 4519/4601/1673 4520/4602/1674 4549/4632/1674 4548/4631/1673
f 4520/4602/1674 4521/4603/1675 4550/4633/1675 4549/4632/1674
f 4521/4603/1675 3988/4011/5 3989/4013/5 4550/4633/1675
f 3049/4605/10 4522/4604/1665 4551/4634/1665 3051/4635/10
f 4522/4604/1665 4523/4606/1665 4552/4636/1665 4551/4634/1665
f 4523/4606/1665 4524/4607/1665 4553/4637/1665 4552/4636/1665
f 4524/4607/1665 4525/4608/1666 4554/4638/1666 4553/4637/1665
f 4525/4608/1666 4526/4609/1667 4555/4639/1667 4554/4638/1666
f 4526/4609/1667 4527/4610/1668 4556/4640/1668 4555/4639/1667
f 4527/4610/1668 4528/4611/1669 4557/4641/1669 4556/4640/1668
f 4528/4611/1669 4529/4612/1670 4558/4642/1670 4557/4641/1669
f 4529/4612/1670 4530/4613/1671 4559/4643/1671 4558/4642/1670
f 4530/4613/1671 4531/4614/1672 4560/4644/1672 4559/4643/1671
f 4531/4614/1672 4532/4615/1673 4561/4645/1673 4560/4644/1672
f 4532/4615/1673 4533/4616/1674 4562/4646/1674 4561/4645/1673
f 4533/4616/1674 4534/4617/1675 4563/4647/1675 4562/4646/1674
f 4534/4617/1675 4535/4618/1676 4564/4648/1676 4563/4647/1675
f 4535/4618/1676 4536/4619/1677 4565/4649/1677 4564/4648/1676
f 4536/4619/1677 4537/4620/1670 4566/4650/1670 4565/4649/1677
f 4537/4620/1670 4538/4621/1671 4567/4651/1671 4566/4650/1670
f 4538/4621/1671 4539/4622/1672 4568/4652/1672 4567/4651/1671
f 4539/4622/1672 4540/4623/1673 4569/4653/1673 4568/4652/1672
f 4540/4623/1673 4541/4624/1674 4570/4654/1674 4569/4653/1673
f 4541/4624/1674 4542/4625/1675 4571/4655/1675 4570/4654/1674
f 4542/4625/1675 4543/4626/1676 4572/4656/1676 4571/4655/1675
f 4543/4626/1676 4544/4627/1677 4573/4657/1677 4572/4656/1676
f 4544/4627/1677 4545/4628/1670 4574/4658/1670 4573/4657/1677
f 4545/4628/1670 4546/4629/1671 4575/4659/1671 4574/4658/1670
f 4546/4629/1671 4547/4630/1672 4576/4660/1672 4575/4659/1671
f 4547/4630/1672 4548/4631/1673 4577/4661/1673 4576/4660/1672
f 4548/4631/1673 4549/4632/1674 4578/4662/1674 4577/4661/1673
f 4549/4632/1674 4550/4633/1675 4579/4663/1675 4578/4662/1674
f 4550/4633/1675 3989/4013/5 3990/4015/5 4579/4663/1675
f 3051/4635/10 4551/4634/1665 4580/4664/1665 3053/4665/10
f 4551/4634/1665 4552/4636/1665 4581/4666/1665 4580/4664/1665
f 4552/4636/1665 4553/4637/1665 4582/4667/1665 4581/4666/1665
f 4553/4637/1665 4554/4638/1666 4583/4668/1666 4582/4667/1665
f 4554/4638/1666 4555/4639/1667 4584/4669/1667 4583/4668/1666
f 4555/4639/1667 4556/4640/1668 4585/4670/1668 4584/4669/1667
f 4556/4640/1668 4557/4641/1669 4586/4671/1669 4585/4670/1668
f 4557/4641/1669 4558/4642/1670 4587/4672/1670 4586/4671/1669
f 4558/4642/1670 4559/4643/1671 4588/4673/1671 4587/4672/1670
f 4559/4643/1671 4560/4644/1672 4589/4674/1672 4588/4673/1671
f 4560/4644/1672 4561/4645/1673 4590/4675/1673 4589/4674/1672
f 4561/4645/1673 4562/4646/1674 4591/4676/1674 4590/4675/1673
f 4562/4646/1674 4563/4647/1675 4592/4677/1675 4591/4676/1674
f 4563/4647/1675 4564/4648/1676 4593/4678/1676 4592/4677/1675
f 4564/4648/1676 4565/4649/1677 4594/4679/1677 4593/4678/1676
f 4565/4649/1677 4566/4650/1670 4595/4680/1670 4594/4679/1677
f 4566/4650/1670 4567/4651/1671 4596/4681/1671 4595/4680/1670
f 4567/4651/1671 4568/4652/1672 4597/4682/1672 4596/4681/1671
f 4568/4652/1672 4569/4653/1673 4598/4683/1673 4597/4682/1672
f 4569/4653/1673 4570/4654/1674 4599/4684/1674 4598/4683/1673
f 4570/4654/1674 4571/4655/1675 4600/4685/1675 4599/4684/1674
f 4571/4655/1675 4572/4656/1676 4601/4686/1676 4600/4685/1675
f 4572/4656/1676 4573/4657/1677 4602/4687/1677 4601/4686/1676
f 4573/4657/1677 4574/4658/1670 4603/4688/1670 4602/4687/1677
f 4574/4658/1670 4575/4659/1671 4604/4689/1671 4603/4688/1670
f 4575/4659/1671 4576/4660/1672 4605/4690/1672 4604/4689/1671
f 4576/4660/1672 4577/4661/1673 4606/4691/1673 4605/4690/1672
f 4577/4661/1673 4578/4662/1674 4607/4692/1674 4606/4691/1673
f 4578/4662/1674 4579/4663/1675 4608/4693/1675 4607/4692/1674
f 4579/4663/1675 3990/4015/5 3991/4017/5 4608/4693/1675
f 3053/4665/10 4580/4664/1665 4609/4694/1665 3055/4695/10
f 4580/4664/1665 4581/4666/1665 4610/4696/1665 4609/4694/1665
f 4581/4666/1665 4582/4667/1665 4611/4697/1665 4610/4696/1665
f 4582/4667/1665 4583/4668/1666 4612/4698/1666 4611/4697/1665
f 4583/4668/1666 4584/4669/1667 4613/4699/1667 4612/4698/1666
f 4584/4669/1667 4585/4670/1668 4614/4700/1668 4613/4699/1667
f 4585/4670/1668 4586/4671/1669 4615/4701/1669 4614/4700/1668
f 4586/4671/1669 4587/4672/1670 4616/4702/1670 4615/4701/1669
f 4587/4672/1670 4588/4673/1671 4617/4703/1671 4616/4702/1670
f 4588/4673/1671 4589/4674/1672 4618/4704/1672 4617/4703/1671
f 4589/4674/1672 4590/4675/1673 4619/4705/1673 4618/4704/1672
f 4590/4675/1673 4591/4676/1674 4620/4706/1674 4619/4705/1673
f 4591/4676/1674 4592/4677/1675 4621/4707/1675 4620/4706/1674
f 4592/4677/1675 4593/4678/1676 4622/4708/1676 4621/4707/1675
f 4593/4678/1676 4594/4679/1677 4623/4709/1677 4622/4708/1676
f 4594/4679/1677 4595/4680/1670 4624/4710/1670 4623/4709/1677
f 4595/4680/1670 4596/4681/1671 4625/4711/1671 4624/4710/1670
f 4596/4681/1671 4597/4682/1672 4626/4712/1672 4625/4711/1671
f 4597/4682/1672 4598/4683/1673 4627/4713/1673 4626/4712/1672
f 4598/4683/1673 4599/4684/1674 4628/4714/1674 4627/4713/1673
f 4599/4684/1674 4600/4685/1675 4629/4715/1675 4628/4714/1674
f 4600/4685/1675 4601/4686/1676 4630/4716/1676 4629/4715/1675
f 4601/4686/1676 4602/4687/1677 4631/4717/1677 4630/4716/1676
f 4602/4687/1677 4603/4688/1670 4632/4718/1670 4631/4717/1677
f 4603/4688/1670 4604/4689/1671 4633/4719/1671 4632/4718/1670
f 4604/4689/1671 4605/4690/1672 4634/4720/1672 4633/4719/1671
f 4605/4690/1672 4606/4691/1673 4635/4721/1673 4634/4720/1672
f 4606/4691/1673 4607/4692/1674 4636/4722/1674 4635/4721/1673
f 4607/4692/1674 4608/4693/1675 4637/4723/1675 4636/4722/1674
f 4608/4693/1675 3991/4017/5 3992/4019/5 4637/4723/1675
f 3055/4695/10 4609/4694/1665 4638/4724/1665 3057/4725/10
f 4609/4694/1665 4610/4696/1665 4639/4726/1665 4638/4724/1665
f 4610/4696/1665 4611/4697/1665 4640/4727/1665 4639/4726/1665
f 4611/4697/1665 4612/4698/1666 4641/4728/1666 4640/4727/1665
f 4612/4698/1666 4613/4699/1667 4642/4729/1667 4641/4728/1666
f 4613/4699/1667 4614/4700/1668 4643/4730/1668 4642/4729/1667
f 4614/4700/1668 4615/4701/1669 4644/4731/1669 4643/4730/1668
f 4615/4701/1669 4616/4702/1670 4645/4732/1670 4644/4731/1669
f 4616/4702/1670 4617/4703/1671 4646/4733/1671 4645/4732/1670
f 4617/4703/1671 4618/4704/1672 4647/4734/1672 4646/4733/1671
f 4618/4704/1672 4619/4705/1673 4648/4735/1673 4647/4734/1672
f 4619/4705/1673 4620/4706/1674 4649/4736/1674 4648/4735/1673
f 4620/4706/1674 4621/4707/1675 4650/4737/1675 4649/4736/1674
f 4621/4707/1675 4622/4708/1676 4651/4738/1676 4650/4737/1675
f 4622/4708/1676 4623/4709/1677 4652/4739/1677 4651/4738/1676
f 4623/4709/1677 4624/4710/1670 4653/4740/1670 4652/4739/1677
f 4624/4710/1670 4625/4711/1671 4654/4741/1671 4653/4740/1670
f 4625/4711/1671 4626/4712/1672 4655/4742/1672 4654/4741/1671
f 4626/4712/1672 4627/4713/1673 4656/4743/1673 4655/4742/1672
f 4627/4713/1673 4628/4714/1674 4657/4744/1674 4656/4743/1673
f 4628/4714/1674 4629/4715/1675 4658/4745/1675 4657/4744/1674
f 4629/4715/1675 4630/4716/1676 4659/4746/1676 4658/4745/1675
f 4630/4716/1676 4631/4717/1677 4660/4747/1677 4659/4746/1676
f 4631/4717/1677 4632/4718/1670 4661/4748/1670 4660/4747/1677
f 4632/4718/1670 4633/4719/1671 4662/4749/1671 4661/4748/1670
f 4633/4719/1671 4634/4720/1672 4663/4750/1672 4662/4749/1671
f 4634/4720/1672 4635/4721/1673 4664/4751/1673 4663/4750/1672
f 4635/4721/1673 4636/4722/1674 4665/4752/1674 4664/4751/1673
f 4636/4722/1674 4637/4723/1675 4666/4753/1675 4665/4752/1674
f 4637/4723/1675 3992/4019/5 3993/4021/5 4666/4753/1675
f 3057/4725/10 4638/4724/1665 4667/4754/1665 3059/4755/10
f 4638/4724/1665 4639/4726/1665 4668/4756/1665 4667/4754/1665
f 4639/4726/1665 4640/4727/1665 4669/4757/1665 4668/4756/1665
f 4640/4727/1665 4641/4728/1666 4670/4758/1666 4669/4757/1665
f 4641/4728/1666 4642/4729/1667 4671/4759/1678 4670/4758/1666
f 4642/4729/1667 4643/4730/1668 4672/4760/1668 4671/4759/1678
f 4643/4730/1668 4644/4731/1669 4673/4761/1669 4672/4760/1668
f 4644/4731/1669 4645/4732/1670 4674/4762/1670 4673/4761/1669
f 4645/4732/1670 4646/4733/1671 4675/4763/1671 4674/4762/1670
f 4646/4733/1671 4647/4734/1672 4676/4764/1672 4675/4763/1671
f 4647/4734/1672 4648/4735/1673 4677/4765/1673 4676/4764/1672
f 4648/4735/1673 4649/4736/1674 4678/4766/1674 4677/4765/1673
f 4649/4736/1674 4650/4737/1675 4679/4767/1675 4678/4766/1674
f 4650/4737/1675 4651/4738/1676 4680/4768/1676 4679/4767/1675
f 4651/4738/1676 4652/4739/1677 4681/4769/1677 4680/4768/1676
f 4652/4739/1677 4653/4740/1670 4682/4770/1670 4681/4769/1677
f 4653/4740/1670 4654/4741/1671 4683/4771/1671 4682/4770/1670
f 4654/4741/1671 4655/4742/1672 4684/4772/1672 4683/4771/1671
f 4655/4742/1672 4656/4743/1673 4685/4773/1673 4684/4772/1672
f 4656/4743/1673 4657/4744/1674 4686/4774/1674 4685/4773/1673
f 4657/4744/1674 4658/4745/1675 4687/4775/1675 4686/4774/1674
f 4658/4745/1675 4659/4746/1676 4688/4776/1676 4687/4775/1675
f 4659/4746/1676 4660/4747/1677 4689/4777/1677 4688/4776/1676
f 4660/4747/1677 4661/4748/1670 4690/4778/1670 4689/4777/1677
f 4661/4748/1670 4662/4749/1671 4691/4779/1671 4690/4778/1670
f 4662/4749/1671 4663/4750/1672 4692/4780/1672 4691/4779/1671
f 4663/4750/1672 4664/4751/1673 4693/4781/1673 4692/4780/1672
f 4664/4751/1673 4665/4752/1674 4694/4782/1674 4693/4781/1673
f 4665/4752/1674 4666/4753/1675 4695/4783/1675 4694/4782/1674
f 4666/4753/1675 3993/4021/5 3994/4023/5 4695/4783/1675
f 3059/4755/10 4667/4754/1665 4696/4784/1665 3061/4785/10
f 4667/4754/1665 4668/4756/1665 4697/4786/1665 4696/4784/1665
f 4668/4756/1665 4669/4757/1665 4698/4787/1665 4697/4786/1665
f 4669/4757/1665 4670/4758/1666 4699/4788/1666 4698/4787/1665
f 4670/4758/1666 4671/4759/1678 4700/4789/1667 4699/4788/1666
f 4671/4759/1678 4672/4760/1668 4701/4790/1668 4700/4789/1667
f 4672/4760/1668 4673/4761/1669 4702/4791/1669 4701/4790/1668
f 4673/4761/1669 4674/4762/1670 4703/4792/1670 4702/4791/1669
f 4674/4762/1670 4675/4763/1671 4704/4793/1671 4703/4792/1670
f 4675/4763/1671 4676/4764/1672 4705/4794/1672 4704/4793/1671
f 4676/4764/1672 4677/4765/1673 4706/4795/1673 4705/4794/1672
f 4677/4765/1673 4678/4766/1674 4707/4796/1674 4706/4795/1673
f 4678/4766/1674 4679/4767/1675 4708/4797/1675 4707/4796/1674
f 4679/4767/1675 4680/4768/1676 4709/4798/1676 4708/4797/1675
f 4680/4768/1676 4681/4769/1677 4710/4799/1677 4709/4798/1676
f 4681/4769/1677 4682/4770/1670 4711/4800/1670 4710/4799/1677
f 4682/4770/1670 4683/4771/1671 4712/4801/1671 4711/4800/1670
f 4683/4771/1671 4684/4772/1672 4713/4802/1672 4712/4801/1671
f 4684/4772/1672 4685/4773/1673 4714/4803/1673 4713/4802/1672
f 4685/4773/1673 4686/4774/1674 4715/4804/1674 4714/4803/1673
f 4686/4774/1674 4687/4775/1675 4716/4805/1675 4715/4804/1674
f 4687/4775/1675 4688/4776/1676 4717/4806/1676 4716/4805/1675
f 4688/4776/1676 4689/4777/1677 4718/4807/1677 4717/4806/1676
f 4689/4777/1677 4690/4778/1670 4719/4808/1670 4718/4807/1677
f 4690/4778/1670 4691/4779/1671 4720/4809/1671 4719/4808/1670
f 4691/4779/1671 4692/4780/1672 4721/4810/1672 4720/4809/1671
f 4692/4780/1672 4693/4781/1673 4722/4811/1673 4721/4810/1672
f 4693/4781/1673 4694/4782/1674 4723/4812/1674 4722/4811/1673
f 4694/4782/1674 4695/4783/1675 4724/4813/1675 4723/4812/1674
f 4695/4783/1675 3994/4023/5 3995/4025/5 4724/4813/1675
f 3061/4785/10 4696/4784/1665 4725/4814/1665 3063/4815/10
f 4696/4784/1665 4697/4786/1665 4726/4816/1665 4725/4814/1665
f 4697/4786/1665 4698/4787/1665 4727/4817/1665 4726/4816/1665
f 4698/4787/1665 4699/4788/1666 4728/4818/1666 4727/4817/1665
f 4699/4788/1666 4700/4789/1667 4729/4819/1667 4728/4818/1666
f 4700/4789/1667 4701/4790/1668 4730/4820/1668 4729/4819/1667
f 4701/4790/1668 4702/4791/1669 4731/4821/1669 4730/4820/1668
f 4702/4791/1669 4703/4792/1670 4732/4822/1670 4731/4821/1669
f 4703/4792/1670 4704/4793/1671 4733/4823/1671 4732/4822/1670
f 4704/4793/1671 4705/4794/1672 4734/4824/1672 4733/4823/1671
f 4705/4794/1672 4706/4795/1673 4735/4825/1673 4734/4824/1672
f 4706/4795/1673 4707/4796/1674 4736/4826/1674 4735/4825/1673
f 4707/4796/1674 4708/4797/1675 4737/4827/1675 4736/4826/1674
f 4708/4797/1675 4709/4798/1676 4738/4828/1676 4737/4827/1675
f 4709/4798/1676 4710/4799/1677 4739/4829/1677 4738/4828/1676
f 4710/4799/1677 4711/4800/1670 4740/4830/1670 4739/4829/1677
f 4711/4800/1670 4712/4801/1671 4741/4831/1671 4740/4830/1670
f 4712/4801/1671 4713/4802/1672 4742/4832/1672 4741/4831/1671
f 4713/4802/1672 4714/4803/1673 4743/4833/1673 4742/4832/1672
f 4714/4803/1673 4715/4804/1674 4744/4834/1674 4743/4833/1673
f 4715/4804/1674 4716/4805/1675 4745/4835/1675 4744/4834/1674
f 4716/4805/1675 4717/4806/1676 4746/4836/1676 4745/4835/1675
f 4717/4806/1676 4718/4807/1677 4747/4837/1677 4746/4836/1676
f 4718/4807/1677 4719/4808/1670 4748/4838/1670 4747/4837/1677
f 4719/4808/1670 4720/4809/1671 4749/4839/1671 4748/4838/1670
f 4720/4809/1671 4721/4810/1672 4750/4840/1672 4749/4839/1671
f 4721/4810/1672 4722/4811/1673 4751/4841/1673 4750/4840/1672
f 4722/4811/1673 4723/4812/1674 4752/4842/1674 4751/4841/1673
f 4723/4812/1674 4724/4813/1675 4753/4843/1675 4752/4842/1674
f 4724/4813/1675 3995/4025/5 3996/4027/5 4753/4843/1675
f 3063/4815/10 4725/4814/1665 4754/4844/1665 3065/4845/10
f 4725/4814/1665 4726/4816/1665 4755/4846/1665 4754/4844/1665
f 4726/4816/1665 4727/4817/1665 4756/4847/1665 4755/4846/1665
f 4727/4817/1665 4728/4818/1666 4757/4848/1666 4756/4847/1665
f 4728/4818/1666 4729/4819/1667 4758/4849/1667 4757/4848/1666
f 4729/4819/1667 4730/4820/1668 4759/4850/1668 4758/4849/1667
f 4730/4820/1668 4731/4821/1669 4760/4851/1669 4759/4850/1668
f 4731/4821/1669 4732/4822/1670 4761/4852/1670 4760/4851/1669
f 4732/4822/1670 4733/4823/1671 4762/4853/1671 4761/4852/1670
f 4733/4823/1671 4734/4824/1672 4763/4854/1672 4762/4853/1671
f 4734/4824/1672 4735/4825/1673 4764/4855/1673 4763/4854/1672
f 4735/4825/1673 4736/4826/1674 4765/4856/1674 4764/4855/1673
f 4736/4826/1674 4737/4827/1675 4766/4857/1675 4765/4856/1674
f 4737/4827/1675 4738/4828/1676 4767/4858/1676 4766/4857/1675
f 4738/4828/1676 4739/4829/1677 4768/4859/1677 4767/4858/1676
f 4739/4829/1677 4740/4830/1670 4769/4860/1670 4768/4859/1677
f 4740/4830/1670 4741/4831/1671 4770/4861/1671 4769/4860/1670
f 4741/4831/1671 4742/4832/1672 4771/4862/1672 4770/4861/1671
f 4742/4832/1672 4743/4833/1673 4772/4863/1673 4771/4862/1672
f 4743/4833/1673 4744/4834/1674 4773/4864/1674 4772/4863/1673
f 4744/4834/1674 4745/4835/1675 4774/4865/1675 4773/4864/1674
f 4745/4835/1675 4746/4836/1676 4775/4866/1676 4774/4865/1675
f 4746/4836/1676 4747/4837/1677 4776/4867/1677 4775/4866/1676
f 4747/4837/1677 4748/4838/1670 4777/4868/1670 4776/4867/1677
f 4748/4838/1670 4749/4839/1671 4778/4869/1671 4777/4868/1670
f 4749/4839/1671 4750/4840/1672 4779/4870/1672 4778/4869/1671
f 4750/4840/1672 4751/4841/1673 4780/4871/1673 4779/4870/1672
f 4751/4841/1673 4752/4842/1674 4781/4872/1674 4780/4871/1673
f 4752/4842/1674 4753/4843/1675 4782/4873/1675 4781/4872/1674
f 4753/4843/1675 3996/4027/5 3997/4029/5 4782/4873/1675
f 3065/4845/10 4754/4844/1665 4783/4874/1665 3067/4875/10
f 4754/4844/1665 4755/4846/1665 4784/4876/1665 4783/4874/1665
f 4755/4846/1665 4756/4847/1665 4785/4877/1665 4784/4876/1665
f 4756/4847/1665 4757/4848/1666 4786/4878/1666 4785/4877/1665
f 4757/4848/1666 4758/4849/1667 4787/4879/1667 4786/4878/1666
f 4758/4849/1667 4759/4850/1668 4788/4880/1668 4787/4879/1667
f 4759/4850/1668 4760/4851/1669 4789/4881/1669 4788/4880/1668
f 4760/4851/1669 4761/4852/1670 4790/4882/1670 4789/4881/1669
f 4761/4852/1670 4762/4853/1671 4791/4883/1671 4790/4882/1670
f 4762/4853/1671 4763/4854/1672 4792/4884/1672 4791/4883/1671
f 4763/4854/1672 4764/4855/1673 4793/4885/1673 4792/4884/1672
f 4764/4855/1673 4765/4856/1674 4794/4886/1674 4793/4885/1673
f 4765/4856/1674 4766/4857/1675 4795/4887/1675 4794/4886/1674
f 4766/4857/1675 4767/4858/1676 4796/4888/1676 4795/4887/1675
f 4767/4858/1676 4768/4859/1677 4797/4889/1677 4796/4888/1676
f 4768/4859/1677 4769/4860/1670 4798/4890/1670 4797/4889/1677
f 4769/4860/1670 4770/4861/1671 4799/4891/1671 4798/4890/1670
f 4770/4861/1671 4771/4862/1672 4800/4892/1672 4799/4891/1671
f 4771/4862/1672 4772/4863/1673 4801/4893/1673 4800/4892/1672
f 4772/4863/1673 4773/4864/1674 4802/4894/1674 4801/4893/1673
f 4773/4864/1674 4774/4865/1675 4803/4895/1675 4802/4894/1674
f 4774/4865/1675 4775/4866/1676 4804/4896/1676 4803/4895/1675
f 4775/4866/1676 4776/4867/1677 4805/4897/1677 4804/4896/1676
f 4776/4867/1677 4777/4868/1670 4806/4898/1670 4805/4897/1677
f 4777/4868/1670 4778/4869/1671 4807/4899/1671 4806/4898/1670
f 4778/4869/1671 4779/4870/1672 4808/4900/1672 4807/4899/1671
f 4779/4870/1672 4780/4871/1673 4809/4901/1673 4808/4900/1672
f 4780/4871/1673 4781/4872/1674 4810/4902/1674 4809/4901/1673
f 4781/4872/1674 4782/4873/1675 4811/4903/1675 4810/4902/1674
f 4782/4873/1675 3997/4029/5 3998/4031/5 4811/4903/1675
f 3067/4875/10 4783/4874/1665 4812/4904/1665 3069/4905/10
f 4783/4874/1665 4784/4876/1665 4813/4906/1665 4812/4904/1665
f 4784/4876/1665 4785/4877/1665 4814/4907/1665 4813/4906/1665
f 4785/4877/1665 4786/4878/1666 4815/4908/1666 4814/4907/1665
f 4786/4878/1666 4787/4879/1667 4816/4909/1667 4815/4908/1666
f 4787/4879/1667 4788/4880/1668 4817/4910/1668 4816/4909/1667
f 4788/4880/1668 4789/4881/1669 4818/4911/1669 4817/4910/1668
f 4789/4881/1669 4790/4882/1670 4819/4912/1670 4818/4911/1669
f 4790/4882/1670 4791/4883/1671 4820/4913/1671 4819/4912/1670
f 4791/4883/1671 4792/4884/1672 4821/4914/1672 4820/4913/1671
f 4792/4884/1672 4793/4885/1673 4822/4915/1673 4821/4914/1672
f 4793/4885/1673 4794/4886/1674 4823/4916/1674 4822/4915/1673
f 4794/4886/1674 4795/4887/1675 4824/4917/1675 4823/4916/1674
f 4795/4887/1675 4796/4888/1676 4825/4918/1676 4824/4917/1675
f 4796/4888/1676 4797/4889/1677 4826/4919/1677 4825/4918/1676
f 4797/4889/1677 4798/4890/1670 4827/4920/1670 4826/4919/1677
f 4798/4890/1670 4799/4891/1671 4828/4921/1671 4827/4920/1670
f 4799/4891/1671 4800/4892/1672 4829/4922/1672 4828/4921/1671
f 4800/4892/1672 4801/4893/1673 4830/4923/1673 4829/4922/1672
f 4801/4893/1673 4802/4894/1674 4831/4924/1674 4830/4923/1673
f 4802/4894/1674 4803/4895/1675 4832/4925/1675 4831/4924/1674
f 4803/4895/1675 4804/4896/1676 4833/4926/1676 4832/4925/1675
f 4804/4896/1676 4805/4897/1677 4834/4927/1677 4833/4926/1676
f 4805/4897/1677 4806/4898/1670 4835/4928/1670 4834/4927/1677
f 4806/4898/1670 4807/4899/1671 4836/4929/1671 4835/4928/1670
f 4807/4899/1671 4808/4900/1672 4837/4930/1672 4836/4929/1671
f 4808/4900/1672 4809/4901/1673 4838/4931/1673 4837/4930/1672
f 4809/4901/1673 4810/4902/1674 4839/4932/1674 4838/4931/1673
f 4810/4902/1674 4811/4903/1675 4840/4933/1675 4839/4932/1674
f 4811/4903/1675 3998/4031/5 3999/4033/5 4840/4933/1675
f 3069/4905/10 4812/4904/1665 4841/4934/1665 10/4935/10
f 4812/4904/1665 4813/4906/1665 4842/4936/1665 4841/4934/1665
f 4813/4906/1665 4814/4907/1665 4843/4937/1665 4842/4936/1665
f 4814/4907/1665 4815/4908/1666 4844/4938/1666 4843/4937/1665
f 4815/4908/1666 4816/4909/1667 4845/4939/1667 4844/4938/1666
f 4816/4909/1667 4817/4910/1668 4846/4940/1668 4845/4939/1667
f 4817/4910/1668 4818/4911/1669 4847/4941/1669 4846/4940/1668
f 4818/4911/1669 4819/4912/1670 4848/4942/1670 4847/4941/1669
f 4819/4912/1670 4820/4913/1671 4849/4943/1671 4848/4942/1670
f 4820/4913/1671 4821/4914/1672 4850/4944/1672 4849/4943/1671
f 4821/4914/1672 4822/4915/1673 4851/4945/1673 4850/4944/1672
f 4822/4915/1673 4823/4916/1674 4852/4946/1674 4851/4945/1673
f 4823/4916/1674 4824/4917/1675 4853/4947/1675 4852/4946/1674
f 4824/4917/1675 4825/4918/1676 4854/4948/1676 4853/4947/1675
f 4825/4918/1676 4826/4919/1677 4855/4949/1677 4854/4948/1676
f 4826/4919/1677 4827/4920/1670 4856/4950/1670 4855/4949/1677
f 4827/4920/1670 4828/4921/1671 4857/4951/1671 4856/4950/1670
f 4828/4921/1671 4829/4922/1672 4858/4952/1672 4857/4951/1671
f 4829/4922/1672 4830/4923/1673 4859/4953/1673 4858/4952/1672
f 4830/4923/1673 4831/4924/1674 4860/4954/1674 4859/4953/1673
f 4831/4924/1674 4832/4925/1675 4861/4955/1675 4860/4954/1674
f 4832/4925/1675 4833/4926/1676 4862/4956/1676 4861/4955/1675
f 4833/4926/1676 4834/4927/1677 4863/4957/1677 4862/4956/1676
f 4834/4927/1677 4835/4928/1670 4864/4958/1670 4863/4957/1677
f 4835/4928/1670 4836/4929/1671 4865/4959/1671 4864/4958/1670
f 4836/4929/1671 4837/4930/1672 4866/4960/1672 4865/4959/1671
f 4837/4930/1672 4838/4931/1673 4867/4961/1673 4866/4960/1672
f 4838/4931/1673 4839/4932/1674 4868/4962/1674 4867/4961/1673
f 4839/4932/1674 4840/4933/1675 4869/4963/1675 4868/4962/1674
f 4840/4933/1675 3999/4033/5 5/5/5 4869/4963/1675
f 10/4935/10 4841/4934/1665 23/4964/22 11/4965/11
f 4841/4934/1665 4842/4936/1665 25/4966/24 23/4964/22
f 4842/4936/1665 4843/4937/1665 27/4967/26 25/4966/24
f 4843/4937/1665 4844/4938/1666 29/4968/28 27/4967/26
f 4844/4938/1666 4845/4939/1667 31/4969/30 29/4968/28
f 4845/4939/1667 4846/4940/1668 33/4970/32 31/4969/30
f 4846/4940/1668 4847/4941/1669 35/4971/34 33/4970/32
f 4847/4941/1669 4848/4942/1670 37/4972/36 35/4971/34
f 4848/4942/1670 4849/4943/1671 39/4973/38 37/4972/36
f 4849/4943/1671 4850/4944/1672 41/4974/40 39/4973/38
f 4850/4944/1672 4851/4945/1673 43/4975/42 41/4974/40
f 4851/4945/1673 4852/4946/1674 45/4976/44 43/4975/42
f 4852/4946/1674 4853/4947/1675 47/4977/46 45/4976/44
f 4853/4947/1675 4854/4948/1676 49/4978/48 47/4977/46
f 4854/4948/1676 4855/4949/1677 51/4979/50 49/4978/48
f 4855/4949/1677 4856/4950/1670 53/4980/52 51/4979/50
f 4856/4950/1670 4857/4951/1671 55/4981/54 53/4980/52
f 4857/4951/1671 4858/4952/1672 57/4982/56 55/4981/54
f 4858/4952/1672 4859/4953/1673 59/4983/58 57/4982/56
f 4859/4953/1673 4860/4954/1674 61/4984/60 59/4983/58
f 4860/4954/1674 4861/4955/1675 63/4985/62 61/4984/60
f 4861/4955/1675 4862/4956/1676 65/4986/64 63/4985/62
f 4862/4956/1676 4863/4957/1677 67/4987/66 65/4986/64
f 4863/4957/1677 4864/4958/1670 69/4988/68 67/4987/66
f 4864/4958/1670 4865/4959/1671 71/4989/70 69/4988/68
f 4865/4959/1671 4866/4960/1672 73/4990/72 71/4989/70
f 4866/4960/1672 4867/4961/1673 75/4991/74 73/4990/72
f 4867/4961/1673 4868/4962/1674 77/4992/76 75/4991/74
f 4868/4962/1674 4869/4963/1675 79/4993/78 77/4992/76
f 4869/4963/1675 5/5/5 8/8/8 79/4993/78
f 3942/3945/1664 81/83/80 84/86/83 4870/4994/1679
f 4870/4994/1679 84/86/83 142/144/136 4871/4995/1679
f 4871/4995/1679 142/144/136 172/174/159 4872/4996/1679
f 4872/4996/1679 172/174/159 202/204/182 4873/4997/1680
f 4873/4997/1680 202/204/182 232/234/209 4874/4998/1681
f 4874/4998/1681 232/234/209 262/264/235 4875/4999/1682
f 4875/4999/1682 262/264/235 292/294/263 4876/5000/1683
f 4876/5000/1683 292/294/263 322/324/291 4877/5001/1684
f 4877/5001/1684 322/324/291 352/354/319 4878/5002/1685
f 4878/5002/1685 352/354/319 382/384/348 4879/5003/1686
f 4879/5003/1686 382/384/348 412/414/372 4880/5004/1687
f 4880/5004/1687 412/414/372 442/444/397 4881/5005/1688
f 4881/5005/1688 442/444/397 472/474/425 4882/5006/1689
f 4882/5006/1689 472/474/425 502/504/452 4883/5007/1690
f 4883/5007/1690 502/504/452 532/534/479 4884/5008/1691
f 4884/5008/1691 532/534/479 562/564/504 4885/5009/1684
f 4885/5009/1684 562/564/504 592/594/530 4886/5010/1685
f 4886/5010/1685 592/594/530 622/624/557 4887/5011/1686
f 4887/5011/1686 622/624/557 652/654/579 4888/5012/1687
f 4888/5012/1687 652/654/579 682/684/604 4889/5013/1688
f 4889/5013/1688 682/684/604 712/714/630 4890/5014/1689
f 4890/5014/1689 712/714/630 742/744/657 4891/5015/1690
f 4891/5015/1690 742/744/657 772/774/683 4892/5016/1691
f 4892/5016/1691 772/774/683 802/804/712 4893/5017/1684
f 4893/5017/1684 802/804/712 832/834/739 4894/5018/1685
f 4894/5018/1685 832/834/739 862/864/764 4895/5019/1686
f 4895/5019/1686 862/864/764 892/894/789 4896/5020/1687
f 4896/5020/1687 892/894/789 922/924/815 4897/5021/1688
f 4897/5021/1688 922/924/815 952/954/842 4898/5022/1689
f 4898/5022/1689 952/954/842 2/2/2 1/1/1
f 2984/2987/1663 3072/3075/1664 4899/5023/1679 2954/2957/1662
f 3072/3075/1664 3102/3105/1664 4900/5024/1679 4899/5023/1679
f 3102/3105/1664 3132/3135/1664 4901/5025/1679 4900/5024/1679
f 3132/3135/1664 3162/3165/1664 4902/5026/1679 4901/5025/1679
f 3162/3165/1664 3192/3195/1664 4903/5027/1679 4902/5026/1679
f 3192/3195/1664 3222/3225/1664 4904/5028/1679 4903/5027/1679
f 3222/3225/1664 3252/3255/1664 4905/5029/1679 4904/5028/1679
f 3252/3255/1664 3282/3285/1664 4906/5030/1679 4905/5029/1679
f 3282/3285/1664 3312/3315/1664 4907/5031/1679 4906/5030/1679
f 3312/3315/1664 3342/3345/1664 4908/5032/1679 4907/5031/1679
f 3342/3345/1664 3372/3375/1664 4909/5033/1679 4908/5032/1679
f 3372/3375/1664 3402/3405/1664 4910/5034/1679 4909/5033/1679
f 3402/3405/1664 3432/3435/1664 4911/5035/1679 4910/5034/1679
f 3432/3435/1664 3462/3465/1664 4912/5036/1679 4911/5035/1679
f 3462/3465/1664 3492/3495/1664 4913/5037/1679 4912/5036/1679
f 3492/3495/1664 3522/3525/1664 4914/5038/1679 4913/5037/1679
f 3522/3525/1664 3552/3555/1664 4915/5039/1679 4914/5038/1679
f 3552/3555/1664 3582/3585/1664 4916/5040/1679 4915/5039/1679
f 3582/3585/1664 3612/3615/1664 4917/5041/1679 4916/5040/1679
f 3612/3615/1664 3642/3645/1664 4918/5042/1679 4917/5041/1679
f 3642/3645/1664 3672/3675/1664 4919/5043/1679 4918/5042/1679
f 3672/3675/1664 3702/3705/1664 4920/5044/1679 4919/5043/1679
f 3702/3705/1664 3732/3735/1664 4921/5045/1679 4920/5044/1679
f 3732/3735/1664 3762/3765/1664 4922/5046/1679 4921/5045/1679
f 3762/3765/1664 3792/3795/1664 4923/5047/1679 4922/5046/1679
f 3792/3795/1664 3822/3825/1664 4924/5048/1679 4923/5047/1679
f 3822/3825/1664 3852/3855/1664 4925/5049/1679 4924/5048/1679
f 3852/3855/1664 3882/3885/1664 4926/5050/1679 4925/5049/1679
f 3882/3885/1664 3912/3915/1664 4927/5051/1679 4926/5050/1679
f 3912/3915/1664 3942/3945/1664 4870/4994/1679 4927/5051/1679
f 2954/2957/1662 4899/5023/1679 4928/5052/1679 2924/2927/1660
f 4899/5023/1679 4900/5024/1679 4929/5053/1679 4928/5052/1679
f 4900/5024/1679 4901/5025/1679 4930/5054/1679 4929/5053/1679
f 4901/5025/1679 4902/5026/1679 4931/5055/1679 4930/5054/1679
f 4902/5026/1679 4903/5027/1679 4932/5056/1679 4931/5055/1679
f 4903/5027/1679 4904/5028/1679 4933/5057/1679 4932/5056/1679
f 4904/5028/1679 4905/5029/1679 4934/5058/1679 4933/5057/1679
f 4905/5029/1679 4906/5030/1679 4935/5059/1679 4934/5058/1679
f 4906/5030/1679 4907/5031/1679 4936/5060/1679 4935/5059/1679
f 4907/5031/1679 4908/5032/1679 4937/5061/1679 4936/5060/1679
f 4908/5032/1679 4909/5033/1679 4938/5062/1679 4937/5061/1679
f 4909/5033/1679 4910/5034/1679 4939/5063/1679 4938/5062/1679
f 4910/5034/1679 4911/5035/1679 4940/5064/1679 4939/5063/1679
f 4911/5035/1679 4912/5036/1679 4941/5065/1679 4940/5064/1679
f 4912/5036/1679 4913/5037/1679 4942/5066/1679 4941/5065/1679
f 4913/5037/1679 4914/5038/1679 4943/5067/1679 4942/5066/1679
f 4914/5038/1679 4915/5039/1679 4944/5068/1679 4943/5067/1679
f 4915/5039/1679 4916/5040/1679 4945/5069/1679 4944/5068/1679
f 4916/5040/1679 4917/5041/1679 4946/5070/1679 4945/5069/1679
f 4917/5041/1679 4918/5042/1679 4947/5071/1679 4946/5070/1679
f 4918/5042/1679 4919/5043/1679 4948/5072/1679 4947/5071/1679
f 4919/5043/1679 4920/5044/1679 4949/5073/1679 4948/5072/1679
f 4920/5044/1679 4921/5045/1679 4950/5074/1679 4949/5073/1679
f 4921/5045/1679 4922/5046/1679 4951/5075/1679 4950/5074/1679
f 4922/5046/1679 4923/5047/1679 4952/5076/1679 4951/5075/1679
f 4923/5047/1679 4924/5048/1679 4953/5077/1679 4952/5076/1679
f 4924/5048/1679 4925/5049/1679 4954/5078/1679 4953/5077/1679
f 4925/5049/1679 4926/5050/1679 4955/5079/1679 4954/5078/1679
f 4926/5050/1679 4927/5051/1679 4956/5080/1679 4955/5079/1679
f 4927/5051/1679 4870/4994/1679 4871/4995/1679 4956/5080/1679
f 2924/2927/1660 4928/5052/1679 4957/5081/1679 2894/2897/1649
f 4928/5052/1679 4929/5053/1679 4958/5082/1679 4957/5081/1679
f 4929/5053/1679 4930/5054/1679 4959/5083/1679 4958/5082/1679
f 4930/5054/1679 4931/5055/1679 4960/5084/1679 4959/5083/1679
f 4931/5055/1679 4932/5056/1679 4961/5085/1679 4960/5084/1679
f 4932/5056/1679 4933/5057/1679 4962/5086/1679 4961/5085/1679
f 4933/5057/1679 4934/5058/1679 4963/5087/1679 4962/5086/1679
f 4934/5058/1679 4935/5059/1679 4964/5088/1679 4963/5087/1679
f 4935/5059/1679 4936/5060/1679 4965/5089/1679 4964/5088/1679
f 4936/5060/1679 4937/5061/1679 4966/5090/1679 4965/5089/1679
f 4937/5061/1679 4938/5062/1679 4967/5091/1679 4966/5090/1679
f 4938/5062/1679 4939/5063/1679 4968/5092/1679 4967/5091/1679
f 4939/5063/1679 4940/5064/1679 4969/5093/1679 4968/5092/1679
f 4940/5064/1679 4941/5065/1679 4970/5094/1679 4969/5093/1679
f 4941/5065/1679 4942/5066/1679 4971/5095/1679 4970/5094/1679
f 4942/5066/1679 4943/5067/1679 4972/5096/1679 4971/5095/1679
f 4943/5067/1679 4944/5068/1679 4973/5097/1679 4972/5096/1679
f 4944/5068/1679 4945/5069/1679 4974/5098/1679 4973/5097/1679
f 4945/5069/1679 4946/5070/1679 4975/5099/1679 4974/5098/1679
f 4946/5070/1679 4947/5071/1679 4976/5100/1679 4975/5099/1679
f 4947/5071/1679 4948/5072/1679 4977/5101/1679 4976/5100/1679
f 4948/5072/1679 4949/5073/1679 4978/5102/1679 4977/5101/1679
f 4949/5073/1679 4950/5074/1679 4979/5103/1679 4978/5102/1679
f 4950/5074/1679 4951/5075/1679 4980/5104/1679 4979/5103/1679
f 4951/5075/1679 4952/5076/1679 4981/5105/1679 4980/5104/1679
f 4952/5076/1679 4953/5077/1679 4982/5106/1679 4981/5105/1679
f 4953/5077/1679 4954/5078/1679 4983/5107/1679 4982/5106/1679
f 4954/5078/1679 4955/5079/1679 4984/5108/1679 4983/5107/1679
f 4955/5079/1679 4956/5080/1679 4985/5109/1679 4984/5108/1679
f 4956/5080/1679 4871/4995/1679 4872/4996/1679 4985/5109/1679
f 2894/2897/1649 4957/5081/1679 4986/5110/1680 2864/2867/1628
f 4957/5081/1679 4958/5082/1679 4987/5111/1680 4986/5110/1680
f 4958/5082/1679 4959/5083/1679 4988/5112/1680 4987/5111/1680
f 4959/5083/1679 4960/5084/1679 4989/5113/1680 4988/5112/1680
f 4960/5084/1679 4961/5085/1679 4990/5114/1680 4989/5113/1680
f 4961/5085/1679 4962/5086/1679 4991/5115/1680 4990/5114/1680
f 4962/5086/1679 4963/5087/1679 4992/5116/1680 4991/5115/1680
f 4963/5087/1679 4964/5088/1679 4993/5117/1680 4992/5116/1680
f 4964/5088/1679 4965/5089/1679 4994/5118/1680 4993/5117/1680
f 4965/5089/1679 4966/5090/1679 4995/5119/1680 4994/5118/1680
f 4966/5090/1679 4967/5091/1679 4996/5120/1680 4995/5119/1680
f 4967/5091/1679 4968/5092/1679 4997/5121/1680 4996/5120/1680
f 4968/5092/1679 4969/5093/1679 4998/5122/1680 4997/5121/1680
f 4969/5093/1679 4970/5094/1679 4999/5123/1680 4998/5122/1680
f 4970/5094/1679 4971/5095/1679 5000/5124/1680 4999/5123/1680
f 4971/5095/1679 4972/5096/1679 5001/5125/1680 5000/5124/1680
f 4972/5096/1679 4973/5097/1679 5002/5126/1680 5001/5125/1680
f 4973/5097/1679 4974/5098/1679 5003/5127/1680 5002/5126/1680
f 4974/5098/1679 4975/5099/1679 5004/5128/1680 5003/5127/1680
f 4975/5099/1679 4976/5100/1679 5005/5129/1680 5004/5128/1680
f 4976/5100/1679 4977/5101/1679 5006/5130/1680 5005/5129/1680
f 4977/5101/1679 4978/5102/1679 5007/5131/1680 5006/5130/1680
f 4978/5102/1679 4979/5103/1679 5008/5132/1680 5007/5131/1680
f 4979/5103/1679 4980/5104/1679 5009/5133/1680 5008/5132/1680
f 4980/5104/1679 4981/5105/1679 5010/5134/1680 5009/5133/1680
f 4981/5105/1679 4982/5106/1679 5011/5135/1680 5010/5134/1680
f 4982/5106/1679 4983/5107/1679 5012/5136/1680 5011/5135/1680
f 4983/5107/1679 4984/5108/1679 5013/5137/1680 5012/5136/1680
f 4984/5108/1679 4985/5109/1679 5014/5138/1680 5013/5137/1680
f 4985/5109/1679 4872/4996/1679 4873/4997/1680 5014/5138/1680
f 2864/2867/1628 4986/5110/1680 5015/5139/1681 2834/2837/1602
f 4986/5110/1680 4987/5111/1680 5016/5140/1681 5015/5139/1681
f 4987/5111/1680 4988/5112/1680 5017/5141/1681 5016/5140/1681
f 4988/5112/1680 4989/5113/1680 5018/5142/1681 5017/5141/1681
f 4989/5113/1680 4990/5114/1680 5019/5143/1681 5018/5142/1681
f 4990/5114/1680 4991/5115/1680 5020/5144/1681 5019/5143/1681
f 4991/5115/1680 4992/5116/1680 5021/5145/1681 5020/5144/1681
f 4992/5116/1680 4993/5117/1680 5022/5146/1681 5021/5145/1681
f 4993/5117/1680 4994/5118/1680 5023/5147/1681 5022/5146/1681
f 4994/5118/1680 4995/5119/1680 5024/5148/1681 5023/5147/1681
f 4995/5119/1680 4996/5120/1680 5025/5149/1681 5024/5148/1681
f 4996/5120/1680 4997/5121/1680 5026/5150/1681 5025/5149/1681
f 4997/5121/1680 4998/5122/1680 5027/5151/1681 5026/5150/1681
f 4998/5122/1680 4999/5123/1680 5028/5152/1681 5027/5151/1681
f 4999/5123/1680 5000/5124/1680 5029/5153/1681 5028/5152/1681
f 5000/5124/1680 5001/5125/1680 5030/5154/1681 5029/5153/1681
f 5001/5125/1680 5002/5126/1680 5031/5155/1681 5030/5154/1681
f 5002/5126/1680 5003/5127/1680 5032/5156/1681 5031/5155/1681
f 5003/5127/1680 5004/5128/1680 5033/5157/1681 5032/5156/1681
f 5004/5128/1680 5005/5129/1680 5034/5158/1681 5033/5157/1681
f 5005/5129/1680 5006/5130/1680 5035/5159/1681 5034/5158/1681
f 5006/5130/1680 5007/5131/1680 5036/5160/1681 5035/5159/1681
f 5007/5131/1680 5008/5132/1680 5037/5161/1681 5036/5160/1681
f 5008/5132/1680 5009/5133/1680 5038/5162/1681 5037/5161/1681
f 5009/5133/1680 5010/5134/1680 5039/5163/1681 5038/5162/1681
f 5010/5134/1680 5011/5135/1680 5040/5164/1681 5039/5163/1681
f 5011/5135/1680 5012/5136/1680 5041/5165/1681 5040/5164/1681
f 5012/5136/1680 5013/5137/1680 5042/5166/1681 5041/5165/1681
f 5013/5137/1680 5014/5138/1680 5043/5167/1681 5042/5166/1681
f 5014/5138/1680 4873/4997/1680 4874/4998/1681 5043/5167/1681
f 2834/2837/1602 5015/5139/1681 5044/5168/1682 2804/2807/1580
f 5015/5139/1681 5016/5140/1681 5045/5169/1682 5044/5168/1682
f 5016/5140/1681 5017/5141/1681 5046/5170/1682 5045/5169/1682
f 5017/5141/1681 5018/5142/1681 5047/5171/1682 5046/5170/1682
f 5018/5142/1681 5019/5143/1681 5048/5172/1682 5047/5171/1682
f 5019/5143/1681 5020/5144/1681 5049/5173/1682 5048/5172/1682
f 5020/5144/1681 5021/5145/1681 5050/5174/1682 5049/5173/1682
f 5021/5145/1681 5022/5146/1681 5051/5175/1682 5050/5174/1682
f 5022/5146/1681 5023/5147/1681 5052/5176/1682 5051/5175/1682
f 5023/5147/1681 5024/5148/1681 5053/5177/1682 5052/5176/1682
f 5024/5148/1681 5025/5149/1681 5054/5178/1682 5053/5177/1682
f 5025/5149/1681 5026/5150/1681 5055/5179/1682 5054/5178/1682
f 5026/5150/1681 5027/5151/1681 5056/5180/1682 5055/5179/1682
f 5027/5151/1681 5028/5152/1681 5057/5181/1682 5056/5180/1682
f 5028/5152/1681 5029/5153/1681 5058/5182/1682 5057/5181/1682
f 5029/5153/1681 5030/5154/1681 5059/5183/1682 5058/5182/1682
f 5030/5154/1681 5031/5155/1681 5060/5184/1682 5059/5183/1682
f 5031/5155/1681 5032/5156/1681 5061/5185/1682 5060/5184/1682
f 5032/5156/1681 5033/5157/1681 5062/5186/1682 5061/5185/1682
f 5033/5157/1681 5034/5158/1681 5063/5187/1682 5062/5186/1682
f 5034/5158/1681 5035/5159/1681 5064/5188/1682 5063/5187/1682
f 5035/5159/1681 5036/5160/1681 5065/5189/1682 5064/5188/1682
f 5036/5160/1681 5037/5161/1681 5066/5190/1682 5065/5189/1682
f 5037/5161/1681 5038/5162/1681 5067/5191/1682 5066/5190/1682
f 5038/5162/1681 5039/5163/1681 5068/5192/1682 5067/5191/1682
f 5039/5163/1681 5040/5164/1681 5069/5193/1682 5068/5192/1682
f 5040/5164/1681 5041/5165/1681 5070/5194/1682 5069/5193/1682
f 5041/5165/1681 5042/5166/1681 5071/5195/1682 5070/5194/1682
f 5042/5166/1681 5043/5167/1681 5072/5196/1682 5071/5195/1682
f 5043/5167/1681 4874/4998/1681 4875/4999/1682 5072/5196/1682
f 2804/2807/1580 5044/5168/1682 5073/5197/1683 2774/2777/1560
f 5044/5168/1682 5045/5169/1682 5074/5198/1683 5073/5197/1683
f 5045/5169/1682 5046/5170/1682 5075/5199/1683 5074/5198/1683
f 5046/5170/1682 5047/5171/1682 5076/5200/1683 5075/5199/1683
f 5047/5171/1682 5048/5172/1682 5077/5201/1683 5076/5200/1683
f 5048/5172/1682 5049/5173/1682 5078/5202/1683 5077/5201/1683
f 5049/5173/1682 5050/5174/1682 5079/5203/1683 5078/5202/1683
f 5050/5174/1682 5051/5175/1682 5080/5204/1683 5079/5203/1683
f 5051/5175/1682 5052/5176/1682 5081/5205/1683 5080/5204/1683
f 5052/5176/1682 5053/5177/1682 5082/5206/1683 5081/5205/1683
f 5053/5177/1682 5054/5178/1682 5083/5207/1683 5082/5206/1683
f 5054/5178/1682 5055/5179/1682 5084/5208/1683 5083/5207/1683
f 5055/5179/1682 5056/5180/1682 5085/5209/1683 5084/5208/1683
f 5056/5180/1682 5057/5181/1682 5086/5210/1683 5085/5209/1683
f 5057/5181/1682 5058/5182/1682 5087/5211/1683 5086/5210/1683
f 5058/5182/1682 5059/5183/1682 5088/5212/1683 5087/5211/1683
f 5059/5183/1682 5060/5184/1682 5089/5213/1683 5088/5212/1683
f 5060/5184/1682 5061/5185/1682 5090/5214/1683 5089/5213/1683
f 5061/5185/1682 5062/5186/1682 5091/5215/1683 5090/5214/1683
f 5062/5186/1682 5063/5187/1682 5092/5216/1683 5091/5215/1683
f 5063/5187/1682 5064/5188/1682 5093/5217/1683 5092/5216/1683
f 5064/5188/1682 5065/5189/1682 5094/5218/1683 5093/5217/1683
f 5065/5189/1682 5066/5190/1682 5095/5219/1683 5094/5218/1683
f 5066/5190/1682 5067/5191/1682 5096/5220/1683 5095/5219/1683
f 5067/5191/1682 5068/5192/1682 5097/5221/1683 5096/5220/1683
f 5068/5192/1682 5069/5193/1682 5098/5222/1683 5097/5221/1683
f 5069/5193/1682 5070/5194/1682 5099/5223/1683 5098/5222/1683
f 5070/5194/1682 5071/5195/1682 5100/5224/1683 5099/5223/1683
f 5071/5195/1682 5072/5196/1682 5101/5225/1683 5100/5224/1683
f 5072/5196/1682 4875/4999/1682 4876/5000/1683 5101/5225/1683
f 2774/2777/1560 5073/5197/1683 5102/5226/1684 2744/2747/1539
f 5073/5197/1683 5074/5198/1683 5103/5227/1684 5102/5226/1684
f 5074/5198/1683 5075/5199/1683 5104/5228/1684 5103/5227/1684
f 5075/5199/1683 5076/5200/1683 5105/5229/1684 5104/5228/1684
f 5076/5200/1683 5077/5201/1683 5106/5230/1684 5105/5229/1684
f 5077/5201/1683 5078/5202/1683 5107/5231/1684 5106/5230/1684
f 5078/5202/1683 5079/5203/1683 5108/5232/1684 5107/5231/1684
f 5079/5203/1683 5080/5204/1683 5109/5233/1684 5108/5232/1684
f 5080/5204/1683 5081/5205/1683 5110/5234/1684 5109/5233/1684
f 5081/5205/1683 5082/5206/1683 5111/5235/1684 5110/5234/1684
f 5082/5206/1683 5083/5207/1683 5112/5236/1684 5111/5235/1684
f 5083/5207/1683 5084/5208/1683 5113/5237/1684 5112/5236/1684
f 5084/5208/1683 5085/5209/1683 5114/5238/1684 5113/5237/1684
f 5085/5209/1683 5086/5210/1683 5115/5239/1684 5114/5238/1684
f 5086/5210/1683 5087/5211/1683 5116/5240/1684 5115/5239/1684
f 5087/5211/1683 5088/5212/1683 5117/5241/1684 5116/5240/1684
f 5088/5212/1683 5089/5213/1683 5118/5242/1684 5117/5241/1684
f 5089/5213/1683 5090/5214/1683 5119/5243/1684 5118/5242/1684
f 5090/5214/1683 5091/5215/1683 5120/5244/1684 5119/5243/1684
f 5091/5215/1683 5092/5216/1683 5121/5245/1684 5120/5244/1684
f 5092/5216/1683 5093/5217/1683 5122/5246/1684 5121/5245/1684
f 5093/5217/1683 5094/5218/1683 5123/5247/1684 5122/5246/1684
f 5094/5218/1683 5095/5219/1683 5124/5248/1684 5123/5247/1684
f 5095/5219/1683 5096/5220/1683 5125/5249/1684 5124/5248/1684
f 5096/5220/1683 5097/5221/1683 5126/5250/1684 5125/5249/1684
f 5097/5221/1683 5098/5222/1683 5127/5251/1684 5126/5250/1684
f 5098/5222/1683 5099/5223/1683 5128/5252/1684 5127/5251/1684
f 5099/5223/1683 5100/5224/1683 5129/5253/1684 5128/5252/1684
f 5100/5224/1683 5101/5225/1683 5130/5254/1684 5129/5253/1684
f 5101/5225/1683 4876/5000/1683 4877/5001/1684 5130/5254/1684
f 2744/2747/1539 5102/5226/1684 5131/5255/1685 2714/2717/1515
f 5102/5226/1684 5103/5227/1684 5132/5256/1685 5131/5255/1685
f 5103/5227/1684 5104/5228/1684 5133/5257/1685 5132/5256/1685
f 5104/5228/1684 5105/5229/1684 5134/5258/1685 5133/5257/1685
f 5105/5229/1684 5106/5230/1684 5135/5259/1685 5134/5258/1685
f 5106/5230/1684 5107/5231/1684 5136/5260/1685 5135/5259/1685
f 5107/5231/1684 5108/5232/1684 5137/5261/1685 5136/5260/1685
f 5108/5232/1684 5109/5233/1684 5138/5262/1685 5137/5261/1685
f 5109/5233/1684 5110/5234/1684 5139/5263/1685 5138/5262/1685
f 5110/5234/1684 5111/5235/1684 5140/5264/1685 5139/5263/1685
f 5111/5235/1684 5112/5236/1684 5141/5265/1685 5140/5264/1685
f 5112/5236/1684 5113/5237/1684 5142/5266/1685 5141/5265/1685
f 5113/5237/1684 5114/5238/1684 5143/5267/1685 5142/5266/1685
f 5114/5238/1684 5115/5239/1684 5144/5268/1685 5143/5267/1685
f 5115/5239/1684 5116/5240/1684 5145/5269/1685 5144/5268/1685
f 5116/5240/1684 5117/5241/1684 5146/5270/1685 5145/5269/1685
f 5117/5241/1684 5118/5242/1684 5147/5271/1685 5146/5270/1685
f 5118/5242/1684 5119/5243/1684 5148/5272/1685 5147/5271/1685
f 5119/5243/1684 5120/5244/1684 5149/5273/1685 5148/5272/1685
f 5120/5244/1684 5121/5245/1684 5150/5274/1685 5149/5273/1685
f 5121/5245/1684 5122/5246/1684 5151/5275/1685 5150/5274/1685
f 5122/5246/1684 5123/5247/1684 5152/5276/1685 5151/5275/1685
f 5123/5247/1684 5124/5248/1684 5153/5277/1685 5152/5276/1685
f 5124/5248/1684 5125/5249/1684 5154/5278/1685 5153/5277/1685
f 5125/5249/1684 5126/5250/1684 5155/5279/1685 5154/5278/1685
f 5126/5250/1684 5127/5251/1684 5156/5280/1685 5155/5279/1685
f 5127/5251/1684 5128/5252/1684 5157/5281/1685 5156/5280/1685
f 5128/5252/1684 5129/5253/1684 5158/5282/1685 5157/5281/1685
f 5129/5253/1684 5130/5254/1684 5159/5283/1685 5158/5282/1685
f 5130/5254/1684 4877/5001/1684 4878/5002/1685 5159/5283/1685
f 2714/2717/1515 5131/5255/1685 5160/5284/1686 2684/2687/1492
f 5131/5255/1685 5132/5256/1685 5161/5285/1686 5160/5284/1686
f 5132/5256/1685 5133/5257/1685 5162/5286/1686 5161/5285/1686
f 5133/5257/1685 5134/5258/1685 5163/5287/1686 5162/5286/1686
f 5134/5258/1685 5135/5259/1685 5164/5288/1686 5163/5287/1686
f 5135/5259/1685 5136/5260/1685 5165/5289/1686 5164/5288/1686
f 5136/5260/1685 5137/5261/1685 5166/5290/1686 5165/5289/1686
f 5137/5261/1685 5138/5262/1685 5167/5291/1686 5166/5290/1686
f 5138/5262/1685 5139/5263/1685 5168/5292/1686 5167/5291/1686
f 5139/5263/1685 5140/5264/1685 5169/5293/1686 5168/5292/1686
f 5140/5264/1685 5141/5265/1685 5170/5294/1686 5169/5293/1686
f 5141/5265/1685 5142/5266/1685 5171/5295/1686 5170/5294/1686
f 5142/5266/1685 5143/5267/1685 5172/5296/1686 5171/5295/1686
f 5143/5267/1685 5144/5268/1685 5173/5297/1686 5172/5296/1686
f 5144/5268/1685 5145/5269/1685 5174/5298/1686 5173/5297/1686
f 5145/5269/1685 5146/5270/1685 5175/5299/1686 5174/5298/1686
f 5146/5270/1685 5147/5271/1685 5176/5300/1686 5175/5299/1686
f 5147/5271/1685 5148/5272/1685 5177/5301/1686 5176/5300/1686
f 5148/5272/1685 5149/5273/1685 5178/5302/1686 5177/5301/1686
f 5149/5273/1685 5150/5274/1685 5179/5303/1686 5178/5302/1686
f 5150/5274/1685 5151/5275/1685 5180/5304/1686 5179/5303/1686
f 5151/5275/1685 5152/5276/1685 5181/5305/1686 5180/5304/1686
f 5152/5276/1685 5153/5277/1685 5182/5306/1686 5181/5305/1686
f 5153/5277/1685 5154/5278/1685 5183/5307/1686 5182/5306/1686
f 5154/5278/1685 5155/5279/1685 5184/5308/1686 5183/5307/1686
f 5155/5279/1685 5156/5280/1685 5185/5309/1686 5184/5308/1686
f 5156/5280/1685 5157/5281/1685 5186/5310/1686 5185/5309/1686
f 5157/5281/1685 5158/5282/1685 5187/5311/1686 5186/5310/1686
f 5158/5282/1685 5159/5283/1685 5188/5312/1686 5187/5311/1686
f 5159/5283/1685 4878/5002/1685 4879/5003/1686 5188/5312/1686
f 2684/2687/1492 5160/5284/1686 5189/5313/1687 2654/2657/1469
f 5160/5284/1686 5161/5285/1686 5190/5314/1687 5189/5313/1687
f 5161/5285/1686 5162/5286/1686 5191/5315/1687 5190/5314/1687
f 5162/5286/1686 5163/5287/1686 5192/5316/1687 5191/5315/1687
f 5163/5287/1686 5164/5288/1686 5193/5317/1687 5192/5316/1687
f 5164/5288/1686 5165/5289/1686 5194/5318/1687 5193/5317/1687
f 5165/5289/1686 5166/5290/1686 5195/5319/1687 5194/5318/1687
f 5166/5290/1686 5167/5291/1686 5196/5320/1687 5195/5319/1687
f 5167/5291/1686 5168/5292/1686 5197/5321/1687 5196/5320/1687
f 5168/5292/1686 5169/5293/1686 5198/5322/1687 5197/5321/1687
f 5169/5293/1686 5170/5294/1686 5199/5323/1687 5198/5322/1687
f 5170/5294/1686 5171/5295/1686 5200/5324/1687 5199/5323/1687
f 5171/5295/1686 5172/5296/1686 5201/5325/1687 5200/5324/1687
f 5172/5296/1686 5173/5297/1686 5202/5326/1687 5201/5325/1687
f 5173/5297/1686 5174/5298/1686 5203/5327/1687 5202/5326/1687
f 5174/5298/1686 5175/5299/1686 5204/5328/1687 5203/5327/1687
f 5175/5299/1686 5176/5300/1686 5205/5329/1687 5204/5328/1687
f 5176/5300/1686 5177/5301/1686 5206/5330/1687 5205/5329/1687
f 5177/5301/1686 5178/5302/1686 5207/5331/1687 5206/5330/1687
f 5178/5302/1686 5179/5303/1686 5208/5332/1687 5207/5331/1687
f 5179/5303/1686 5180/5304/1686 5209/5333/1687 5208/5332/1687
f 5180/5304/1686 5181/5305/1686 5210/5334/1687 5209/5333/1687
f 5181/5305/1686 5182/5306/1686 5211/5335/1687 5210/5334/1687
f 5182/5306/1686 5183/5307/1686 5212/5336/1687 5211/5335/1687
f 5183/5307/1686 5184/5308/1686 5213/5337/1687 5212/5336/1687
f 5184/5308/1686 5185/5309/1686 5214/5338/1687 5213/5337/1687
f 5185/5309/1686 5186/5310/1686 5215/5339/1687 5214/5338/1687
f 5186/5310/1686 5187/5311/1686 5216/5340/1687 5215/5339/1687
f 5187/5311/1686 5188/5312/1686 5217/5341/1687 5216/5340/1687
f 5188/5312/1686 4879/5003/1686 4880/5004/1687 5217/5341/1687
f 2654/2657/1469 5189/5313/1687 5218/5342/1688 2624/2627/1445
f 5189/5313/1687 5190/5314/1687 5219/5343/1688 5218/5342/1688
f 5190/5314/1687 5191/5315/1687 5220/5344/1688 5219/5343/1688
f 5191/5315/1687 5192/5316/1687 5221/5345/1688 5220/5344/1688
f 5192/5316/1687 5193/5317/1687 5222/5346/1688 5221/5345/1688
f 5193/5317/1687 5194/5318/1687 5223/5347/1688 5222/5346/1688
f 5194/5318/1687 5195/5319/1687 5224/5348/1688 5223/5347/1688
f 5195/5319/1687 5196/5320/1687 5225/5349/1688 5224/5348/1688
f 5196/5320/1687 5197/5321/1687 5226/5350/1688 5225/5349/1688
f 5197/5321/1687 5198/5322/1687 5227/5351/1688 5226/5350/1688
f 5198/5322/1687 5199/5323/1687 5228/5352/1688 5227/5351/1688
f 5199/5323/1687 5200/5324/1687 5229/5353/1688 5228/5352/1688
f 5200/5324/1687 5201/5325/1687 5230/5354/1688 5229/5353/1688
f 5201/5325/1687 5202/5326/1687 5231/5355/1688 5230/5354/1688
f 5202/5326/1687 5203/5327/1687 5232/5356/1688 5231/5355/1688
f 5203/5327/1687 5204/5328/1687 5233/5357/1688 5232/5356/1688
f 5204/5328/1687 5205/5329/1687 5234/5358/1688 5233/5357/1688
f 5205/5329/1687 5206/5330/1687 5235/5359/1688 5234/5358/1688
f 5206/5330/1687 5207/5331/1687 5236/5360/1688 5235/5359/1688
f 5207/5331/1687 5208/5332/1687 5237/5361/1688 5236/5360/1688
f 5208/5332/1687 5209/5333/1687 5238/5362/1688 5237/5361/1688
f 5209/5333/1687 5210/5334/1687 5239/5363/1688 5238/5362/1688
f 5210/5334/1687 5211/5335/1687 5240/5364/1688 5239/5363/1688
f 5211/5335/1687 5212/5336/1687 5241/5365/1688 5240/5364/1688
f 5212/5336/1687 5213/5337/1687 5242/5366/1688 5241/5365/1688
f 5213/5337/1687 5214/5338/1687 5243/5367/1688 5242/5366/1688
f 5214/5338/1687 5215/5339/1687 5244/5368/1688 5243/5367/1688
f 5215/5339/1687 5216/5340/1687 5245/5369/1688 5244/5368/1688
f 5216/5340/1687 5217/5341/1687 5246/5370/1688 5245/5369/1688
f 5217/5341/1687 4880/5004/1687 4881/5005/1688 5246/5370/1688
f 2624/2627/1445 5218/5342/1688 5247/5371/1689 2594/2597/1418
f 5218/5342/1688 5219/5343/1688 5248/5372/1689 5247/5371/1689
f 5219/5343/1688 5220/5344/1688 5249/5373/1689 5248/5372/1689
f 5220/5344/1688 5221/5345/1688 5250/5374/1689 5249/5373/1689
f 5221/5345/1688 5222/5346/1688 5251/5375/1689 5250/5374/1689
f 5222/5346/1688 5223/5347/1688 5252/5376/1689 5251/5375/1689
f 5223/5347/1688 5224/5348/1688 5253/5377/1689 5252/5376/1689
f 5224/5348/1688 5225/5349/1688 5254/5378/1689 5253/5377/1689
f 5225/5349/1688 5226/5350/1688 5255/5379/1689 5254/5378/1689
f 5226/5350/1688 5227/5351/1688 5256/5380/1689 5255/5379/1689
f 5227/5351/1688 5228/5352/1688 5257/5381/1689 5256/5380/1689
f 5228/5352/1688 5229/5353/1688 5258/5382/1689 5257/5381/1689
f 5229/5353/1688 5230/5354/1688 5259/5383/1689 5258/5382/1689
f 5230/5354/1688 5231/5355/1688 5260/5384/1689 5259/5383/1689
f 5231/5355/1688 5232/5356/1688 5261/5385/1689 5260/5384/1689
f 5232/5356/1688 5233/5357/1688 5262/5386/1689 5261/5385/1689
f 5233/5357/1688 5234/5358/1688 5263/5387/1689 5262/5386/1689
f 5234/5358/1688 5235/5359/1688 5264/5388/1689 5263/5387/1689
f 5235/5359/1688 5236/5360/1688 5265/5389/1689 5264/5388/1689
f 5236/5360/1688 5237/5361/1688 5266/5390/1689 5265/5389/1689
f 5237/5361/1688 5238/5362/1688 5267/5391/1689 5266/5390/1689
f 5238/5362/1688 5239/5363/1688 5268/5392/1689 5267/5391/1689
f 5239/5363/1688 5240/5364/1688 5269/5393/1689 5268/5392/1689
f 5240/5364/1688 5241/5365/1688 5270/5394/1689 5269/5393/1689
f 5241/5365/1688 5242/5366/1688 5271/5395/1689 5270/5394/1689
f 5242/5366/1688 5243/5367/1688 5272/5396/1689 5271/5395/1689
f 5243/5367/1688 5244/5368/1688 5273/5397/1689 5272/5396/1689
f 5244/5368/1688 5245/5369/1688 5274/5398/1689 5273/5397/1689
f 5245/5369/1688 5246/5370/1688 5275/5399/1689 5274/5398/1689
f 5246/5370/1688 4881/5005/1688 4882/5006/1689 5275/5399/1689
f 2594/2597/1418 5247/5371/1689 5276/5400/1690 2564/2567/1391
f 5247/5371/1689 5248/5372/1689 5277/5401/1690 5276/5400/1690
f 5248/5372/1689 5249/5373/1689 5278/5402/1690 5277/5401/1690
f 5249/5373/1689 5250/5374/1689 5279/5403/1690 5278/5402/1690
f 5250/5374/1689 5251/5375/1689 5280/5404/1690 5279/5403/1690
f 5251/5375/1689 5252/5376/1689 5281/5405/1690 5280/5404/1690
f 5252/5376/1689 5253/5377/1689 5282/5406/1690 5281/5405/1690
f 5253/5377/1689 5254/5378/1689 5283/5407/1690 5282/5406/1690
f 5254/5378/1689 5255/5379/1689 5284/5408/1690 5283/5407/1690
f 5255/5379/1689 5256/5380/1689 5285/5409/1690 5284/5408/1690
f 5256/5380/1689 5257/5381/1689 5286/5410/1690 5285/5409/1690
f 5257/5381/1689 5258/5382/1689 5287/5411/1690 5286/5410/1690
f 5258/5382/1689 5259/5383/1689 5288/5412/1690 5287/5411/1690
f 5259/5383/1689 5260/5384/1689 5289/5413/1690 5288/5412/1690
f 5260/5384/1689 5261/5385/1689 5290/5414/1690 5289/5413/1690
f 5261/5385/1689 5262/5386/1689 5291/5415/1690 5290/5414/1690
f 5262/5386/1689 5263/5387/1689 5292/5416/1690 5291/5415/1690
f 5263/5387/1689 5264/5388/1689 5293/5417/1690 5292/5416/1690
f 5264/5388/1689 5265/5389/1689 5294/5418/1690 5293/5417/1690
f 5265/5389/1689 5266/5390/1689 5295/5419/1690 5294/5418/1690
f 5266/5390/1689 5267/5391/1689 5296/5420/1690 5295/5419/1690
f 5267/5391/1689 5268/5392/1689 5297/5421/1690 5296/5420/1690
f 5268/5392/1689 5269/5393/1689 5298/5422/1690 5297/5421/1690
f 5269/5393/1689 5270/5394/1689 5299/5423/1690 5298/5422/1690
f 5270/5394/1689 5271/5395/1689 5300/5424/1690 5299/5423/1690
f 5271/5395/1689 5272/5396/1689 5301/5425/1690 5300/5424/1690
f 5272/5396/1689 5273/5397/1689 5302/5426/1690 5301/5425/1690
f 5273/5397/1689 5274/5398/1689 5303/5427/1690 5302/5426/1690
f 5274/5398/1689 5275/5399/1689 5304/5428/1690 5303/5427/1690
f 5275/5399/1689 4882/5006/1689 4883/5007/1690 5304/5428/1690
f 2564/2567/1391 5276/5400/1690 5305/5429/1691 2534/2537/1366
f 5276/5400/1690 5277/5401/1690 5306/5430/1691 5305/5429/1691
f 5277/5401/1690 5278/5402/1690 5307/5431/1691 5306/5430/1691
f 5278/5402/1690 5279/5403/1690 5308/5432/1691 5307/5431/1691
f 5279/5403/1690 5280/5404/1690 5309/5433/1691 5308/5432/1691
f 5280/5404/1690 5281/5405/1690 5310/5434/1691 5309/5433/1691
f 5281/5405/1690 5282/5406/1690 5311/5435/1691 5310/5434/1691
f 5282/5406/1690 5283/5407/1690 5312/5436/1691 5311/5435/1691
f 5283/5407/1690 5284/5408/1690 5313/5437/1691 5312/5436/1691
f 5284/5408/1690 5285/5409/1690 5314/5438/1691 5313/5437/1691
f 5285/5409/1690 5286/5410/1690 5315/5439/1691 5314/5438/1691
f 5286/5410/1690 5287/5411/1690 5316/5440/1691 5315/5439/1691
f 5287/5411/1690 5288/5412/1690 5317/5441/1691 5316/5440/1691
f 5288/5412/1690 5289/5413/1690 5318/5442/1691 5317/5441/1691
f 5289/5413/1690 5290/5414/1690 5319/5443/1691 5318/5442/1691
f 5290/5414/1690 5291/5415/1690 5320/5444/1691 5319/5443/1691
f 5291/5415/1690 5292/5416/1690 5321/5445/1691 5320/5444/1691
f 5292/5416/1690 5293/5417/1690 5322/5446/1691 5321/5445/1691
f 5293/5417/1690 5294/5418/1690 5323/5447/1691 5322/5446/1691
f 5294/5418/1690 5295/5419/1690 5324/5448/1691 5323/5447/1691
f 5295/5419/1690 5296/5420/1690 5325/5449/1691 5324/5448/1691
f 5296/5420/1690 5297/5421/1690 5326/5450/1691 5325/5449/1691
f 5297/5421/1690 5298/5422/1690 5327/5451/1691 5326/5450/1691
f 5298/5422/1690 5299/5423/1690 5328/5452/1691 5327/5451/1691
f 5299/5423/1690 5300/5424/1690 5329/5453/1691 5328/5452/1691
f 5300/5424/1690 5301/5425/1690 5330/5454/1691 5329/5453/1691
f 5301/5425/1690 5302/5426/1690 5331/5455/1691 5330/5454/1691
f 5302/5426/1690 5303/5427/1690 5332/5456/1691 5331/5455/1691
f 5303/5427/1690 5304/5428/1690 5333/5457/1691 5332/5456/1691
f 5304/5428/1690 4883/5007/1690 4884/5008/1691 5333/5457/1691
f 2534/2537/1366 5305/5429/1691 5334/5458/1684 2504/2507/1341
f 5305/5429/1691 5306/5430/1691 5335/5459/1684 5334/5458/1684
f 5306/5430/1691 5307/5431/1691 5336/5460/1684 5335/5459/1684
f 5307/5431/1691 5308/5432/1691 5337/5461/1684 5336/5460/1684
f 5308/5432/1691 5309/5433/1691 5338/5462/1684 5337/5461/1684
f 5309/5433/1691 5310/5434/1691 5339/5463/1684 5338/5462/1684
f 5310/5434/1691 5311/5435/1691 5340/5464/1684 5339/5463/1684
f 5311/5435/1691 5312/5436/1691 5341/5465/1684 5340/5464/1684
f 5312/5436/1691 5313/5437/1691 5342/5466/1684 5341/5465/1684
f 5313/5437/1691 5314/5438/1691 5343/5467/1684 5342/5466/1684
f 5314/5438/1691 5315/5439/1691 5344/5468/1684 5343/5467/1684
f 5315/5439/1691 5316/5440/1691 5345/5469/1684 5344/5468/1684
f 5316/5440/1691 5317/5441/1691 5346/5470/1684 5345/5469/1684
f 5317/5441/1691 5318/5442/1691 5347/5471/1684 5346/5470/1684
f 5318/5442/1691 5319/5443/1691 5348/5472/1684 5347/5471/1684
f 5319/5443/1691 5320/5444/1691 5349/5473/1684 5348/5472/1684
f 5320/5444/1691 5321/5445/1691 5350/5474/1684 5349/5473/1684
f 5321/5445/1691 5322/5446/1691 5351/5475/1684 5350/5474/1684
f 5322/5446/1691 5323/5447/1691 5352/5476/1684 5351/5475/1684
f 5323/5447/1691 5324/5448/1691 5353/5477/1684 5352/5476/1684
f 5324/5448/1691 5325/5449/1691 5354/5478/1684 5353/5477/1684
f 5325/5449/1691 5326/5450/1691 5355/5479/1684 5354/5478/1684
f 5326/5450/1691 5327/5451/1691 5356/5480/1684 5355/5479/1684
f 5327/5451/1691 5328/5452/1691 5357/5481/1684 5356/5480/1684
f 5328/5452/1691 5329/5453/1691 5358/5482/1684 5357/5481/1684
f 5329/5453/1691 5330/5454/1691 5359/5483/1684 5358/5482/1684
f 5330/5454/1691 5331/5455/1691 5360/5484/1684 5359/5483/1684
f 5331/5455/1691 5332/5456/1691 5361/5485/1684 5360/5484/1684
f 5332/5456/1691 5333/5457/1691 5362/5486/1684 5361/5485/1684
f 5333/5457/1691 4884/5008/1691 4885/5009/1684 5362/5486/1684
f 2504/2507/1341 5334/5458/1684 5363/5487/1685 2474/2477/1319
f 5334/5458/1684 5335/5459/1684 5364/5488/1685 5363/5487/1685
f 5335/5459/1684 5336/5460/1684 5365/5489/1685 5364/5488/1685
f 5336/5460/1684 5337/5461/1684 5366/5490/1685 5365/5489/1685
f 5337/5461/1684 5338/5462/1684 5367/5491/1685 5366/5490/1685
f 5338/5462/1684 5339/5463/1684 5368/5492/1685 5367/5491/1685
f 5339/5463/1684 5340/5464/1684 5369/5493/1685 5368/5492/1685
f 5340/5464/1684 5341/5465/1684 5370/5494/1685 5369/5493/1685
f 5341/5465/1684 5342/5466/1684 5371/5495/1685 5370/5494/1685
f 5342/5466/1684 5343/5467/1684 5372/5496/1685 5371/5495/1685
f 5343/5467/1684 5344/5468/1684 5373/5497/1685 5372/5496/1685
f 5344/5468/1684 5345/5469/1684 5374/5498/1685 5373/5497/1685
f 5345/5469/1684 5346/5470/1684 5375/5499/1685 5374/5498/1685
f 5346/5470/1684 5347/5471/1684 5376/5500/1685 5375/5499/1685
f 5347/5471/1684 5348/5472/1684 5377/5501/1685 5376/5500/1685
f 5348/5472/1684 5349/5473/1684 5378/5502/1685 5377/5501/1685
f 5349/5473/1684 5350/5474/1684 5379/5503/1685 5378/5502/1685
f 5350/5474/1684 5351/5475/1684 5380/5504/1685 5379/5503/1685
f 5351/5475/1684 5352/5476/1684 5381/5505/1685 5380/5504/1685
f 5352/5476/1684 5353/5477/1684 5382/5506/1685 5381/5505/1685
f 5353/5477/1684 5354/5478/1684 5383/5507/1685 5382/5506/1685
f 5354/5478/1684 5355/5479/1684 5384/5508/1685 5383/5507/1685
f 5355/5479/1684 5356/5480/1684 5385/5509/1685 5384/5508/1685
f 5356/5480/1684 5357/5481/1684 5386/5510/1685 5385/5509/1685
f 5357/5481/1684 5358/5482/1684 5387/5511/1685 5386/5510/1685
f 5358/5482/1684 5359/5483/1684 5388/5512/1685 5387/5511/1685
f 5359/5483/1684 5360/5484/1684 5389/5513/1685 5388/5512/1685
f 5360/5484/1684 5361/5485/1684 5390/5514/1685 5389/5513/1685
f 5361/5485/1684 5362/5486/1684 5391/5515/1685 5390/5514/1685
f 5362/5486/1684 4885/5009/1684 4886/5010/1685 5391/5515/1685
f 2474/2477/1319 5363/5487/1685 5392/5516/1686 2444/2447/1295
f 5363/5487/1685 5364/5488/1685 5393/5517/1686 5392/5516/1686
f 5364/5488/1685 5365/5489/1685 5394/5518/1686 5393/5517/1686
f 5365/5489/1685 5366/5490/1685 5395/5519/1686 5394/5518/1686
f 5366/5490/1685 5367/5491/1685 5396/5520/1686 5395/5519/1686
f 5367/5491/1685 5368/5492/1685 5397/5521/1686 5396/5520/1686
f 5368/5492/1685 5369/5493/1685 5398/5522/1686 5397/5521/1686
f 5369/5493/1685 5370/5494/1685 5399/5523/1686 5398/5522/1686
f 5370/5494/1685 5371/5495/1685 5400/5524/1686 5399/5523/1686
f 5371/5495/1685 5372/5496/1685 5401/5525/1686 5400/5524/1686
f 5372/5496/1685 5373/5497/1685 5402/5526/1686 5401/5525/1686
f 5373/5497/1685 5374/5498/1685 5403/5527/1686 5402/5526/1686
f 5374/5498/1685 5375/5499/1685 5404/5528/1686 5403/5527/1686
f 5375/5499/1685 5376/5500/1685 5405/5529/1686 5404/5528/1686
f 5376/5500/1685 5377/5501/1685 5406/5530/1686 5405/5529/1686
f 5377/5501/1685 5378/5502/1685 5407/5531/1686 5406/5530/1686
f 5378/5502/1685 5379/5503/1685 5408/5532/1686 5407/5531/1686
f 5379/5503/1685 5380/5504/1685 5409/5533/1686 5408/5532/1686
f 5380/5504/1685 5381/5505/1685 5410/5534/1686 5409/5533/1686
f 5381/5505/1685 5382/5506/1685 5411/5535/1686 5410/5534/1686
f 5382/5506/1685 5383/5507/1685 5412/5536/1686 5411/5535/1686
f 5383/5507/1685 5384/5508/1685 5413/5537/1686 5412/5536/1686
f 5384/5508/1685 5385/5509/1685 5414/5538/1686 5413/5537/1686
f 5385/5509/1685 5386/5510/1685 5415/5539/1686 5414/5538/1686
f 5386/5510/1685 5387/5511/1685 5416/5540/1686 5415/5539/1686
f 5387/5511/1685 5388/5512/1685 5417/5541/1686 5416/5540/1686
f 5388/5512/1685 5389/5513/1685 5418/5542/1686 5417/5541/1686
f 5389/5513/1685 5390/5514/1685 5419/5543/1686 5418/5542/1686
f 5390/5514/1685 5391/5515/1685 5420/5544/1686 5419/5543/1686
f 5391/5515/1685 4886/5010/1685 4887/5011/1686 5420/5544/1686
f 2444/2447/1295 5392/5516/1686 5421/5545/1687 2414/2417/1273
f 5392/5516/1686 5393/5517/1686 5422/5546/1687 5421/5545/1687
f 5393/5517/1686 5394/5518/1686 5423/5547/1687 5422/5546/1687
f 5394/5518/1686 5395/5519/1686 5424/5548/1687 5423/5547/1687
f 5395/5519/1686 5396/5520/1686 5425/5549/1687 5424/5548/1687
f 5396/5520/1686 5397/5521/1686 5426/5550/1687 5425/5549/1687
f 5397/5521/1686 5398/5522/1686 5427/5551/1687 5426/5550/1687
f 5398/5522/1686 5399/5523/1686 5428/5552/1687 5427/5551/1687
f 5399/5523/1686 5400/5524/1686 5429/5553/1687 5428/5552/1687
f 5400/5524/1686 5401/5525/1686 5430/5554/1687 5429/5553/1687
f 5401/5525/1686 5402/5526/1686 5431/5555/1687 5430/5554/1687
f 5402/5526/1686 5403/5527/1686 5432/5556/1687 5431/5555/1687
f 5403/5527/1686 5404/5528/1686 5433/5557/1687 5432/5556/1687
f 5404/5528/1686 5405/5529/1686 5434/5558/1687 5433/5557/1687
f 5405/5529/1686 5406/5530/1686 5435/5559/1687 5434/5558/1687
f 5406/5530/1686 5407/5531/1686 5436/5560/1687 5435/5559/1687
f 5407/5531/1686 5408/5532/1686 5437/5561/1687 5436/5560/1687
f 5408/5532/1686 5409/5533/1686 5438/5562/1687 5437/5561/1687
f 5409/5533/1686 5410/5534/1686 5439/5563/1687 5438/5562/1687
f 5410/5534/1686 5411/5535/1686 5440/5564/1687 5439/5563/1687
f 5411/5535/1686 5412/5536/1686 5441/5565/1687 5440/5564/1687
f 5412/5536/1686 5413/5537/1686 5442/5566/1687 5441/5565/1687
f 5413/5537/1686 5414/5538/1686 5443/5567/1687 5442/5566/1687
f 5414/5538/1686 5415/5539/1686 5444/5568/1687 5443/5567/1687
f 5415/5539/1686 5416/5540/1686 5445/5569/1687 5444/5568/1687
f 5416/5540/1686 5417/5541/1686 5446/5570/1687 5445/5569/1687
f 5417/5541/1686 5418/5542/1686 5447/5571/1687 5446/5570/1687
f 5418/5542/1686 5419/5543/1686 5448/5572/1687 5447/5571/1687
f 5419/5543/1686 5420/5544/1686 5449/5573/1687 5448/5572/1687
f 5420/5544/1686 4887/5011/1686 4888/5012/1687 5449/5573/1687
f 2414/2417/1273 5421/5545/1687 5450/5574/1688 2384/2387/1248
f 5421/5545/1687 5422/5546/1687 5451/5575/1688 5450/5574/1688
f 5422/5546/1687 5423/5547/1687 5452/5576/1688 5451/5575/1688
f 5423/5547/1687 5424/5548/1687 5453/5577/1688 5452/5576/1688
f 5424/5548/1687 5425/5549/1687 5454/5578/1688 5453/5577/1688
f 5425/5549/1687 5426/5550/1687 5455/5579/1688 5454/5578/1688
f 5426/5550/1687 5427/5551/1687 5456/5580/1688 5455/5579/1688
f 5427/5551/1687 5428/5552/1687 5457/5581/1688 5456/5580/1688
f 5428/5552/1687 5429/5553/1687 5458/5582/1688 5457/5581/1688
f 5429/5553/1687 5430/5554/1687 5459/5583/1688 5458/5582/1688
f 5430/5554/1687 5431/5555/1687 5460/5584/1688 5459/5583/1688
f 5431/5555/1687 5432/5556/1687 5461/5585/1688 5460/5584/1688
f 5432/5556/1687 5433/5557/1687 5462/5586/1688 5461/5585/1688
f 5433/5557/1687 5434/5558/1687 5463/5587/1688 5462/5586/1688
f 5434/5558/1687 5435/5559/1687 5464/5588/1688 5463/5587/1688
f 5435/5559/1687 5436/5560/1687 5465/5589/1688 5464/5588/1688
f 5436/5560/1687 5437/5561/1687 5466/5590/1688 5465/5589/1688
f 5437/5561/1687 5438/5562/1687 5467/5591/1688 5466/5590/1688
f 5438/5562/1687 5439/5563/1687 5468/5592/1688 5467/5591/1688
f 5439/5563/1687 5440/5564/1687 5469/5593/1688 5468/5592/1688
f 5440/5564/1687 5441/5565/1687 5470/5594/1688 5469/5593/1688
f 5441/5565/1687 5442/5566/1687 5471/5595/1688 5470/5594/1688
f 5442/5566/1687 5443/5567/1687 5472/5596/1688 5471/5595/1688
f 5443/5567/1687 5444/5568/1687 5473/5597/1688 5472/5596/1688
f 5444/5568/1687 5445/5569/1687 5474/5598/1688 5473/5597/1688
f 5445/5569/1687 5446/5570/1687 5475/5599/1688 5474/5598/1688
f 5446/5570/1687 5447/5571/1687 5476/5600/1688 5475/5599/1688
f 5447/5571/1687 5448/5572/1687 5477/5601/1688 5476/5600/1688
f 5448/5572/1687 5449/5573/1687 5478/5602/1688 5477/5601/1688
f 5449/5573/1687 4888/5012/1687 4889/5013/1688 5478/5602/1688
f 2384/2387/1248 5450/5574/1688 5479/5603/1689 2354/2357/1222
f 5450/5574/1688 5451/5575/1688 5480/5604/1689 5479/5603/1689
f 5451/5575/1688 5452/5576/1688 5481/5605/1689 5480/5604/1689
f 5452/5576/1688 5453/5577/1688 5482/5606/1689 5481/5605/1689
f 5453/5577/1688 5454/5578/1688 5483/5607/1689 5482/5606/1689
f 5454/5578/1688 5455/5579/1688 5484/5608/1689 5483/5607/1689
f 5455/5579/1688 5456/5580/1688 5485/5609/1689 5484/5608/1689
f 5456/5580/1688 5457/5581/1688 5486/5610/1689 5485/5609/1689
f 5457/5581/1688 5458/5582/1688 5487/5611/1689 5486/5610/1689
f 5458/5582/1688 5459/5583/1688 5488/5612/1689 5487/5611/1689
f 5459/5583/1688 5460/5584/1688 5489/5613/1689 5488/5612/1689
f 5460/5584/1688 5461/5585/1688 5490/5614/1689 5489/5613/1689
f 5461/5585/1688 5462/5586/1688 5491/5615/1689 5490/5614/1689
f 5462/5586/1688 5463/5587/1688 5492/5616/1689 5491/5615/1689
f 5463/5587/1688 5464/5588/1688 5493/5617/1689 5492/5616/1689
f 5464/5588/1688 5465/5589/1688 5494/5618/1689 5493/5617/1689
f 5465/5589/1688 5466/5590/1688 5495/5619/1689 5494/5618/1689
f 5466/5590/1688 5467/5591/1688 5496/5620/1689 5495/5619/1689
f 5467/5591/1688 5468/5592/1688 5497/5621/1689 5496/5620/1689
f 5468/5592/1688 5469/5593/1688 5498/5622/1689 5497/5621/1689
f 5469/5593/1688 5470/5594/1688 5499/5623/1689 5498/5622/1689
f 5470/5594/1688 5471/5595/1688 5500/5624/1689 5499/5623/1689
f 5471/5595/1688 5472/5596/1688 5501/5625/1689 5500/5624/1689
f 5472/5596/1688 5473/5597/1688 5502/5626/1689 5501/5625/1689
f 5473/5597/1688 5474/5598/1688 5503/5627/1689 5502/5626/1689
f 5474/5598/1688 5475/5599/1688 5504/5628/1689 5503/5627/1689
f 5475/5599/1688 5476/5600/1688 5505/5629/1689 5504/5628/1689
f 5476/5600/1688 5477/5601/1688 5506/5630/1689 5505/5629/1689
f 5477/5601/1688 5478/5602/1688 5507/5631/1689 5506/5630/1689
f 5478/5602/1688 4889/5013/1688 4890/5014/1689 5507/5631/1689
f 2354/2357/1222 5479/5603/1689 5508/5632/1690 2324/2327/1196
f 5479/5603/1689 5480/5604/1689 5509/5633/1690 5508/5632/1690
f 5480/5604/1689 5481/5605/1689 5510/5634/1690 5509/5633/1690
f 5481/5605/1689 5482/5606/1689 5511/5635/1690 5510/5634/1690
f 5482/5606/1689 5483/5607/1689 5512/5636/1690 5511/5635/1690
f 5483/5607/1689 5484/5608/1689 5513/5637/1690 5512/5636/1690
f 5484/5608/1689 5485/5609/1689 5514/5638/1690 5513/5637/1690
f 5485/5609/1689 5486/5610/1689 5515/5639/1690 5514/5638/1690
f 5486/5610/1689 5487/5611/1689 5516/5640/1690 5515/5639/1690
f 5487/5611/1689 5488/5612/1689 5517/5641/1690 5516/5640/1690
f 5488/5612/1689 5489/5613/1689 5518/5642/1690 5517/5641/1690
f 5489/5613/1689 5490/5614/1689 5519/5643/1690 5518/5642/1690
f 5490/5614/1689 5491/5615/1689 5520/5644/1690 5519/5643/1690
f 5491/5615/1689 5492/5616/1689 5521/5645/1690 5520/5644/1690
f 5492/5616/1689 5493/5617/1689 5522/5646/1690 5521/5645/1690
f 5493/5617/1689 5494/5618/1689 5523/5647/1690 5522/5646/1690
f 5494/5618/1689 5495/5619/1689 5524/5648/1690 5523/5647/1690
f 5495/5619/1689 5496/5620/1689 5525/5649/1690 5524/5648/1690
f 5496/5620/1689 5497/5621/1689 5526/5650/1690 5525/5649/1690
f 5497/5621/1689 5498/5622/1689 5527/5651/1690 5526/5650/1690
f 5498/5622/1689 5499/5623/1689 5528/5652/1690 5527/5651/1690
f 5499/5623/1689 5500/5624/1689 5529/5653/1690 5528/5652/1690
f 5500/5624/1689 5501/5625/1689 5530/5654/1690 5529/5653/1690
f 5501/5625/1689 5502/5626/1689 5531/5655/1690 5530/5654/1690
f 5502/5626/1689 5503/5627/1689 5532/5656/1690 5531/5655/1690
f 5503/5627/1689 5504/5628/1689 5533/5657/1690 5532/5656/1690
f 5504/5628/1689 5505/5629/1689 5534/5658/1690 5533/5657/1690
f 5505/5629/1689 5506/5630/1689 5535/5659/1690 5534/5658/1690
f 5506/5630/1689 5507/5631/1689 5536/5660/1690 5535/5659/1690
f 5507/5631/1689 4890/5014/1689 4891/5015/1690 5536/5660/1690
f 2324/2327/1196 5508/5632/1690 5537/5661/1691 2294/2297/1171
f 5508/5632/1690 5509/5633/1690 5538/5662/1691 5537/5661/1691
f 5509/5633/1690 5510/5634/1690 5539/5663/1691 5538/5662/1691
f 5510/5634/1690 5511/5635/1690 5540/5664/1691 5539/5663/1691
f 5511/5635/1690 5512/5636/1690 5541/5665/1691 5540/5664/1691
f 5512/5636/1690 5513/5637/1690 5542/5666/1691 5541/5665/1691
f 5513/5637/1690 5514/5638/1690 5543/5667/1691 5542/5666/1691
f 5514/5638/1690 5515/5639/1690 5544/5668/1691 5543/5667/1691
f 5515/5639/1690 5516/5640/1690 5545/5669/1691 5544/5668/1691
f 5516/5640/1690 5517/5641/1690 5546/5670/1691 5545/5669/1691
f 5517/5641/1690 5518/5642/1690 5547/5671/1691 5546/5670/1691
f 5518/5642/1690 5519/5643/1690 5548/5672/1691 5547/5671/1691
f 5519/5643/1690 5520/5644/1690 5549/5673/1691 5548/5672/1691
f 5520/5644/1690 5521/5645/1690 5550/5674/1691 5549/5673/1691
f 5521/5645/1690 5522/5646/1690 5551/5675/1691 5550/5674/1691
f 5522/5646/1690 5523/5647/1690 5552/5676/1691 5551/5675/1691
f 5523/5647/1690 5524/5648/1690 5553/5677/1691 5552/5676/1691
f 5524/5648/1690 5525/5649/1690 5554/5678/1691 5553/5677/1691
f 5525/5649/1690 5526/5650/1690 5555/5679/1691 5554/5678/1691
f 5526/5650/1690 5527/5651/1690 5556/5680/1691 5555/5679/1691
f 5527/5651/1690 5528/5652/1690 5557/5681/1691 5556/5680/1691
f 5528/5652/1690 5529/5653/1690 5558/5682/1691 5557/5681/1691
f 5529/5653/1690 5530/5654/1690 5559/5683/1691 5558/5682/1691
f 5530/5654/1690 5531/5655/1690 5560/5684/1691 5559/5683/1691
f 5531/5655/1690 5532/5656/1690 5561/5685/1691 5560/5684/1691
f 5532/5656/1690 5533/5657/1690 5562/5686/1691 5561/5685/1691
f 5533/5657/1690 5534/5658/1690 5563/5687/1691 5562/5686/1691
f 5534/5658/1690 5535/5659/1690 5564/5688/1691 5563/5687/1691
f 5535/5659/1690 5536/5660/1690 5565/5689/1691 5564/5688/1691
f 5536/5660/1690 4891/5015/1690 4892/5016/1691 5565/5689/1691
f 2294/2297/1171 5537/5661/1691 5566/5690/1684 2264/2267/1145
f 5537/5661/1691 5538/5662/1691 5567/5691/1684 5566/5690/1684
f 5538/5662/1691 5539/5663/1691 5568/5692/1684 5567/5691/1684
f 5539/5663/1691 5540/5664/1691 5569/5693/1684 5568/5692/1684
f 5540/5664/1691 5541/5665/1691 5570/5694/1684 5569/5693/1684
f 5541/5665/1691 5542/5666/1691 5571/5695/1684 5570/5694/1684
f 5542/5666/1691 5543/5667/1691 5572/5696/1684 5571/5695/1684
f 5543/5667/1691 5544/5668/1691 5573/5697/1684 5572/5696/1684
f 5544/5668/1691 5545/5669/1691 5574/5698/1684 5573/5697/1684
f 5545/5669/1691 5546/5670/1691 5575/5699/1684 5574/5698/1684
f 5546/5670/1691 5547/5671/1691 5576/5700/1684 5575/5699/1684
f 5547/5671/1691 5548/5672/1691 5577/5701/1684 5576/5700/1684
f 5548/5672/1691 5549/5673/1691 5578/5702/1684 5577/5701/1684
f 5549/5673/1691 5550/5674/1691 5579/5703/1684 5578/5702/1684
f 5550/5674/1691 5551/5675/1691 5580/5704/1684 5579/5703/1684
f 5551/5675/1691 5552/5676/1691 5581/5705/1684 5580/5704/1684
f 5552/5676/1691 5553/5677/1691 5582/5706/1684 5581/5705/1684
f 5553/5677/1691 5554/5678/1691 5583/5707/1684 5582/5706/1684
f 5554/5678/1691 5555/5679/1691 5584/5708/1684 5583/5707/1684
f 5555/5679/1691 5556/5680/1691 5585/5709/1684 5584/5708/1684
f 5556/5680/1691 5557/5681/1691 5586/5710/1684 5585/5709/1684
f 5557/5681/1691 5558/5682/1691 5587/5711/1684 5586/5710/1684
f 5558/5682/1691 5559/5683/1691 5588/5712/1684 5587/5711/1684
f 5559/5683/1691 5560/5684/1691 5589/5713/1684 5588/5712/1684
f 5560/5684/1691 5561/5685/1691 5590/5714/1684 5589/5713/1684
f 5561/5685/1691 5562/5686/1691 5591/5715/1684 5590/5714/1684
f 5562/5686/1691 5563/5687/1691 5592/5716/1684 5591/5715/1684
f 5563/5687/1691 5564/5688/1691 5593/5717/1684 5592/5716/1684
f 5564/5688/1691 5565/5689/1691 5594/5718/1684 5593/5717/1684
f 5565/5689/1691 4892/5016/1691 4893/5017/1684 5594/5718/1684
f 2264/2267/1145 5566/5690/1684 5595/5719/1685 2234/2237/1124
f 5566/5690/1684 5567/5691/1684 5596/5720/1685 5595/5719/1685
f 5567/5691/1684 5568/5692/1684 5597/5721/1685 5596/5720/1685
f 5568/5692/1684 5569/5693/1684 5598/5722/1685 5597/5721/1685
f 5569/5693/1684 5570/5694/1684 5599/5723/1685 5598/5722/1685
f 5570/5694/1684 5571/5695/1684 5600/5724/1685 5599/5723/1685
f 5571/5695/1684 5572/5696/1684 5601/5725/1685 5600/5724/1685
f 5572/5696/1684 5573/5697/1684 5602/5726/1685 5601/5725/1685
f 5573/5697/1684 5574/5698/1684 5603/5727/1685 5602/5726/1685
f 5574/5698/1684 5575/5699/1684 5604/5728/1685 5603/5727/1685
f 5575/5699/1684 5576/5700/1684 5605/5729/1685 5604/5728/1685
f 5576/5700/1684 5577/5701/1684 5606/5730/1685 5605/5729/1685
f 5577/5701/1684 5578/5702/1684 5607/5731/1685 5606/5730/1685
f 5578/5702/1684 5579/5703/1684 5608/5732/1685 5607/5731/1685
f 5579/5703/1684 5580/5704/1684 5609/5733/1685 5608/5732/1685
f 5580/5704/1684 5581/5705/1684 5610/5734/1685 5609/5733/1685
f 5581/5705/1684 5582/5706/1684 5611/5735/1685 5610/5734/1685
f 5582/5706/1684 5583/5707/1684 5612/5736/1685 5611/5735/1685
f 5583/5707/1684 5584/5708/1684 5613/5737/1685 5612/5736/1685
f 5584/5708/1684 5585/5709/1684 5614/5738/1685 5613/5737/1685
f 5585/5709/1684 5586/5710/1684 5615/5739/1685 5614/5738/1685
f 5586/5710/1684 5587/5711/1684 5616/5740/1685 5615/5739/1685
f 5587/5711/1684 5588/5712/1684 5617/5741/1685 5616/5740/1685
f 5588/5712/1684 5589/5713/1684 5618/5742/1685 5617/5741/1685
f 5589/5713/1684 5590/5714/1684 5619/5743/1685 5618/5742/1685
f 5590/5714/1684 5591/5715/1684 5620/5744/1685 5619/5743/1685
f 5591/5715/1684 5592/5716/1684 5621/5745/1685 5620/5744/1685
f 5592/5716/1684 5593/5717/1684 5622/5746/1685 5621/5745/1685
f 5593/5717/1684 5594/5718/1684 5623/5747/1685 5622/5746/1685
f 5594/5718/1684 4893/5017/1684 4894/5018/1685 5623/5747/1685
f 2234/2237/1124 5595/5719/1685 5624/5748/1686 2204/2207/1101
f 5595/5719/1685 5596/5720/1685 5625/5749/1686 5624/5748/1686
f 5596/5720/1685 5597/5721/1685 5626/5750/1686 5625/5749/1686
f 5597/5721/1685 5598/5722/1685 5627/5751/1686 5626/5750/1686
f 5598/5722/1685 5599/5723/1685 5628/5752/1686 5627/5751/1686
f 5599/5723/1685 5600/5724/1685 5629/5753/1686 5628/5752/1686
f 5600/5724/1685 5601/5725/1685 5630/5754/1686 5629/5753/1686
f 5601/5725/1685 5602/5726/1685 5631/5755/1686 5630/5754/1686
f 5602/5726/1685 5603/5727/1685 5632/5756/1686 5631/5755/1686
f 5603/5727/1685 5604/5728/1685 5633/5757/1686 5632/5756/1686
f 5604/5728/1685 5605/5729/1685 5634/5758/1686 5633/5757/1686
f 5605/5729/1685 5606/5730/1685 5635/5759/1686 5634/5758/1686
f 5606/5730/1685 5607/5731/1685 5636/5760/1686 5635/5759/1686
f 5607/5731/1685 5608/5732/1685 5637/5761/1686 5636/5760/1686
f 5608/5732/1685 5609/5733/1685 5638/5762/1686 5637/5761/1686
f 5609/5733/1685 5610/5734/1685 5639/5763/1686 5638/5762/1686
f 5610/5734/1685 5611/5735/1685 5640/5764/1686 5639/5763/1686
f 5611/5735/1685 5612/5736/1685 5641/5765/1686 5640/5764/1686
f 5612/5736/1685 5613/5737/1685 5642/5766/1686 5641/5765/1686
f 5613/5737/1685 5614/5738/1685 5643/5767/1686 5642/5766/1686
f 5614/5738/1685 5615/5739/1685 5644/5768/1686 5643/5767/1686
f 5615/5739/1685 5616/5740/1685 5645/5769/1686 5644/5768/1686
f 5616/5740/1685 5617/5741/1685 5646/5770/1686 5645/5769/1686
f 5617/5741/1685 5618/5742/1685 5647/5771/1686 5646/5770/1686
f 5618/5742/1685 5619/5743/1685 5648/5772/1686 5647/5771/1686
f 5619/5743/1685 5620/5744/1685 5649/5773/1686 5648/5772/1686
f 5620/5744/1685 5621/5745/1685 5650/5774/1686 5649/5773/1686
f 5621/5745/1685 5622/5746/1685 5651/5775/1686 5650/5774/1686
f 5622/5746/1685 5623/5747/1685 5652/5776/1686 5651/5775/1686
f 5623/5747/1685 4894/5018/1685 4895/5019/1686 5652/5776/1686
f 2204/2207/1101 5624/5748/1686 5653/5777/1687 2174/2177/1074
f 5624/5748/1686 5625/5749/1686 5654/5778/1687 5653/5777/1687
f 5625/5749/1686 5626/5750/1686 5655/5779/1687 5654/5778/1687
f 5626/5750/1686 5627/5751/1686 5656/5780/1687 5655/5779/1687
f 5627/5751/1686 5628/5752/1686 5657/5781/1687 5656/5780/1687
f 5628/5752/1686 5629/5753/1686 5658/5782/1687 5657/5781/1687
f 5629/5753/1686 5630/5754/1686 5659/5783/1687 5658/5782/1687
f 5630/5754/1686 5631/5755/1686 5660/5784/1687 5659/5783/1687
f 5631/5755/1686 5632/5756/1686 5661/5785/1687 5660/5784/1687
f 5632/5756/1686 5633/5757/1686 5662/5786/1687 5661/5785/1687
f 5633/5757/1686 5634/5758/1686 5663/5787/1687 5662/5786/1687
f 5634/5758/1686 5635/5759/1686 5664/5788/1687 5663/5787/1687
f 5635/5759/1686 5636/5760/1686 5665/5789/1687 5664/5788/1687
f 5636/5760/1686 5637/5761/1686 5666/5790/1687 5665/5789/1687
f 5637/5761/1686 5638/5762/1686 5667/5791/1687 5666/5790/1687
f 5638/5762/1686 5639/5763/1686 5668/5792/1687 5667/5791/1687
f 5639/5763/1686 5640/5764/1686 5669/5793/1687 5668/5792/1687
f 5640/5764/1686 5641/5765/1686 5670/5794/1687 5669/5793/1687
f 5641/5765/1686 5642/5766/1686 5671/5795/1687 5670/5794/1687
f 5642/5766/1686 5643/5767/1686 5672/5796/1687 5671/5795/1687
f 5643/5767/1686 5644/5768/1686 5673/5797/1687 5672/5796/1687
f 5644/5768/1686 5645/5769/1686 5674/5798/1687 5673/5797/1687
f 5645/5769/1686 5646/5770/1686 5675/5799/1687 5674/5798/1687
f 5646/5770/1686 5647/5771/1686 5676/5800/1687 5675/5799/1687
f 5647/5771/1686 5648/5772/1686 5677/5801/1687 5676/5800/1687
f 5648/5772/1686 5649/5773/1686 5678/5802/1687 5677/5801/1687
f 5649/5773/1686 5650/5774/1686 5679/5803/1687 5678/5802/1687
f 5650/5774/1686 5651/5775/1686 5680/5804/1687 5679/5803/1687
f 5651/5775/1686 5652/5776/1686 5681/5805/1687 5680/5804/1687
f 5652/5776/1686 4895/5019/1686 4896/5020/1687 5681/5805/1687
f 2174/2177/1074 5653/5777/1687 5682/5806/1688 2144/2147/1049
f 5653/5777/1687 5654/5778/1687 5683/5807/1688 5682/5806/1688
f 5654/5778/1687 5655/5779/1687 5684/5808/1688 5683/5807/1688
f 5655/5779/1687 5656/5780/1687 5685/5809/1688 5684/5808/1688
f 5656/5780/1687 5657/5781/1687 5686/5810/1688 5685/5809/1688
f 5657/5781/1687 5658/5782/1687 5687/5811/1688 5686/5810/1688
f 5658/5782/1687 5659/5783/1687 5688/5812/1688 5687/5811/1688
f 5659/5783/1687 5660/5784/1687 5689/5813/1688 5688/5812/1688
f 5660/5784/1687 5661/5785/1687 5690/5814/1688 5689/5813/1688
f 5661/5785/1687 5662/5786/1687 5691/5815/1688 5690/5814/1688
f 5662/5786/1687 5663/5787/1687 5692/5816/1688 5691/5815/1688
f 5663/5787/1687 5664/5788/1687 5693/5817/1688 5692/5816/1688
f 5664/5788/1687 5665/5789/1687 5694/5818/1688 5693/5817/1688
f 5665/5789/1687 5666/5790/1687 5695/5819/1688 5694/5818/1688
f 5666/5790/1687 5667/5791/1687 5696/5820/1688 5695/5819/1688
f 5667/5791/1687 5668/5792/1687 5697/5821/1688 5696/5820/1688
f 5668/5792/1687 5669/5793/1687 5698/5822/1688 5697/5821/1688
f 5669/5793/1687 5670/5794/1687 5699/5823/1688 5698/5822/1688
f 5670/5794/1687 5671/5795/1687 5700/5824/1688 5699/5823/1688
f 5671/5795/1687 5672/5796/1687 5701/5825/1688 5700/5824/1688
f 5672/5796/1687 5673/5797/1687 5702/5826/1688 5701/5825/1688
f 5673/5797/1687 5674/5798/1687 5703/5827/1688 5702/5826/1688
f 5674/5798/1687 5675/5799/1687 5704/5828/1688 5703/5827/1688
f 5675/5799/1687 5676/5800/1687 5705/5829/1688 5704/5828/1688
f 5676/5800/1687 5677/5801/1687 5706/5830/1688 5705/5829/1688
f 5677/5801/1687 5678/5802/1687 5707/5831/1688 5706/5830/1688
f 5678/5802/1687 5679/5803/1687 5708/5832/1688 5707/5831/1688
f 5679/5803/1687 5680/5804/1687 5709/5833/1688 5708/5832/1688
f 5680/5804/1687 5681/5805/1687 5710/5834/1688 5709/5833/1688
f 5681/5805/1687 4896/5020/1687 4897/5021/1688 5710/5834/1688
f 2144/2147/1049 5682/5806/1688 5711/5835/1689 2114/2117/1024
f 5682/5806/1688 5683/5807/1688 5712/5836/1689 5711/5835/1689
f 5683/5807/1688 5684/5808/1688 5713/5837/1689 5712/5836/1689
f 5684/5808/1688 5685/5809/1688 5714/5838/1689 5713/5837/1689
f 5685/5809/1688 5686/5810/1688 5715/5839/1689 5714/5838/1689
f 5686/5810/1688 5687/5811/1688 5716/5840/1689 5715/5839/1689
f 5687/5811/1688 5688/5812/1688 5717/5841/1689 5716/5840/1689
f 5688/5812/1688 5689/5813/1688 5718/5842/1689 5717/5841/1689
f 5689/5813/1688 5690/5814/1688 5719/5843/1689 5718/5842/1689
f 5690/5814/1688 5691/5815/1688 5720/5844/1689 5719/5843/1689
f 5691/5815/1688 5692/5816/1688 5721/5845/1689 5720/5844/1689
f 5692/5816/1688 5693/5817/1688 5722/5846/1689 5721/5845/1689
f 5693/5817/1688 5694/5818/1688 5723/5847/1689 5722/5846/1689
f 5694/5818/1688 5695/5819/1688 5724/5848/1689 5723/5847/1689
f 5695/5819/1688 5696/5820/1688 5725/5849/1689 5724/5848/1689
f 5696/5820/1688 5697/5821/1688 5726/5850/1689 5725/5849/1689
f 5697/5821/1688 5698/5822/1688 5727/5851/1689 5726/5850/1689
f 5698/5822/1688 5699/5823/1688 5728/5852/1689 5727/5851/1689
f 5699/5823/1688 5700/5824/1688 5729/5853/1689 5728/5852/1689
f 5700/5824/1688 5701/5825/1688 5730/5854/1689 5729/5853/1689
f 5701/5825/1688 5702/5826/1688 5731/5855/1689 5730/5854/1689
f 5702/5826/1688 5703/5827/1688 5732/5856/1689 5731/5855/1689
f 5703/5827/1688 5704/5828/1688 5733/5857/1689 5732/5856/1689
f 5704/5828/1688 5705/5829/1688 5734/5858/1689 5733/5857/1689
f 5705/5829/1688 5706/5830/1688 5735/5859/1689 5734/5858/1689
f 5706/5830/1688 5707/5831/1688 5736/5860/1689 5735/5859/1689
f 5707/5831/1688 5708/5832/1688 5737/5861/1689 5736/5860/1689
f 5708/5832/1688 5709/5833/1688 5738/5862/1689 5737/5861/1689
f 5709/5833/1688 5710/5834/1688 5739/5863/1689 5738/5862/1689
f 5710/5834/1688 4897/5021/1688 4898/5022/1689 5739/5863/1689
f 2114/2117/1024 5711/5835/1689 5740/5864/1 2084/2087/999
f 5711/5835/1689 5712/5836/1689 5741/5865/1 5740/5864/1
f 5712/5836/1689 5713/5837/1689 5742/5866/1 5741/5865/1
f 5713/5837/1689 5714/5838/1689 5743/5867/1 5742/5866/1
f 5714/5838/1689 5715/5839/1689 5744/5868/1 5743/5867/1
f 5715/5839/1689 5716/5840/1689 5745/5869/1 5744/5868/1
f 5716/5840/1689 5717/5841/1689 5746/5870/1 5745/5869/1
f 5717/5841/1689 5718/5842/1689 5747/5871/1 5746/5870/1
f 5718/5842/1689 5719/5843/1689 5748/5872/1 5747/5871/1
f 5719/5843/1689 5720/5844/1689 5749/5873/1 5748/5872/1
f 5720/5844/1689 5721/5845/1689 5750/5874/1 5749/5873/1
f 5721/5845/1689 5722/5846/1689 5751/5875/1 5750/5874/1
f 5722/5846/1689 5723/5847/1689 5752/5876/1 5751/5875/1
f 5723/5847/1689 5724/5848/1689 5753/5877/1 5752/5876/1
f 5724/5848/1689 5725/5849/1689 5754/5878/1 5753/5877/1
f 5725/5849/1689 5726/5850/1689 5755/5879/1 5754/5878/1
f 5726/5850/1689 5727/5851/1689 5756/5880/1 5755/5879/1
f 5727/5851/1689 5728/5852/1689 5757/5881/1 5756/5880/1
f 5728/5852/1689 5729/5853/1689 5758/5882/1 5757/5881/1
f 5729/5853/1689 5730/5854/1689 5759/5883/1 5758/5882/1
f 5730/5854/1689 5731/5855/1689 5760/5884/1 5759/5883/1
f 5731/5855/1689 5732/5856/1689 5761/5885/1 5760/5884/1
f 5732/5856/1689 5733/5857/1689 5762/5886/1 5761/5885/1
f 5733/5857/1689 5734/5858/1689 5763/5887/1 5762/5886/1
f 5734/5858/1689 5735/5859/1689 5764/5888/1 5763/5887/1
f 5735/5859/1689 5736/5860/1689 5765/5889/1 5764/5888/1
f 5736/5860/1689 5737/5861/1689 5766/5890/1 5765/5889/1
f 5737/5861/1689 5738/5862/1689 5767/5891/1 5766/5890/1
f 5738/5862/1689 5739/5863/1689 5768/5892/1 5767/5891/1
f 5739/5863/1689 4898/5022/1689 1/1/1 5768/5892/1
f 2084/2087/999 5740/5864/1 1966/1969/4 1996/1999/914
f 5740/5864/1 5741/5865/1 1936/1939/906 1966/1969/4
f 5741/5865/1 5742/5866/1 1906/1909/912 1936/1939/906
f 5742/5866/1 5743/5867/1 1876/1879/4 1906/1909/912
f 5743/5867/1 5744/5868/1 1846/1849/906 1876/1879/4
f 5744/5868/1 5745/5869/1 1816/1819/903 1846/1849/906
f 5745/5869/1 5746/5870/1 1786/1789/905 1816/1819/903
f 5746/5870/1 5747/5871/1 1756/1759/905 1786/1789/905
f 5747/5871/1 5748/5872/1 1726/1729/905 1756/1759/905
f 5748/5872/1 5749/5873/1 1696/1699/4 1726/1729/905
f 5749/5873/1 5750/5874/1 1666/1669/4 1696/1699/4
f 5750/5874/1 5751/5875/1 1636/1639/4 1666/1669/4
f 5751/5875/1 5752/5876/1 1606/1609/903 1636/1639/4
f 5752/5876/1 5753/5877/1 1576/1579/903 1606/1609/903
f 5753/5877/1 5754/5878/1 1546/1549/907 1576/1579/903
f 5754/5878/1 5755/5879/1 1516/1519/907 1546/1549/907
f 5755/5879/1 5756/5880/1 1486/1489/905 1516/1519/907
f 5756/5880/1 5757/5881/1 1456/1459/905 1486/1489/905
f 5757/5881/1 5758/5882/1 1426/1429/4 1456/1459/905
f 5758/5882/1 5759/5883/1 1396/1399/907 1426/1429/4
f 5759/5883/1 5760/5884/1 1366/1369/906 1396/1399/907
f 5760/5884/1 5761/5885/1 1336/1339/903 1366/1369/906
f 5761/5885/1 5762/5886/1 1306/1309/905 1336/1339/903
f 5762/5886/1 5763/5887/1 1276/1279/904 1306/1309/905
f 5763/5887/1 5764/5888/1 1246/1249/4 1276/1279/904
f 5764/5888/1 5765/5889/1 1216/1219/903 1246/1249/4
f 5765/5889/1 5766/5890/1 1186/1189/903 1216/1219/903
f 5766/5890/1 5767/5891/1 1156/1159/903 1186/1189/903
f 5767/5891/1 5768/5892/1 1126/1129/4 1156/1159/903
f 5768/5892/1 1/1/1 4/4/4 1126/1129/4
usemtl blank_texture
s off
f 5769/5893/1692 5770/5894/1692 5771/5895/1692 5772/5896/1692
f 5770/5894/1693 5773/5897/1693 5774/5898/1693 5771/5895/1693
f 5773/5897/1694 5775/5899/1694 5776/5900/1694 5774/5898/1694
f 5775/5899/1679 5777/5901/1679 5778/5902/1679 5776/5900/1679
f 5777/5901/1695 5779/5903/1695 5780/5904/1695 5778/5902/1695
f 5771/5905/1696 5774/5906/1696 5776/5907/1696 5778/5908/1696 5780/5909/1696 5781/5910/1696 5772/5911/1696
f 5779/5903/1697 5782/5912/1697 5781/5913/1697 5780/5904/1697
f 5782/5912/1698 5769/5914/1698 5772/5915/1698 5781/5913/1698
f 5769/5916/13 5782/5917/13 5779/5918/13 5777/5919/13 5775/5920/13 5773/5921/13 5770/5922/13
